실행시간,분석모드,구분,결과값
"2026-06-02 19:03:55","KOSPI날씨분석","5도↓",0.0
"2026-06-02 19:03:55","KOSPI날씨분석","5~15도",-0.02
"2026-06-02 19:03:55","KOSPI날씨분석","15~22도",0.0
"2026-06-02 19:03:55","KOSPI날씨분석","22~28도",0.0
"2026-06-02 19:03:55","KOSPI날씨분석","28도↑",0.0
"2026-06-02 19:03:55","KOSPI날씨분석","5도↓",0.0
"2026-06-02 19:03:55","KOSPI날씨분석","5~15도",0.885
"2026-06-02 19:03:55","KOSPI날씨분석","15~22도",0.0
"2026-06-02 19:03:55","KOSPI날씨분석","22~28도",0.0
"2026-06-02 19:03:55","KOSPI날씨분석","28도↑",0.0
"2026-06-02 19:03:55","KOSPI날씨분석","5도↓",0.0
"2026-06-02 19:03:55","KOSPI날씨분석","5~15도",1.2266666666666666
"2026-06-02 19:03:55","KOSPI날씨분석","15~22도",0.0
"2026-06-02 19:03:55","KOSPI날씨분석","22~28도",0.0
"2026-06-02 19:03:55","KOSPI날씨분석","28도↑",0.0
"2026-06-02 19:03:55","KOSPI날씨분석","5도↓",0.0
"2026-06-02 19:03:55","KOSPI날씨분석","5~15도",0.955
"2026-06-02 19:03:55","KOSPI날씨분석","15~22도",0.0
"2026-06-02 19:03:55","KOSPI날씨분석","22~28도",0.0
"2026-06-02 19:03:55","KOSPI날씨분석","28도↑",0.0
"2026-06-02 19:03:55","KOSPI날씨분석","5도↓",0.0
"2026-06-02 19:03:55","KOSPI날씨분석","5~15도",0.9959999999999999
"2026-06-02 19:03:55","KOSPI날씨분석","15~22도",0.0
"2026-06-02 19:03:55","KOSPI날씨분석","22~28도",0.0
"2026-06-02 19:03:55","KOSPI날씨분석","28도↑",0.0
"2026-06-02 19:03:55","KOSPI날씨분석","5도↓",0.0
"2026-06-02 19:03:55","KOSPI날씨분석","5~15도",0.835
"2026-06-02 19:03:55","KOSPI날씨분석","15~22도",0.0
"2026-06-02 19:03:55","KOSPI날씨분석","22~28도",0.0
"2026-06-02 19:03:55","KOSPI날씨분석","28도↑",0.0
"2026-06-02 19:03:55","KOSPI날씨분석","5도↓",0.0
"2026-06-02 19:03:55","KOSPI날씨분석","5~15도",0.6814285714285714
"2026-06-02 19:03:55","KOSPI날씨분석","15~22도",0.0
"2026-06-02 19:03:55","KOSPI날씨분석","22~28도",0.0
"2026-06-02 19:03:55","KOSPI날씨분석","28도↑",0.0
"2026-06-02 19:03:56","KOSPI날씨분석","5도↓",0.0
"2026-06-02 19:03:56","KOSPI날씨분석","5~15도",0.46624999999999994
"2026-06-02 19:03:56","KOSPI날씨분석","15~22도",0.0
"2026-06-02 19:03:56","KOSPI날씨분석","22~28도",0.0
"2026-06-02 19:03:56","KOSPI날씨분석","28도↑",0.0
"2026-06-02 19:03:56","KOSPI날씨분석","5도↓",0.31
"2026-06-02 19:03:56","KOSPI날씨분석","5~15도",0.46624999999999994
"2026-06-02 19:03:56","KOSPI날씨분석","15~22도",0.0
"2026-06-02 19:03:56","KOSPI날씨분석","22~28도",0.0
"2026-06-02 19:03:56","KOSPI날씨분석","28도↑",0.0
"2026-06-02 19:03:56","KOSPI날씨분석","5도↓",0.31
"2026-06-02 19:03:56","KOSPI날씨분석","5~15도",0.41222222222222216
"2026-06-02 19:03:56","KOSPI날씨분석","15~22도",0.0
"2026-06-02 19:03:56","KOSPI날씨분석","22~28도",0.0
"2026-06-02 19:03:56","KOSPI날씨분석","28도↑",0.0
"2026-06-02 19:03:56","KOSPI날씨분석","5도↓",0.31
"2026-06-02 19:03:56","KOSPI날씨분석","5~15도",0.49399999999999994
"2026-06-02 19:03:56","KOSPI날씨분석","15~22도",0.0
"2026-06-02 19:03:56","KOSPI날씨분석","22~28도",0.0
"2026-06-02 19:03:56","KOSPI날씨분석","28도↑",0.0
"2026-06-02 19:03:56","KOSPI날씨분석","5도↓",0.31
"2026-06-02 19:03:56","KOSPI날씨분석","5~15도",0.49399999999999994
"2026-06-02 19:03:56","KOSPI날씨분석","15~22도",-0.16
"2026-06-02 19:03:56","KOSPI날씨분석","22~28도",0.0
"2026-06-02 19:03:56","KOSPI날씨분석","28도↑",0.0
"2026-06-02 19:03:56","KOSPI날씨분석","5도↓",0.31
"2026-06-02 19:03:56","KOSPI날씨분석","5~15도",0.49399999999999994
"2026-06-02 19:03:56","KOSPI날씨분석","15~22도",-0.15000000000000002
"2026-06-02 19:03:56","KOSPI날씨분석","22~28도",0.0
"2026-06-02 19:03:56","KOSPI날씨분석","28도↑",0.0
"2026-06-02 19:03:56","KOSPI날씨분석","5도↓",0.31
"2026-06-02 19:03:56","KOSPI날씨분석","5~15도",0.49399999999999994
"2026-06-02 19:03:56","KOSPI날씨분석","15~22도",-0.12666666666666668
"2026-06-02 19:03:56","KOSPI날씨분석","22~28도",0.0
"2026-06-02 19:03:56","KOSPI날씨분석","28도↑",0.0
"2026-06-02 19:03:56","KOSPI날씨분석","5도↓",0.31
"2026-06-02 19:03:56","KOSPI날씨분석","5~15도",0.49399999999999994
"2026-06-02 19:03:56","KOSPI날씨분석","15~22도",0.19249999999999995
"2026-06-02 19:03:56","KOSPI날씨분석","22~28도",0.0
"2026-06-02 19:03:56","KOSPI날씨분석","28도↑",0.0
"2026-06-02 19:03:56","KOSPI날씨분석","5도↓",0.31
"2026-06-02 19:03:56","KOSPI날씨분석","5~15도",0.49399999999999994
"2026-06-02 19:03:56","KOSPI날씨분석","15~22도",-0.09400000000000004
"2026-06-02 19:03:56","KOSPI날씨분석","22~28도",0.0
"2026-06-02 19:03:56","KOSPI날씨분석","28도↑",0.0
"2026-06-02 19:03:56","KOSPI날씨분석","5도↓",0.31
"2026-06-02 19:03:56","KOSPI날씨분석","5~15도",0.5263636363636363
"2026-06-02 19:03:56","KOSPI날씨분석","15~22도",-0.09400000000000004
"2026-06-02 19:03:56","KOSPI날씨분석","22~28도",0.0
"2026-06-02 19:03:56","KOSPI날씨분석","28도↑",0.0
"2026-06-02 19:03:57","KOSPI날씨분석","5도↓",0.31
"2026-06-02 19:03:57","KOSPI날씨분석","5~15도",0.4183333333333333
"2026-06-02 19:03:57","KOSPI날씨분석","15~22도",-0.09400000000000004
"2026-06-02 19:03:57","KOSPI날씨분석","22~28도",0.0
"2026-06-02 19:03:57","KOSPI날씨분석","28도↑",0.0
"2026-06-02 19:03:57","KOSPI날씨분석","5도↓",0.31
"2026-06-02 19:03:57","KOSPI날씨분석","5~15도",0.19230769230769226
"2026-06-02 19:03:57","KOSPI날씨분석","15~22도",-0.09400000000000004
"2026-06-02 19:03:57","KOSPI날씨분석","22~28도",0.0
"2026-06-02 19:03:57","KOSPI날씨분석","28도↑",0.0
"2026-06-02 19:03:57","KOSPI날씨분석","5도↓",0.31
"2026-06-02 19:03:57","KOSPI날씨분석","5~15도",0.25928571428571423
"2026-06-02 19:03:57","KOSPI날씨분석","15~22도",-0.09400000000000004
"2026-06-02 19:03:57","KOSPI날씨분석","22~28도",0.0
"2026-06-02 19:03:57","KOSPI날씨분석","28도↑",0.0
"2026-06-02 19:03:57","KOSPI날씨분석","5도↓",0.31
"2026-06-02 19:03:57","KOSPI날씨분석","5~15도",0.31599999999999995
"2026-06-02 19:03:57","KOSPI날씨분석","15~22도",-0.09400000000000004
"2026-06-02 19:03:57","KOSPI날씨분석","22~28도",0.0
"2026-06-02 19:03:57","KOSPI날씨분석","28도↑",0.0
"2026-06-02 19:03:57","KOSPI날씨분석","5도↓",0.31
"2026-06-02 19:03:57","KOSPI날씨분석","5~15도",0.365
"2026-06-02 19:03:57","KOSPI날씨분석","15~22도",-0.09400000000000004
"2026-06-02 19:03:57","KOSPI날씨분석","22~28도",0.0
"2026-06-02 19:03:57","KOSPI날씨분석","28도↑",0.0
"2026-06-02 19:03:57","KOSPI날씨분석","5도↓",0.31
"2026-06-02 19:03:57","KOSPI날씨분석","5~15도",0.365
"2026-06-02 19:03:57","KOSPI날씨분석","15~22도",-0.17500000000000004
"2026-06-02 19:03:57","KOSPI날씨분석","22~28도",0.0
"2026-06-02 19:03:57","KOSPI날씨분석","28도↑",0.0
"2026-06-02 19:03:57","KOSPI날씨분석","5도↓",0.31
"2026-06-02 19:03:57","KOSPI날씨분석","5~15도",0.3417647058823529
"2026-06-02 19:03:57","KOSPI날씨분석","15~22도",-0.17500000000000004
"2026-06-02 19:03:57","KOSPI날씨분석","22~28도",0.0
"2026-06-02 19:03:57","KOSPI날씨분석","28도↑",0.0
"2026-06-02 19:03:57","KOSPI날씨분석","5도↓",0.31
"2026-06-02 19:03:57","KOSPI날씨분석","5~15도",0.3417647058823529
"2026-06-02 19:03:57","KOSPI날씨분석","15~22도",-0.04857142857142861
"2026-06-02 19:03:57","KOSPI날씨분석","22~28도",0.0
"2026-06-02 19:03:57","KOSPI날씨분석","28도↑",0.0
"2026-06-02 19:03:57","KOSPI날씨분석","5도↓",0.31
"2026-06-02 19:03:57","KOSPI날씨분석","5~15도",0.3417647058823529
"2026-06-02 19:03:57","KOSPI날씨분석","15~22도",0.0037499999999999617
"2026-06-02 19:03:57","KOSPI날씨분석","22~28도",0.0
"2026-06-02 19:03:57","KOSPI날씨분석","28도↑",0.0
"2026-06-02 19:03:57","KOSPI날씨분석","5도↓",0.31
"2026-06-02 19:03:57","KOSPI날씨분석","5~15도",0.3417647058823529
"2026-06-02 19:03:57","KOSPI날씨분석","15~22도",0.1544444444444444
"2026-06-02 19:03:57","KOSPI날씨분석","22~28도",0.0
"2026-06-02 19:03:57","KOSPI날씨분석","28도↑",0.0
"2026-06-02 19:03:58","KOSPI날씨분석","5도↓",0.31
"2026-06-02 19:03:58","KOSPI날씨분석","5~15도",0.3417647058823529
"2026-06-02 19:03:58","KOSPI날씨분석","15~22도",0.16999999999999998
"2026-06-02 19:03:58","KOSPI날씨분석","22~28도",0.0
"2026-06-02 19:03:58","KOSPI날씨분석","28도↑",0.0
"2026-06-02 19:03:58","KOSPI날씨분석","5도↓",0.31
"2026-06-02 19:03:58","KOSPI날씨분석","5~15도",0.3417647058823529
"2026-06-02 19:03:58","KOSPI날씨분석","15~22도",0.2227272727272727
"2026-06-02 19:03:58","KOSPI날씨분석","22~28도",0.0
"2026-06-02 19:03:58","KOSPI날씨분석","28도↑",0.0
"2026-06-02 19:03:58","KOSPI날씨분석","5도↓",0.31
"2026-06-02 19:03:58","KOSPI날씨분석","5~15도",0.3417647058823529
"2026-06-02 19:03:58","KOSPI날씨분석","15~22도",0.25666666666666665
"2026-06-02 19:03:58","KOSPI날씨분석","22~28도",0.0
"2026-06-02 19:03:58","KOSPI날씨분석","28도↑",0.0
"2026-06-02 19:03:58","KOSPI날씨분석","5도↓",0.31
"2026-06-02 19:03:58","KOSPI날씨분석","5~15도",0.3417647058823529
"2026-06-02 19:03:58","KOSPI날씨분석","15~22도",0.25666666666666665
"2026-06-02 19:03:58","KOSPI날씨분석","22~28도",1.7
"2026-06-02 19:03:58","KOSPI날씨분석","28도↑",0.0
"2026-06-02 19:03:58","KOSPI날씨분석","5도↓",0.31
"2026-06-02 19:03:58","KOSPI날씨분석","5~15도",0.3417647058823529
"2026-06-02 19:03:58","KOSPI날씨분석","15~22도",0.25666666666666665
"2026-06-02 19:03:58","KOSPI날씨분석","22~28도",0.5249999999999999
"2026-06-02 19:03:58","KOSPI날씨분석","28도↑",0.0
"2026-06-02 19:03:58","KOSPI날씨분석","5도↓",0.31
"2026-06-02 19:03:58","KOSPI날씨분석","5~15도",0.3417647058823529
"2026-06-02 19:03:58","KOSPI날씨분석","15~22도",0.25666666666666665
"2026-06-02 19:03:58","KOSPI날씨분석","22~28도",0.35666666666666663
"2026-06-02 19:03:58","KOSPI날씨분석","28도↑",0.0
"2026-06-02 19:03:58","KOSPI날씨분석","5도↓",0.31
"2026-06-02 19:03:58","KOSPI날씨분석","5~15도",0.3417647058823529
"2026-06-02 19:03:58","KOSPI날씨분석","15~22도",0.20999999999999996
"2026-06-02 19:03:58","KOSPI날씨분석","22~28도",0.35666666666666663
"2026-06-02 19:03:58","KOSPI날씨분석","28도↑",0.0
"2026-06-02 19:03:58","KOSPI날씨분석","5도↓",0.31
"2026-06-02 19:03:58","KOSPI날씨분석","5~15도",0.3417647058823529
"2026-06-02 19:03:58","KOSPI날씨분석","15~22도",0.15428571428571428
"2026-06-02 19:03:58","KOSPI날씨분석","22~28도",0.35666666666666663
"2026-06-02 19:03:58","KOSPI날씨분석","28도↑",0.0
"2026-06-02 19:03:58","KOSPI날씨분석","5도↓",0.31
"2026-06-02 19:03:58","KOSPI날씨분석","5~15도",0.3417647058823529
"2026-06-02 19:03:58","KOSPI날씨분석","15~22도",0.1713333333333333
"2026-06-02 19:03:58","KOSPI날씨분석","22~28도",0.35666666666666663
"2026-06-02 19:03:58","KOSPI날씨분석","28도↑",0.0
"2026-06-02 19:03:58","KOSPI날씨분석","5도↓",0.31
"2026-06-02 19:03:58","KOSPI날씨분석","5~15도",0.3417647058823529
"2026-06-02 19:03:58","KOSPI날씨분석","15~22도",0.11499999999999999
"2026-06-02 19:03:58","KOSPI날씨분석","22~28도",0.35666666666666663
"2026-06-02 19:03:58","KOSPI날씨분석","28도↑",0.0
"2026-06-02 19:03:59","KOSPI날씨분석","5도↓",0.31
"2026-06-02 19:03:59","KOSPI날씨분석","5~15도",0.3417647058823529
"2026-06-02 19:03:59","KOSPI날씨분석","15~22도",-0.0911764705882353
"2026-06-02 19:03:59","KOSPI날씨분석","22~28도",0.35666666666666663
"2026-06-02 19:03:59","KOSPI날씨분석","28도↑",0.0
"2026-06-02 19:03:59","KOSPI날씨분석","5도↓",0.31
"2026-06-02 19:03:59","KOSPI날씨분석","5~15도",0.3417647058823529
"2026-06-02 19:03:59","KOSPI날씨분석","15~22도",-0.09444444444444446
"2026-06-02 19:03:59","KOSPI날씨분석","22~28도",0.35666666666666663
"2026-06-02 19:03:59","KOSPI날씨분석","28도↑",0.0
"2026-06-02 19:03:59","KOSPI날씨분석","5도↓",0.31
"2026-06-02 19:03:59","KOSPI날씨분석","5~15도",0.3417647058823529
"2026-06-02 19:03:59","KOSPI날씨분석","15~22도",-0.02842105263157896
"2026-06-02 19:03:59","KOSPI날씨분석","22~28도",0.35666666666666663
"2026-06-02 19:03:59","KOSPI날씨분석","28도↑",0.0
"2026-06-02 19:03:59","KOSPI날씨분석","5도↓",0.31
"2026-06-02 19:03:59","KOSPI날씨분석","5~15도",0.3417647058823529
"2026-06-02 19:03:59","KOSPI날씨분석","15~22도",0.007999999999999985
"2026-06-02 19:03:59","KOSPI날씨분석","22~28도",0.35666666666666663
"2026-06-02 19:03:59","KOSPI날씨분석","28도↑",0.0
"2026-06-02 19:03:59","KOSPI날씨분석","5도↓",0.31
"2026-06-02 19:03:59","KOSPI날씨분석","5~15도",0.3417647058823529
"2026-06-02 19:03:59","KOSPI날씨분석","15~22도",-0.01571428571428573
"2026-06-02 19:03:59","KOSPI날씨분석","22~28도",0.35666666666666663
"2026-06-02 19:03:59","KOSPI날씨분석","28도↑",0.0
"2026-06-02 19:03:59","KOSPI날씨분석","5도↓",0.31
"2026-06-02 19:03:59","KOSPI날씨분석","5~15도",0.3417647058823529
"2026-06-02 19:03:59","KOSPI날씨분석","15~22도",-0.01571428571428573
"2026-06-02 19:03:59","KOSPI날씨분석","22~28도",0.33499999999999996
"2026-06-02 19:03:59","KOSPI날씨분석","28도↑",0.0
"2026-06-02 19:03:59","KOSPI날씨분석","5도↓",0.31
"2026-06-02 19:03:59","KOSPI날씨분석","5~15도",0.3417647058823529
"2026-06-02 19:03:59","KOSPI날씨분석","15~22도",-0.01571428571428573
"2026-06-02 19:03:59","KOSPI날씨분석","22~28도",0.011999999999999966
"2026-06-02 19:03:59","KOSPI날씨분석","28도↑",0.0
"2026-06-02 19:03:59","KOSPI날씨분석","5도↓",0.31
"2026-06-02 19:03:59","KOSPI날씨분석","5~15도",0.3417647058823529
"2026-06-02 19:03:59","KOSPI날씨분석","15~22도",0.051818181818181805
"2026-06-02 19:03:59","KOSPI날씨분석","22~28도",0.011999999999999966
"2026-06-02 19:03:59","KOSPI날씨분석","28도↑",0.0
"2026-06-02 19:03:59","KOSPI날씨분석","5도↓",0.31
"2026-06-02 19:03:59","KOSPI날씨분석","5~15도",0.3417647058823529
"2026-06-02 19:03:59","KOSPI날씨분석","15~22도",0.051818181818181805
"2026-06-02 19:03:59","KOSPI날씨분석","22~28도",0.0016666666666666382
"2026-06-02 19:03:59","KOSPI날씨분석","28도↑",0.0
"2026-06-02 19:03:59","KOSPI날씨분석","5도↓",0.31
"2026-06-02 19:03:59","KOSPI날씨분석","5~15도",0.3417647058823529
"2026-06-02 19:03:59","KOSPI날씨분석","15~22도",0.051818181818181805
"2026-06-02 19:03:59","KOSPI날씨분석","22~28도",-0.0385714285714286
"2026-06-02 19:03:59","KOSPI날씨분석","28도↑",0.0
"2026-06-02 19:04:00","KOSPI날씨분석","5도↓",0.31
"2026-06-02 19:04:00","KOSPI날씨분석","5~15도",0.3417647058823529
"2026-06-02 19:04:00","KOSPI날씨분석","15~22도",0.051818181818181805
"2026-06-02 19:04:00","KOSPI날씨분석","22~28도",0.18249999999999997
"2026-06-02 19:04:00","KOSPI날씨분석","28도↑",0.0
"2026-06-02 19:04:00","KOSPI날씨분석","5도↓",0.31
"2026-06-02 19:04:00","KOSPI날씨분석","5~15도",0.3417647058823529
"2026-06-02 19:04:00","KOSPI날씨분석","15~22도",0.051818181818181805
"2026-06-02 19:04:00","KOSPI날씨분석","22~28도",0.16888888888888887
"2026-06-02 19:04:00","KOSPI날씨분석","28도↑",0.0
"2026-06-02 19:04:00","KOSPI날씨분석","5도↓",0.31
"2026-06-02 19:04:00","KOSPI날씨분석","5~15도",0.3417647058823529
"2026-06-02 19:04:00","KOSPI날씨분석","15~22도",0.051818181818181805
"2026-06-02 19:04:00","KOSPI날씨분석","22~28도",0.21399999999999997
"2026-06-02 19:04:00","KOSPI날씨분석","28도↑",0.0
"2026-06-02 19:04:00","KOSPI날씨분석","5도↓",0.31
"2026-06-02 19:04:00","KOSPI날씨분석","5~15도",0.3417647058823529
"2026-06-02 19:04:00","KOSPI날씨분석","15~22도",0.051818181818181805
"2026-06-02 19:04:00","KOSPI날씨분석","22~28도",0.2236363636363636
"2026-06-02 19:04:00","KOSPI날씨분석","28도↑",0.0
"2026-06-02 19:04:00","KOSPI날씨분석","5도↓",0.31
"2026-06-02 19:04:00","KOSPI날씨분석","5~15도",0.3417647058823529
"2026-06-02 19:04:00","KOSPI날씨분석","15~22도",0.051818181818181805
"2026-06-02 19:04:00","KOSPI날씨분석","22~28도",0.2236363636363636
"2026-06-02 19:04:00","KOSPI날씨분석","28도↑",0.23
"2026-06-02 19:04:00","KOSPI날씨분석","5도↓",0.31
"2026-06-02 19:04:00","KOSPI날씨분석","5~15도",0.3417647058823529
"2026-06-02 19:04:00","KOSPI날씨분석","15~22도",0.051818181818181805
"2026-06-02 19:04:00","KOSPI날씨분석","22~28도",0.16999999999999996
"2026-06-02 19:04:00","KOSPI날씨분석","28도↑",0.23
"2026-06-02 19:04:00","KOSPI날씨분석","5도↓",0.31
"2026-06-02 19:04:00","KOSPI날씨분석","5~15도",0.3417647058823529
"2026-06-02 19:04:00","KOSPI날씨분석","15~22도",0.051818181818181805
"2026-06-02 19:04:00","KOSPI날씨분석","22~28도",0.10923076923076919
"2026-06-02 19:04:00","KOSPI날씨분석","28도↑",0.23
"2026-06-02 19:04:00","KOSPI날씨분석","5도↓",0.31
"2026-06-02 19:04:00","KOSPI날씨분석","5~15도",0.3417647058823529
"2026-06-02 19:04:00","KOSPI날씨분석","15~22도",0.051818181818181805
"2026-06-02 19:04:00","KOSPI날씨분석","22~28도",0.17857142857142855
"2026-06-02 19:04:00","KOSPI날씨분석","28도↑",0.23
"2026-06-02 19:04:00","KOSPI날씨분석","5도↓",0.31
"2026-06-02 19:04:00","KOSPI날씨분석","5~15도",0.3417647058823529
"2026-06-02 19:04:00","KOSPI날씨분석","15~22도",-0.010869565217391314
"2026-06-02 19:04:00","KOSPI날씨분석","22~28도",0.17857142857142855
"2026-06-02 19:04:00","KOSPI날씨분석","28도↑",0.23
"2026-06-02 19:04:00","KOSPI날씨분석","5도↓",0.31
"2026-06-02 19:04:00","KOSPI날씨분석","5~15도",0.3417647058823529
"2026-06-02 19:04:00","KOSPI날씨분석","15~22도",-0.010869565217391314
"2026-06-02 19:04:00","KOSPI날씨분석","22~28도",0.04066666666666664
"2026-06-02 19:04:00","KOSPI날씨분석","28도↑",0.23
"2026-06-02 19:04:01","KOSPI날씨분석","5도↓",0.31
"2026-06-02 19:04:01","KOSPI날씨분석","5~15도",0.3417647058823529
"2026-06-02 19:04:01","KOSPI날씨분석","15~22도",-0.010869565217391314
"2026-06-02 19:04:01","KOSPI날씨분석","22~28도",-0.14937500000000004
"2026-06-02 19:04:01","KOSPI날씨분석","28도↑",0.23
"2026-06-02 19:04:01","KOSPI날씨분석","5도↓",0.31
"2026-06-02 19:04:01","KOSPI날씨분석","5~15도",0.3417647058823529
"2026-06-02 19:04:01","KOSPI날씨분석","15~22도",-0.010869565217391314
"2026-06-02 19:04:01","KOSPI날씨분석","22~28도",-0.14937500000000004
"2026-06-02 19:04:01","KOSPI날씨분석","28도↑",0.925
"2026-06-02 19:04:01","KOSPI날씨분석","5도↓",0.31
"2026-06-02 19:04:01","KOSPI날씨분석","5~15도",0.3417647058823529
"2026-06-02 19:04:01","KOSPI날씨분석","15~22도",-0.010869565217391314
"2026-06-02 19:04:01","KOSPI날씨분석","22~28도",-0.14937500000000004
"2026-06-02 19:04:01","KOSPI날씨분석","28도↑",0.41
"2026-06-02 19:04:01","KOSPI날씨분석","5도↓",0.31
"2026-06-02 19:04:01","KOSPI날씨분석","5~15도",0.3417647058823529
"2026-06-02 19:04:01","KOSPI날씨분석","15~22도",-0.010869565217391314
"2026-06-02 19:04:01","KOSPI날씨분석","22~28도",-0.14937500000000004
"2026-06-02 19:04:01","KOSPI날씨분석","28도↑",0.1175
"2026-06-02 19:04:01","KOSPI날씨분석","5도↓",0.31
"2026-06-02 19:04:01","KOSPI날씨분석","5~15도",0.3417647058823529
"2026-06-02 19:04:01","KOSPI날씨분석","15~22도",-0.010869565217391314
"2026-06-02 19:04:01","KOSPI날씨분석","22~28도",-0.14937500000000004
"2026-06-02 19:04:01","KOSPI날씨분석","28도↑",-0.078
"2026-06-02 19:04:01","KOSPI날씨분석","5도↓",0.31
"2026-06-02 19:04:01","KOSPI날씨분석","5~15도",0.3417647058823529
"2026-06-02 19:04:01","KOSPI날씨분석","15~22도",-0.010869565217391314
"2026-06-02 19:04:01","KOSPI날씨분석","22~28도",-0.14937500000000004
"2026-06-02 19:04:01","KOSPI날씨분석","28도↑",-0.9933333333333333
"2026-06-02 19:04:01","KOSPI날씨분석","5도↓",0.31
"2026-06-02 19:04:01","KOSPI날씨분석","5~15도",0.3417647058823529
"2026-06-02 19:04:01","KOSPI날씨분석","15~22도",-0.010869565217391314
"2026-06-02 19:04:01","KOSPI날씨분석","22~28도",-0.14937500000000004
"2026-06-02 19:04:01","KOSPI날씨분석","28도↑",-0.8142857142857143
"2026-06-02 19:04:01","KOSPI날씨분석","5도↓",0.31
"2026-06-02 19:04:01","KOSPI날씨분석","5~15도",0.3417647058823529
"2026-06-02 19:04:01","KOSPI날씨분석","15~22도",-0.010869565217391314
"2026-06-02 19:04:01","KOSPI날씨분석","22~28도",-0.14937500000000004
"2026-06-02 19:04:01","KOSPI날씨분석","28도↑",-0.93
"2026-06-02 19:04:01","KOSPI날씨분석","5도↓",0.31
"2026-06-02 19:04:01","KOSPI날씨분석","5~15도",0.3417647058823529
"2026-06-02 19:04:01","KOSPI날씨분석","15~22도",-0.010869565217391314
"2026-06-02 19:04:01","KOSPI날씨분석","22~28도",-0.14937500000000004
"2026-06-02 19:04:01","KOSPI날씨분석","28도↑",-0.09333333333333342
"2026-06-02 19:04:01","KOSPI날씨분석","5도↓",0.31
"2026-06-02 19:04:01","KOSPI날씨분석","5~15도",0.3417647058823529
"2026-06-02 19:04:01","KOSPI날씨분석","15~22도",-0.010869565217391314
"2026-06-02 19:04:01","KOSPI날씨분석","22~28도",-0.14937500000000004
"2026-06-02 19:04:01","KOSPI날씨분석","28도↑",-0.13400000000000006
"2026-06-02 19:04:02","KOSPI날씨분석","5도↓",0.31
"2026-06-02 19:04:02","KOSPI날씨분석","5~15도",0.3417647058823529
"2026-06-02 19:04:02","KOSPI날씨분석","15~22도",-0.010869565217391314
"2026-06-02 19:04:02","KOSPI날씨분석","22~28도",-0.08470588235294121
"2026-06-02 19:04:02","KOSPI날씨분석","28도↑",-0.13400000000000006
"2026-06-02 19:04:02","KOSPI날씨분석","5도↓",0.31
"2026-06-02 19:04:02","KOSPI날씨분석","5~15도",0.3417647058823529
"2026-06-02 19:04:02","KOSPI날씨분석","15~22도",-0.010869565217391314
"2026-06-02 19:04:02","KOSPI날씨분석","22~28도",-0.031111111111111145
"2026-06-02 19:04:02","KOSPI날씨분석","28도↑",-0.13400000000000006
"2026-06-02 19:04:02","KOSPI날씨분석","5도↓",0.31
"2026-06-02 19:04:02","KOSPI날씨분석","5~15도",0.3417647058823529
"2026-06-02 19:04:02","KOSPI날씨분석","15~22도",-0.010869565217391314
"2026-06-02 19:04:02","KOSPI날씨분석","22~28도",-0.09315789473684213
"2026-06-02 19:04:02","KOSPI날씨분석","28도↑",-0.13400000000000006
"2026-06-02 19:04:02","KOSPI날씨분석","5도↓",0.31
"2026-06-02 19:04:02","KOSPI날씨분석","5~15도",0.3417647058823529
"2026-06-02 19:04:02","KOSPI날씨분석","15~22도",-0.010869565217391314
"2026-06-02 19:04:02","KOSPI날씨분석","22~28도",-0.04150000000000002
"2026-06-02 19:04:02","KOSPI날씨분석","28도↑",-0.13400000000000006
"2026-06-02 19:04:02","KOSPI날씨분석","5도↓",0.31
"2026-06-02 19:04:02","KOSPI날씨분석","5~15도",0.3417647058823529
"2026-06-02 19:04:02","KOSPI날씨분석","15~22도",-0.010869565217391314
"2026-06-02 19:04:02","KOSPI날씨분석","22~28도",-0.01428571428571431
"2026-06-02 19:04:02","KOSPI날씨분석","28도↑",-0.13400000000000006
"2026-06-02 19:04:02","KOSPI날씨분석","5도↓",0.31
"2026-06-02 19:04:02","KOSPI날씨분석","5~15도",0.3417647058823529
"2026-06-02 19:04:02","KOSPI날씨분석","15~22도",-0.010869565217391314
"2026-06-02 19:04:02","KOSPI날씨분석","22~28도",-0.004545454545454567
"2026-06-02 19:04:02","KOSPI날씨분석","28도↑",-0.13400000000000006
"2026-06-02 19:04:02","KOSPI날씨분석","5도↓",0.31
"2026-06-02 19:04:02","KOSPI날씨분석","5~15도",0.3417647058823529
"2026-06-02 19:04:02","KOSPI날씨분석","15~22도",-0.010869565217391314
"2026-06-02 19:04:02","KOSPI날씨분석","22~28도",-0.004545454545454567
"2026-06-02 19:04:02","KOSPI날씨분석","28도↑",-0.12818181818181826
"2026-06-02 19:04:02","KOSPI날씨분석","5도↓",0.31
"2026-06-02 19:04:02","KOSPI날씨분석","5~15도",0.3417647058823529
"2026-06-02 19:04:02","KOSPI날씨분석","15~22도",-0.010869565217391314
"2026-06-02 19:04:02","KOSPI날씨분석","22~28도",-0.004545454545454567
"2026-06-02 19:04:02","KOSPI날씨분석","28도↑",0.013333333333333272
"2026-06-02 19:04:02","KOSPI날씨분석","5도↓",0.31
"2026-06-02 19:04:02","KOSPI날씨분석","5~15도",0.3417647058823529
"2026-06-02 19:04:02","KOSPI날씨분석","15~22도",-0.010869565217391314
"2026-06-02 19:04:02","KOSPI날씨분석","22~28도",-0.004545454545454567
"2026-06-02 19:04:02","KOSPI날씨분석","28도↑",0.00230769230769225
"2026-06-02 19:04:02","KOSPI날씨분석","5도↓",0.31
"2026-06-02 19:04:02","KOSPI날씨분석","5~15도",0.3417647058823529
"2026-06-02 19:04:02","KOSPI날씨분석","15~22도",-0.010869565217391314
"2026-06-02 19:04:02","KOSPI날씨분석","22~28도",-0.004545454545454567
"2026-06-02 19:04:02","KOSPI날씨분석","28도↑",0.06999999999999994
"2026-06-02 19:04:03","KOSPI날씨분석","5도↓",0.31
"2026-06-02 19:04:03","KOSPI날씨분석","5~15도",0.3417647058823529
"2026-06-02 19:04:03","KOSPI날씨분석","15~22도",-0.010869565217391314
"2026-06-02 19:04:03","KOSPI날씨분석","22~28도",-0.004545454545454567
"2026-06-02 19:04:03","KOSPI날씨분석","28도↑",0.07199999999999994
"2026-06-02 19:04:03","KOSPI날씨분석","5도↓",0.31
"2026-06-02 19:04:03","KOSPI날씨분석","5~15도",0.3417647058823529
"2026-06-02 19:04:03","KOSPI날씨분석","15~22도",-0.010869565217391314
"2026-06-02 19:04:03","KOSPI날씨분석","22~28도",-0.004545454545454567
"2026-06-02 19:04:03","KOSPI날씨분석","28도↑",0.10812499999999994
"2026-06-02 19:04:03","KOSPI날씨분석","5도↓",0.31
"2026-06-02 19:04:03","KOSPI날씨분석","5~15도",0.3417647058823529
"2026-06-02 19:04:03","KOSPI날씨분석","15~22도",-0.010869565217391314
"2026-06-02 19:04:03","KOSPI날씨분석","22~28도",-0.004545454545454567
"2026-06-02 19:04:03","KOSPI날씨분석","28도↑",0.08176470588235288
"2026-06-02 19:04:03","KOSPI날씨분석","5도↓",0.31
"2026-06-02 19:04:03","KOSPI날씨분석","5~15도",0.3417647058823529
"2026-06-02 19:04:03","KOSPI날씨분석","15~22도",-0.010869565217391314
"2026-06-02 19:04:03","KOSPI날씨분석","22~28도",-0.004545454545454567
"2026-06-02 19:04:03","KOSPI날씨분석","28도↑",0.08388888888888883
"2026-06-02 19:04:03","KOSPI날씨분석","5도↓",0.31
"2026-06-02 19:04:03","KOSPI날씨분석","5~15도",0.3417647058823529
"2026-06-02 19:04:03","KOSPI날씨분석","15~22도",-0.010869565217391314
"2026-06-02 19:04:03","KOSPI날씨분석","22~28도",-0.004545454545454567
"2026-06-02 19:04:03","KOSPI날씨분석","28도↑",0.10842105263157888
"2026-06-02 19:04:03","KOSPI날씨분석","5도↓",0.31
"2026-06-02 19:04:03","KOSPI날씨분석","5~15도",0.3417647058823529
"2026-06-02 19:04:03","KOSPI날씨분석","15~22도",-0.010869565217391314
"2026-06-02 19:04:03","KOSPI날씨분석","22~28도",0.005217391304347806
"2026-06-02 19:04:03","KOSPI날씨분석","28도↑",0.10842105263157888
"2026-06-02 19:04:03","KOSPI날씨분석","5도↓",0.31
"2026-06-02 19:04:03","KOSPI날씨분석","5~15도",0.3417647058823529
"2026-06-02 19:04:03","KOSPI날씨분석","15~22도",-0.010869565217391314
"2026-06-02 19:04:03","KOSPI날씨분석","22~28도",0.005217391304347806
"2026-06-02 19:04:03","KOSPI날씨분석","28도↑",0.09849999999999993
"2026-06-02 19:04:03","KOSPI날씨분석","5도↓",0.31
"2026-06-02 19:04:03","KOSPI날씨분석","5~15도",0.3417647058823529
"2026-06-02 19:04:03","KOSPI날씨분석","15~22도",-0.010869565217391314
"2026-06-02 19:04:03","KOSPI날씨분석","22~28도",0.05374999999999997
"2026-06-02 19:04:03","KOSPI날씨분석","28도↑",0.09849999999999993
"2026-06-02 19:04:03","KOSPI날씨분석","5도↓",0.31
"2026-06-02 19:04:03","KOSPI날씨분석","5~15도",0.3417647058823529
"2026-06-02 19:04:03","KOSPI날씨분석","15~22도",-0.010869565217391314
"2026-06-02 19:04:03","KOSPI날씨분석","22~28도",0.053199999999999976
"2026-06-02 19:04:03","KOSPI날씨분석","28도↑",0.09849999999999993
"2026-06-02 19:04:03","KOSPI날씨분석","5도↓",0.31
"2026-06-02 19:04:03","KOSPI날씨분석","5~15도",0.3417647058823529
"2026-06-02 19:04:03","KOSPI날씨분석","15~22도",-0.010869565217391314
"2026-06-02 19:04:03","KOSPI날씨분석","22~28도",0.053199999999999976
"2026-06-02 19:04:03","KOSPI날씨분석","28도↑",0.1523809523809523
"2026-06-02 19:04:04","KOSPI날씨분석","5도↓",0.31
"2026-06-02 19:04:04","KOSPI날씨분석","5~15도",0.3417647058823529
"2026-06-02 19:04:04","KOSPI날씨분석","15~22도",-0.010869565217391314
"2026-06-02 19:04:04","KOSPI날씨분석","22~28도",0.023076923076923054
"2026-06-02 19:04:04","KOSPI날씨분석","28도↑",0.1523809523809523
"2026-06-02 19:04:04","KOSPI날씨분석","5도↓",0.31
"2026-06-02 19:04:04","KOSPI날씨분석","5~15도",0.3417647058823529
"2026-06-02 19:04:04","KOSPI날씨분석","15~22도",-0.010869565217391314
"2026-06-02 19:04:04","KOSPI날씨분석","22~28도",0.029999999999999978
"2026-06-02 19:04:04","KOSPI날씨분석","28도↑",0.1523809523809523
"2026-06-02 19:04:04","KOSPI날씨분석","5도↓",0.31
"2026-06-02 19:04:04","KOSPI날씨분석","5~15도",0.3417647058823529
"2026-06-02 19:04:04","KOSPI날씨분석","15~22도",-0.010869565217391314
"2026-06-02 19:04:04","KOSPI날씨분석","22~28도",0.029999999999999978
"2026-06-02 19:04:04","KOSPI날씨분석","28도↑",0.10499999999999993
"2026-06-02 19:04:04","KOSPI날씨분석","5도↓",0.31
"2026-06-02 19:04:04","KOSPI날씨분석","5~15도",0.3417647058823529
"2026-06-02 19:04:04","KOSPI날씨분석","15~22도",-0.010869565217391314
"2026-06-02 19:04:04","KOSPI날씨분석","22~28도",0.029999999999999978
"2026-06-02 19:04:04","KOSPI날씨분석","28도↑",0.09782608695652166
"2026-06-02 19:04:04","KOSPI날씨분석","5도↓",0.31
"2026-06-02 19:04:04","KOSPI날씨분석","5~15도",0.3417647058823529
"2026-06-02 19:04:04","KOSPI날씨분석","15~22도",-0.010869565217391314
"2026-06-02 19:04:04","KOSPI날씨분석","22~28도",0.029999999999999978
"2026-06-02 19:04:04","KOSPI날씨분석","28도↑",0.1316666666666666
"2026-06-02 19:04:04","KOSPI날씨분석","5도↓",0.31
"2026-06-02 19:04:04","KOSPI날씨분석","5~15도",0.3417647058823529
"2026-06-02 19:04:04","KOSPI날씨분석","15~22도",-0.010869565217391314
"2026-06-02 19:04:04","KOSPI날씨분석","22~28도",0.029999999999999978
"2026-06-02 19:04:04","KOSPI날씨분석","28도↑",0.07759999999999993
"2026-06-02 19:04:04","KOSPI날씨분석","5도↓",0.31
"2026-06-02 19:04:04","KOSPI날씨분석","5~15도",0.3417647058823529
"2026-06-02 19:04:04","KOSPI날씨분석","15~22도",-0.010869565217391314
"2026-06-02 19:04:04","KOSPI날씨분석","22~28도",0.029999999999999978
"2026-06-02 19:04:04","KOSPI날씨분석","28도↑",0.07230769230769224
"2026-06-02 19:04:04","KOSPI날씨분석","5도↓",0.31
"2026-06-02 19:04:04","KOSPI날씨분석","5~15도",0.3417647058823529
"2026-06-02 19:04:04","KOSPI날씨분석","15~22도",-0.010869565217391314
"2026-06-02 19:04:04","KOSPI날씨분석","22~28도",0.029999999999999978
"2026-06-02 19:04:04","KOSPI날씨분석","28도↑",0.1444444444444444
"2026-06-02 19:04:04","KOSPI날씨분석","5도↓",0.31
"2026-06-02 19:04:04","KOSPI날씨분석","5~15도",0.3417647058823529
"2026-06-02 19:04:04","KOSPI날씨분석","15~22도",-0.010869565217391314
"2026-06-02 19:04:04","KOSPI날씨분석","22~28도",0.029999999999999978
"2026-06-02 19:04:04","KOSPI날씨분석","28도↑",0.1296428571428571
"2026-06-02 19:04:04","KOSPI날씨분석","5도↓",0.31
"2026-06-02 19:04:04","KOSPI날씨분석","5~15도",0.3417647058823529
"2026-06-02 19:04:04","KOSPI날씨분석","15~22도",-0.010869565217391314
"2026-06-02 19:04:04","KOSPI날씨분석","22~28도",0.07357142857142855
"2026-06-02 19:04:04","KOSPI날씨분석","28도↑",0.1296428571428571
"2026-06-02 19:04:05","KOSPI날씨분석","5도↓",0.31
"2026-06-02 19:04:05","KOSPI날씨분석","5~15도",0.3417647058823529
"2026-06-02 19:04:05","KOSPI날씨분석","15~22도",-0.010869565217391314
"2026-06-02 19:04:05","KOSPI날씨분석","22~28도",0.1362068965517241
"2026-06-02 19:04:05","KOSPI날씨분석","28도↑",0.1296428571428571
"2026-06-02 19:04:05","KOSPI날씨분석","5도↓",0.31
"2026-06-02 19:04:05","KOSPI날씨분석","5~15도",0.3417647058823529
"2026-06-02 19:04:05","KOSPI날씨분석","15~22도",-0.010869565217391314
"2026-06-02 19:04:05","KOSPI날씨분석","22~28도",0.1362068965517241
"2026-06-02 19:04:05","KOSPI날씨분석","28도↑",0.0962068965517241
"2026-06-02 19:04:05","KOSPI날씨분석","5도↓",0.31
"2026-06-02 19:04:05","KOSPI날씨분석","5~15도",0.3417647058823529
"2026-06-02 19:04:05","KOSPI날씨분석","15~22도",-0.010869565217391314
"2026-06-02 19:04:05","KOSPI날씨분석","22~28도",0.1362068965517241
"2026-06-02 19:04:05","KOSPI날씨분석","28도↑",0.09466666666666662
"2026-06-02 19:04:05","KOSPI날씨분석","5도↓",0.31
"2026-06-02 19:04:05","KOSPI날씨분석","5~15도",0.3417647058823529
"2026-06-02 19:04:05","KOSPI날씨분석","15~22도",-0.010869565217391314
"2026-06-02 19:04:05","KOSPI날씨분석","22~28도",0.22033333333333333
"2026-06-02 19:04:05","KOSPI날씨분석","28도↑",0.09466666666666662
"2026-06-02 19:04:05","KOSPI날씨분석","5도↓",0.31
"2026-06-02 19:04:05","KOSPI날씨분석","5~15도",0.3417647058823529
"2026-06-02 19:04:05","KOSPI날씨분석","15~22도",-0.010869565217391314
"2026-06-02 19:04:05","KOSPI날씨분석","22~28도",0.26129032258064516
"2026-06-02 19:04:05","KOSPI날씨분석","28도↑",0.09466666666666662
"2026-06-02 19:04:05","KOSPI날씨분석","5도↓",0.31
"2026-06-02 19:04:05","KOSPI날씨분석","5~15도",0.3417647058823529
"2026-06-02 19:04:05","KOSPI날씨분석","15~22도",-0.010869565217391314
"2026-06-02 19:04:05","KOSPI날씨분석","22~28도",0.3015625
"2026-06-02 19:04:05","KOSPI날씨분석","28도↑",0.09466666666666662
"2026-06-02 19:04:05","KOSPI날씨분석","5도↓",0.31
"2026-06-02 19:04:05","KOSPI날씨분석","5~15도",0.3417647058823529
"2026-06-02 19:04:05","KOSPI날씨분석","15~22도",-0.010869565217391314
"2026-06-02 19:04:05","KOSPI날씨분석","22~28도",0.30939393939393944
"2026-06-02 19:04:05","KOSPI날씨분석","28도↑",0.09466666666666662
"2026-06-02 19:04:05","KOSPI날씨분석","5도↓",0.31
"2026-06-02 19:04:05","KOSPI날씨분석","5~15도",0.3417647058823529
"2026-06-02 19:04:05","KOSPI날씨분석","15~22도",-0.010869565217391314
"2026-06-02 19:04:05","KOSPI날씨분석","22~28도",0.33647058823529413
"2026-06-02 19:04:05","KOSPI날씨분석","28도↑",0.09466666666666662
"2026-06-02 19:04:05","KOSPI날씨분석","5도↓",0.31
"2026-06-02 19:04:05","KOSPI날씨분석","5~15도",0.3417647058823529
"2026-06-02 19:04:05","KOSPI날씨분석","15~22도",-0.010869565217391314
"2026-06-02 19:04:05","KOSPI날씨분석","22~28도",0.33971428571428575
"2026-06-02 19:04:05","KOSPI날씨분석","28도↑",0.09466666666666662
"2026-06-02 19:04:05","KOSPI날씨분석","5도↓",0.31
"2026-06-02 19:04:05","KOSPI날씨분석","5~15도",0.3417647058823529
"2026-06-02 19:04:05","KOSPI날씨분석","15~22도",-0.010869565217391314
"2026-06-02 19:04:05","KOSPI날씨분석","22~28도",0.30611111111111117
"2026-06-02 19:04:05","KOSPI날씨분석","28도↑",0.09466666666666662
"2026-06-02 19:04:06","KOSPI날씨분석","5도↓",0.31
"2026-06-02 19:04:06","KOSPI날씨분석","5~15도",0.3417647058823529
"2026-06-02 19:04:06","KOSPI날씨분석","15~22도",-0.010869565217391314
"2026-06-02 19:04:06","KOSPI날씨분석","22~28도",0.34648648648648656
"2026-06-02 19:04:06","KOSPI날씨분석","28도↑",0.09466666666666662
"2026-06-02 19:04:06","KOSPI날씨분석","5도↓",0.31
"2026-06-02 19:04:06","KOSPI날씨분석","5~15도",0.3417647058823529
"2026-06-02 19:04:06","KOSPI날씨분석","15~22도",-0.010869565217391314
"2026-06-02 19:04:06","KOSPI날씨분석","22~28도",0.34052631578947373
"2026-06-02 19:04:06","KOSPI날씨분석","28도↑",0.09466666666666662
"2026-06-02 19:04:06","KOSPI날씨분석","5도↓",0.31
"2026-06-02 19:04:06","KOSPI날씨분석","5~15도",0.3417647058823529
"2026-06-02 19:04:06","KOSPI날씨분석","15~22도",-0.010869565217391314
"2026-06-02 19:04:06","KOSPI날씨분석","22~28도",0.35076923076923083
"2026-06-02 19:04:06","KOSPI날씨분석","28도↑",0.09466666666666662
"2026-06-02 19:04:06","KOSPI날씨분석","5도↓",0.31
"2026-06-02 19:04:06","KOSPI날씨분석","5~15도",0.3417647058823529
"2026-06-02 19:04:06","KOSPI날씨분석","15~22도",-0.010869565217391314
"2026-06-02 19:04:06","KOSPI날씨분석","22~28도",0.34675
"2026-06-02 19:04:06","KOSPI날씨분석","28도↑",0.09466666666666662
"2026-06-02 19:04:06","KOSPI날씨분석","5도↓",0.31
"2026-06-02 19:04:06","KOSPI날씨분석","5~15도",0.3417647058823529
"2026-06-02 19:04:06","KOSPI날씨분석","15~22도",-0.010869565217391314
"2026-06-02 19:04:06","KOSPI날씨분석","22~28도",0.3743902439024391
"2026-06-02 19:04:06","KOSPI날씨분석","28도↑",0.09466666666666662
"2026-06-02 19:04:06","KOSPI날씨분석","5도↓",0.31
"2026-06-02 19:04:06","KOSPI날씨분석","5~15도",0.3417647058823529
"2026-06-02 19:04:06","KOSPI날씨분석","15~22도",-0.020416666666666677
"2026-06-02 19:04:06","KOSPI날씨분석","22~28도",0.3743902439024391
"2026-06-02 19:04:06","KOSPI날씨분석","28도↑",0.09466666666666662
"2026-06-02 19:04:06","KOSPI날씨분석","5도↓",0.31
"2026-06-02 19:04:06","KOSPI날씨분석","5~15도",0.3417647058823529
"2026-06-02 19:04:06","KOSPI날씨분석","15~22도",0.09879999999999999
"2026-06-02 19:04:06","KOSPI날씨분석","22~28도",0.3743902439024391
"2026-06-02 19:04:06","KOSPI날씨분석","28도↑",0.09466666666666662
"2026-06-02 19:04:06","KOSPI날씨분석","5도↓",0.31
"2026-06-02 19:04:06","KOSPI날씨분석","5~15도",0.3417647058823529
"2026-06-02 19:04:06","KOSPI날씨분석","15~22도",0.09879999999999999
"2026-06-02 19:04:06","KOSPI날씨분석","22~28도",0.36904761904761907
"2026-06-02 19:04:06","KOSPI날씨분석","28도↑",0.09466666666666662
"2026-06-02 19:04:06","KOSPI날씨분석","5도↓",0.31
"2026-06-02 19:04:06","KOSPI날씨분석","5~15도",0.3417647058823529
"2026-06-02 19:04:06","KOSPI날씨분석","15~22도",0.05961538461538461
"2026-06-02 19:04:06","KOSPI날씨분석","22~28도",0.36904761904761907
"2026-06-02 19:04:06","KOSPI날씨분석","28도↑",0.09466666666666662
"2026-06-02 19:04:06","KOSPI날씨분석","5도↓",0.31
"2026-06-02 19:04:06","KOSPI날씨분석","5~15도",0.3417647058823529
"2026-06-02 19:04:06","KOSPI날씨분석","15~22도",0.05961538461538461
"2026-06-02 19:04:06","KOSPI날씨분석","22~28도",0.3425581395348838
"2026-06-02 19:04:06","KOSPI날씨분석","28도↑",0.09466666666666662
"2026-06-02 19:04:07","KOSPI날씨분석","5도↓",0.31
"2026-06-02 19:04:07","KOSPI날씨분석","5~15도",0.3417647058823529
"2026-06-02 19:04:07","KOSPI날씨분석","15~22도",0.07666666666666666
"2026-06-02 19:04:07","KOSPI날씨분석","22~28도",0.3425581395348838
"2026-06-02 19:04:07","KOSPI날씨분석","28도↑",0.09466666666666662
"2026-06-02 19:04:07","KOSPI날씨분석","5도↓",0.31
"2026-06-02 19:04:07","KOSPI날씨분석","5~15도",0.3417647058823529
"2026-06-02 19:04:07","KOSPI날씨분석","15~22도",0.09464285714285714
"2026-06-02 19:04:07","KOSPI날씨분석","22~28도",0.3425581395348838
"2026-06-02 19:04:07","KOSPI날씨분석","28도↑",0.09466666666666662
"2026-06-02 19:04:07","KOSPI날씨분석","5도↓",0.31
"2026-06-02 19:04:07","KOSPI날씨분석","5~15도",0.3417647058823529
"2026-06-02 19:04:07","KOSPI날씨분석","15~22도",0.07517241379310344
"2026-06-02 19:04:07","KOSPI날씨분석","22~28도",0.3425581395348838
"2026-06-02 19:04:07","KOSPI날씨분석","28도↑",0.09466666666666662
"2026-06-02 19:04:07","KOSPI날씨분석","5도↓",0.31
"2026-06-02 19:04:07","KOSPI날씨분석","5~15도",0.3417647058823529
"2026-06-02 19:04:07","KOSPI날씨분석","15~22도",0.11733333333333332
"2026-06-02 19:04:07","KOSPI날씨분석","22~28도",0.3425581395348838
"2026-06-02 19:04:07","KOSPI날씨분석","28도↑",0.09466666666666662
"2026-06-02 19:04:07","KOSPI날씨분석","5도↓",0.31
"2026-06-02 19:04:07","KOSPI날씨분석","5~15도",0.3417647058823529
"2026-06-02 19:04:07","KOSPI날씨분석","15~22도",0.049354838709677405
"2026-06-02 19:04:07","KOSPI날씨분석","22~28도",0.3425581395348838
"2026-06-02 19:04:07","KOSPI날씨분석","28도↑",0.09466666666666662
"2026-06-02 19:04:07","KOSPI날씨분석","5도↓",0.31
"2026-06-02 19:04:07","KOSPI날씨분석","5~15도",0.3417647058823529
"2026-06-02 19:04:07","KOSPI날씨분석","15~22도",0.053124999999999985
"2026-06-02 19:04:07","KOSPI날씨분석","22~28도",0.3425581395348838
"2026-06-02 19:04:07","KOSPI날씨분석","28도↑",0.09466666666666662
"2026-06-02 19:04:07","KOSPI날씨분석","5도↓",0.31
"2026-06-02 19:04:07","KOSPI날씨분석","5~15도",0.3417647058823529
"2026-06-02 19:04:07","KOSPI날씨분석","15~22도",0.10636363636363635
"2026-06-02 19:04:07","KOSPI날씨분석","22~28도",0.3425581395348838
"2026-06-02 19:04:07","KOSPI날씨분석","28도↑",0.09466666666666662
"2026-06-02 19:04:07","KOSPI날씨분석","5도↓",0.31
"2026-06-02 19:04:07","KOSPI날씨분석","5~15도",0.3417647058823529
"2026-06-02 19:04:07","KOSPI날씨분석","15~22도",0.12088235294117645
"2026-06-02 19:04:07","KOSPI날씨분석","22~28도",0.3425581395348838
"2026-06-02 19:04:07","KOSPI날씨분석","28도↑",0.09466666666666662
"2026-06-02 19:04:07","KOSPI날씨분석","5도↓",0.31
"2026-06-02 19:04:07","KOSPI날씨분석","5~15도",0.3417647058823529
"2026-06-02 19:04:07","KOSPI날씨분석","15~22도",0.16257142857142856
"2026-06-02 19:04:07","KOSPI날씨분석","22~28도",0.3425581395348838
"2026-06-02 19:04:07","KOSPI날씨분석","28도↑",0.09466666666666662
"2026-06-02 19:04:07","KOSPI날씨분석","5도↓",0.31
"2026-06-02 19:04:07","KOSPI날씨분석","5~15도",0.3417647058823529
"2026-06-02 19:04:07","KOSPI날씨분석","15~22도",0.15166666666666664
"2026-06-02 19:04:07","KOSPI날씨분석","22~28도",0.3425581395348838
"2026-06-02 19:04:07","KOSPI날씨분석","28도↑",0.09466666666666662
"2026-06-02 19:04:08","KOSPI날씨분석","5도↓",0.31
"2026-06-02 19:04:08","KOSPI날씨분석","5~15도",0.3417647058823529
"2026-06-02 19:04:08","KOSPI날씨분석","15~22도",0.16999999999999998
"2026-06-02 19:04:08","KOSPI날씨분석","22~28도",0.3425581395348838
"2026-06-02 19:04:08","KOSPI날씨분석","28도↑",0.09466666666666662
"2026-06-02 19:04:08","KOSPI날씨분석","5도↓",0.31
"2026-06-02 19:04:08","KOSPI날씨분석","5~15도",0.3417647058823529
"2026-06-02 19:04:08","KOSPI날씨분석","15~22도",0.1763157894736842
"2026-06-02 19:04:08","KOSPI날씨분석","22~28도",0.3425581395348838
"2026-06-02 19:04:08","KOSPI날씨분석","28도↑",0.09466666666666662
"2026-06-02 19:04:08","KOSPI날씨분석","5도↓",0.31
"2026-06-02 19:04:08","KOSPI날씨분석","5~15도",0.3417647058823529
"2026-06-02 19:04:08","KOSPI날씨분석","15~22도",0.1487179487179487
"2026-06-02 19:04:08","KOSPI날씨분석","22~28도",0.3425581395348838
"2026-06-02 19:04:08","KOSPI날씨분석","28도↑",0.09466666666666662
"2026-06-02 19:04:08","KOSPI날씨분석","5도↓",0.31
"2026-06-02 19:04:08","KOSPI날씨분석","5~15도",0.3417647058823529
"2026-06-02 19:04:08","KOSPI날씨분석","15~22도",0.14975
"2026-06-02 19:04:08","KOSPI날씨분석","22~28도",0.3425581395348838
"2026-06-02 19:04:08","KOSPI날씨분석","28도↑",0.09466666666666662
"2026-06-02 19:04:08","KOSPI날씨분석","5도↓",0.31
"2026-06-02 19:04:08","KOSPI날씨분석","5~15도",0.3417647058823529
"2026-06-02 19:04:08","KOSPI날씨분석","15~22도",0.14292682926829267
"2026-06-02 19:04:08","KOSPI날씨분석","22~28도",0.3425581395348838
"2026-06-02 19:04:08","KOSPI날씨분석","28도↑",0.09466666666666662
"2026-06-02 19:04:08","KOSPI날씨분석","5도↓",0.31
"2026-06-02 19:04:08","KOSPI날씨분석","5~15도",0.3622222222222222
"2026-06-02 19:04:08","KOSPI날씨분석","15~22도",0.14292682926829267
"2026-06-02 19:04:08","KOSPI날씨분석","22~28도",0.3425581395348838
"2026-06-02 19:04:08","KOSPI날씨분석","28도↑",0.09466666666666662
"2026-06-02 19:04:08","KOSPI날씨분석","5도↓",0.31
"2026-06-02 19:04:08","KOSPI날씨분석","5~15도",0.27631578947368424
"2026-06-02 19:04:08","KOSPI날씨분석","15~22도",0.14292682926829267
"2026-06-02 19:04:08","KOSPI날씨분석","22~28도",0.3425581395348838
"2026-06-02 19:04:08","KOSPI날씨분석","28도↑",0.09466666666666662
"2026-06-02 19:04:08","KOSPI날씨분석","5도↓",0.31
"2026-06-02 19:04:08","KOSPI날씨분석","5~15도",0.28450000000000003
"2026-06-02 19:04:08","KOSPI날씨분석","15~22도",0.14292682926829267
"2026-06-02 19:04:08","KOSPI날씨분석","22~28도",0.3425581395348838
"2026-06-02 19:04:08","KOSPI날씨분석","28도↑",0.09466666666666662
"2026-06-02 19:04:08","KOSPI날씨분석","5도↓",0.31
"2026-06-02 19:04:08","KOSPI날씨분석","5~15도",0.28095238095238095
"2026-06-02 19:04:08","KOSPI날씨분석","15~22도",0.14292682926829267
"2026-06-02 19:04:08","KOSPI날씨분석","22~28도",0.3425581395348838
"2026-06-02 19:04:08","KOSPI날씨분석","28도↑",0.09466666666666662
"2026-06-02 19:04:09","KOSPI날씨분석","5도↓",0.31
"2026-06-02 19:04:09","KOSPI날씨분석","5~15도",0.27636363636363637
"2026-06-02 19:04:09","KOSPI날씨분석","15~22도",0.14292682926829267
"2026-06-02 19:04:09","KOSPI날씨분석","22~28도",0.3425581395348838
"2026-06-02 19:04:09","KOSPI날씨분석","28도↑",0.09466666666666662
"2026-06-02 19:04:09","KOSPI날씨분석","5도↓",0.31
"2026-06-02 19:04:09","KOSPI날씨분석","5~15도",0.2826086956521739
"2026-06-02 19:04:09","KOSPI날씨분석","15~22도",0.14292682926829267
"2026-06-02 19:04:09","KOSPI날씨분석","22~28도",0.3425581395348838
"2026-06-02 19:04:09","KOSPI날씨분석","28도↑",0.09466666666666662
"2026-06-02 19:04:09","KOSPI날씨분석","5도↓",0.31
"2026-06-02 19:04:09","KOSPI날씨분석","5~15도",0.29833333333333334
"2026-06-02 19:04:09","KOSPI날씨분석","15~22도",0.14292682926829267
"2026-06-02 19:04:09","KOSPI날씨분석","22~28도",0.3425581395348838
"2026-06-02 19:04:09","KOSPI날씨분석","28도↑",0.09466666666666662
"2026-06-02 19:04:09","KOSPI날씨분석","5도↓",0.31
"2026-06-02 19:04:09","KOSPI날씨분석","5~15도",0.316
"2026-06-02 19:04:09","KOSPI날씨분석","15~22도",0.14292682926829267
"2026-06-02 19:04:09","KOSPI날씨분석","22~28도",0.3425581395348838
"2026-06-02 19:04:09","KOSPI날씨분석","28도↑",0.09466666666666662
"2026-06-02 19:04:09","KOSPI날씨분석","5도↓",0.31
"2026-06-02 19:04:09","KOSPI날씨분석","5~15도",0.29307692307692307
"2026-06-02 19:04:09","KOSPI날씨분석","15~22도",0.14292682926829267
"2026-06-02 19:04:09","KOSPI날씨분석","22~28도",0.3425581395348838
"2026-06-02 19:04:09","KOSPI날씨분석","28도↑",0.09466666666666662
"2026-06-02 19:04:09","KOSPI날씨분석","5도↓",0.31
"2026-06-02 19:04:09","KOSPI날씨분석","5~15도",0.1385185185185185
"2026-06-02 19:04:09","KOSPI날씨분석","15~22도",0.14292682926829267
"2026-06-02 19:04:09","KOSPI날씨분석","22~28도",0.3425581395348838
"2026-06-02 19:04:09","KOSPI날씨분석","28도↑",0.09466666666666662
"2026-06-02 19:04:09","KOSPI날씨분석","5도↓",0.31
"2026-06-02 19:04:09","KOSPI날씨분석","5~15도",0.1660714285714286
"2026-06-02 19:04:09","KOSPI날씨분석","15~22도",0.14292682926829267
"2026-06-02 19:04:09","KOSPI날씨분석","22~28도",0.3425581395348838
"2026-06-02 19:04:09","KOSPI날씨분석","28도↑",0.09466666666666662
"2026-06-02 19:04:09","KOSPI날씨분석","5도↓",0.31
"2026-06-02 19:04:09","KOSPI날씨분석","5~15도",0.21551724137931033
"2026-06-02 19:04:09","KOSPI날씨분석","15~22도",0.14292682926829267
"2026-06-02 19:04:09","KOSPI날씨분석","22~28도",0.3425581395348838
"2026-06-02 19:04:09","KOSPI날씨분석","28도↑",0.09466666666666662
"2026-06-02 19:04:09","KOSPI날씨분석","5도↓",0.31
"2026-06-02 19:04:09","KOSPI날씨분석","5~15도",0.20833333333333334
"2026-06-02 19:04:09","KOSPI날씨분석","15~22도",0.14292682926829267
"2026-06-02 19:04:09","KOSPI날씨분석","22~28도",0.3425581395348838
"2026-06-02 19:04:09","KOSPI날씨분석","28도↑",0.09466666666666662
"2026-06-02 19:04:09","KOSPI날씨분석","5도↓",0.31
"2026-06-02 19:04:09","KOSPI날씨분석","5~15도",0.23129032258064516
"2026-06-02 19:04:09","KOSPI날씨분석","15~22도",0.14292682926829267
"2026-06-02 19:04:09","KOSPI날씨분석","22~28도",0.3425581395348838
"2026-06-02 19:04:09","KOSPI날씨분석","28도↑",0.09466666666666662
"2026-06-02 19:04:10","KOSPI날씨분석","5도↓",0.31
"2026-06-02 19:04:10","KOSPI날씨분석","5~15도",0.206875
"2026-06-02 19:04:10","KOSPI날씨분석","15~22도",0.14292682926829267
"2026-06-02 19:04:10","KOSPI날씨분석","22~28도",0.3425581395348838
"2026-06-02 19:04:10","KOSPI날씨분석","28도↑",0.09466666666666662
"2026-06-02 19:04:10","KOSPI날씨분석","5도↓",0.31
"2026-06-02 19:04:10","KOSPI날씨분석","5~15도",0.1975757575757576
"2026-06-02 19:04:10","KOSPI날씨분석","15~22도",0.14292682926829267
"2026-06-02 19:04:10","KOSPI날씨분석","22~28도",0.3425581395348838
"2026-06-02 19:04:10","KOSPI날씨분석","28도↑",0.09466666666666662
"2026-06-02 19:04:10","KOSPI날씨분석","5도↓",0.31
"2026-06-02 19:04:10","KOSPI날씨분석","5~15도",0.1761764705882353
"2026-06-02 19:04:10","KOSPI날씨분석","15~22도",0.14292682926829267
"2026-06-02 19:04:10","KOSPI날씨분석","22~28도",0.3425581395348838
"2026-06-02 19:04:10","KOSPI날씨분석","28도↑",0.09466666666666662
"2026-06-02 19:04:10","KOSPI날씨분석","5도↓",0.31
"2026-06-02 19:04:10","KOSPI날씨분석","5~15도",0.202
"2026-06-02 19:04:10","KOSPI날씨분석","15~22도",0.14292682926829267
"2026-06-02 19:04:10","KOSPI날씨분석","22~28도",0.3425581395348838
"2026-06-02 19:04:10","KOSPI날씨분석","28도↑",0.09466666666666662
"2026-06-02 19:04:10","KOSPI날씨분석","5도↓",0.31
"2026-06-02 19:04:10","KOSPI날씨분석","5~15도",0.1975
"2026-06-02 19:04:10","KOSPI날씨분석","15~22도",0.14292682926829267
"2026-06-02 19:04:10","KOSPI날씨분석","22~28도",0.3425581395348838
"2026-06-02 19:04:10","KOSPI날씨분석","28도↑",0.09466666666666662
"2026-06-02 19:04:10","KOSPI날씨분석","5도↓",0.31
"2026-06-02 19:04:10","KOSPI날씨분석","5~15도",0.15162162162162163
"2026-06-02 19:04:10","KOSPI날씨분석","15~22도",0.14292682926829267
"2026-06-02 19:04:10","KOSPI날씨분석","22~28도",0.3425581395348838
"2026-06-02 19:04:10","KOSPI날씨분석","28도↑",0.09466666666666662
"2026-06-02 19:04:10","KOSPI날씨분석","5도↓",-0.25
"2026-06-02 19:04:10","KOSPI날씨분석","5~15도",0.15162162162162163
"2026-06-02 19:04:10","KOSPI날씨분석","15~22도",0.14292682926829267
"2026-06-02 19:04:10","KOSPI날씨분석","22~28도",0.3425581395348838
"2026-06-02 19:04:10","KOSPI날씨분석","28도↑",0.09466666666666662
"2026-06-02 19:04:10","KOSPI날씨분석","5도↓",-0.39333333333333337
"2026-06-02 19:04:10","KOSPI날씨분석","5~15도",0.15162162162162163
"2026-06-02 19:04:10","KOSPI날씨분석","15~22도",0.14292682926829267
"2026-06-02 19:04:10","KOSPI날씨분석","22~28도",0.3425581395348838
"2026-06-02 19:04:10","KOSPI날씨분석","28도↑",0.09466666666666662
"2026-06-02 19:04:10","KOSPI날씨분석","5도↓",-0.20250000000000004
"2026-06-02 19:04:10","KOSPI날씨분석","5~15도",0.15162162162162163
"2026-06-02 19:04:10","KOSPI날씨분석","15~22도",0.14292682926829267
"2026-06-02 19:04:10","KOSPI날씨분석","22~28도",0.3425581395348838
"2026-06-02 19:04:10","KOSPI날씨분석","28도↑",0.09466666666666662
"2026-06-02 19:04:10","KOSPI날씨분석","5도↓",-0.20250000000000004
"2026-06-02 19:04:10","KOSPI날씨분석","5~15도",0.17026315789473687
"2026-06-02 19:04:10","KOSPI날씨분석","15~22도",0.14292682926829267
"2026-06-02 19:04:10","KOSPI날씨분석","22~28도",0.3425581395348838
"2026-06-02 19:04:10","KOSPI날씨분석","28도↑",0.09466666666666662
"2026-06-02 19:04:11","KOSPI날씨분석","5도↓",-0.20250000000000004
"2026-06-02 19:04:11","KOSPI날씨분석","5~15도",0.19923076923076924
"2026-06-02 19:04:11","KOSPI날씨분석","15~22도",0.14292682926829267
"2026-06-02 19:04:11","KOSPI날씨분석","22~28도",0.3425581395348838
"2026-06-02 19:04:11","KOSPI날씨분석","28도↑",0.09466666666666662
"2026-06-02 19:04:11","KOSPI날씨분석","5도↓",-0.20250000000000004
"2026-06-02 19:04:11","KOSPI날씨분석","5~15도",0.1705
"2026-06-02 19:04:11","KOSPI날씨분석","15~22도",0.14292682926829267
"2026-06-02 19:04:11","KOSPI날씨분석","22~28도",0.3425581395348838
"2026-06-02 19:04:11","KOSPI날씨분석","28도↑",0.09466666666666662
"2026-06-02 19:04:11","KOSPI날씨분석","5도↓",-0.20250000000000004
"2026-06-02 19:04:11","KOSPI날씨분석","5~15도",0.17243902439024392
"2026-06-02 19:04:11","KOSPI날씨분석","15~22도",0.14292682926829267
"2026-06-02 19:04:11","KOSPI날씨분석","22~28도",0.3425581395348838
"2026-06-02 19:04:11","KOSPI날씨분석","28도↑",0.09466666666666662
"2026-06-02 19:04:11","KOSPI날씨분석","5도↓",-0.20250000000000004
"2026-06-02 19:04:11","KOSPI날씨분석","5~15도",0.17523809523809525
"2026-06-02 19:04:11","KOSPI날씨분석","15~22도",0.14292682926829267
"2026-06-02 19:04:11","KOSPI날씨분석","22~28도",0.3425581395348838
"2026-06-02 19:04:11","KOSPI날씨분석","28도↑",0.09466666666666662
"2026-06-02 19:04:11","KOSPI날씨분석","5도↓",-0.20250000000000004
"2026-06-02 19:04:11","KOSPI날씨분석","5~15도",0.16372093023255815
"2026-06-02 19:04:11","KOSPI날씨분석","15~22도",0.14292682926829267
"2026-06-02 19:04:11","KOSPI날씨분석","22~28도",0.3425581395348838
"2026-06-02 19:04:11","KOSPI날씨분석","28도↑",0.09466666666666662
"2026-06-02 19:04:11","KOSPI날씨분석","5도↓",-0.20250000000000004
"2026-06-02 19:04:11","KOSPI날씨분석","5~15도",0.1293181818181818
"2026-06-02 19:04:11","KOSPI날씨분석","15~22도",0.14292682926829267
"2026-06-02 19:04:11","KOSPI날씨분석","22~28도",0.3425581395348838
"2026-06-02 19:04:11","KOSPI날씨분석","28도↑",0.09466666666666662
"2026-06-02 19:04:11","KOSPI날씨분석","5도↓",-0.20250000000000004
"2026-06-02 19:04:11","KOSPI날씨분석","5~15도",0.14733333333333332
"2026-06-02 19:04:11","KOSPI날씨분석","15~22도",0.14292682926829267
"2026-06-02 19:04:11","KOSPI날씨분석","22~28도",0.3425581395348838
"2026-06-02 19:04:11","KOSPI날씨분석","28도↑",0.09466666666666662
"2026-06-02 19:04:11","KOSPI날씨분석","5도↓",-0.08600000000000003
"2026-06-02 19:04:11","KOSPI날씨분석","5~15도",0.14733333333333332
"2026-06-02 19:04:11","KOSPI날씨분석","15~22도",0.14292682926829267
"2026-06-02 19:04:11","KOSPI날씨분석","22~28도",0.3425581395348838
"2026-06-02 19:04:11","KOSPI날씨분석","28도↑",0.09466666666666662
"2026-06-02 19:04:11","KOSPI날씨분석","5도↓",0.014999999999999977
"2026-06-02 19:04:11","KOSPI날씨분석","5~15도",0.14733333333333332
"2026-06-02 19:04:11","KOSPI날씨분석","15~22도",0.14292682926829267
"2026-06-02 19:04:11","KOSPI날씨분석","22~28도",0.3425581395348838
"2026-06-02 19:04:11","KOSPI날씨분석","28도↑",0.09466666666666662
"2026-06-02 19:04:11","KOSPI날씨분석","5도↓",0.03142857142857141
"2026-06-02 19:04:11","KOSPI날씨분석","5~15도",0.14733333333333332
"2026-06-02 19:04:11","KOSPI날씨분석","15~22도",0.14292682926829267
"2026-06-02 19:04:11","KOSPI날씨분석","22~28도",0.3425581395348838
"2026-06-02 19:04:11","KOSPI날씨분석","28도↑",0.09466666666666662
"2026-06-02 19:04:12","KOSPI날씨분석","5도↓",0.03142857142857141
"2026-06-02 19:04:12","KOSPI날씨분석","5~15도",0.15391304347826085
"2026-06-02 19:04:12","KOSPI날씨분석","15~22도",0.14292682926829267
"2026-06-02 19:04:12","KOSPI날씨분석","22~28도",0.3425581395348838
"2026-06-02 19:04:12","KOSPI날씨분석","28도↑",0.09466666666666662
"2026-06-02 19:04:12","KOSPI날씨분석","5도↓",0.185
"2026-06-02 19:04:12","KOSPI날씨분석","5~15도",0.15391304347826085
"2026-06-02 19:04:12","KOSPI날씨분석","15~22도",0.14292682926829267
"2026-06-02 19:04:12","KOSPI날씨분석","22~28도",0.3425581395348838
"2026-06-02 19:04:12","KOSPI날씨분석","28도↑",0.09466666666666662
"2026-06-02 19:04:12","KOSPI날씨분석","5도↓",0.35
"2026-06-02 19:04:12","KOSPI날씨분석","5~15도",0.15391304347826085
"2026-06-02 19:04:12","KOSPI날씨분석","15~22도",0.14292682926829267
"2026-06-02 19:04:12","KOSPI날씨분석","22~28도",0.3425581395348838
"2026-06-02 19:04:12","KOSPI날씨분석","28도↑",0.09466666666666662
"2026-06-02 19:04:12","KOSPI날씨분석","5도↓",0.40499999999999997
"2026-06-02 19:04:12","KOSPI날씨분석","5~15도",0.15391304347826085
"2026-06-02 19:04:12","KOSPI날씨분석","15~22도",0.14292682926829267
"2026-06-02 19:04:12","KOSPI날씨분석","22~28도",0.3425581395348838
"2026-06-02 19:04:12","KOSPI날씨분석","28도↑",0.09466666666666662
"2026-06-02 19:04:12","KOSPI날씨분석","5도↓",0.5081818181818182
"2026-06-02 19:04:12","KOSPI날씨분석","5~15도",0.15391304347826085
"2026-06-02 19:04:12","KOSPI날씨분석","15~22도",0.14292682926829267
"2026-06-02 19:04:12","KOSPI날씨분석","22~28도",0.3425581395348838
"2026-06-02 19:04:12","KOSPI날씨분석","28도↑",0.09466666666666662
"2026-06-02 19:04:12","KOSPI날씨분석","5도↓",0.49499999999999994
"2026-06-02 19:04:12","KOSPI날씨분석","5~15도",0.15391304347826085
"2026-06-02 19:04:12","KOSPI날씨분석","15~22도",0.14292682926829267
"2026-06-02 19:04:12","KOSPI날씨분석","22~28도",0.3425581395348838
"2026-06-02 19:04:12","KOSPI날씨분석","28도↑",0.09466666666666662
"2026-06-02 19:04:12","KOSPI날씨분석","5도↓",0.5523076923076923
"2026-06-02 19:04:12","KOSPI날씨분석","5~15도",0.15391304347826085
"2026-06-02 19:04:12","KOSPI날씨분석","15~22도",0.14292682926829267
"2026-06-02 19:04:12","KOSPI날씨분석","22~28도",0.3425581395348838
"2026-06-02 19:04:12","KOSPI날씨분석","28도↑",0.09466666666666662
"2026-06-02 19:04:12","KOSPI날씨분석","5도↓",0.43785714285714283
"2026-06-02 19:04:12","KOSPI날씨분석","5~15도",0.15391304347826085
"2026-06-02 19:04:12","KOSPI날씨분석","15~22도",0.14292682926829267
"2026-06-02 19:04:12","KOSPI날씨분석","22~28도",0.3425581395348838
"2026-06-02 19:04:12","KOSPI날씨분석","28도↑",0.09466666666666662
"2026-06-02 19:04:12","KOSPI날씨분석","5도↓",0.502
"2026-06-02 19:04:12","KOSPI날씨분석","5~15도",0.15391304347826085
"2026-06-02 19:04:12","KOSPI날씨분석","15~22도",0.14292682926829267
"2026-06-02 19:04:12","KOSPI날씨분석","22~28도",0.3425581395348838
"2026-06-02 19:04:12","KOSPI날씨분석","28도↑",0.09466666666666662
"2026-06-02 19:04:12","KOSPI날씨분석","5도↓",0.44187499999999996
"2026-06-02 19:04:12","KOSPI날씨분석","5~15도",0.15391304347826085
"2026-06-02 19:04:12","KOSPI날씨분석","15~22도",0.14292682926829267
"2026-06-02 19:04:12","KOSPI날씨분석","22~28도",0.3425581395348838
"2026-06-02 19:04:12","KOSPI날씨분석","28도↑",0.09466666666666662
"2026-06-02 19:04:13","KOSPI날씨분석","5도↓",0.4558823529411764
"2026-06-02 19:04:13","KOSPI날씨분석","5~15도",0.15391304347826085
"2026-06-02 19:04:13","KOSPI날씨분석","15~22도",0.14292682926829267
"2026-06-02 19:04:13","KOSPI날씨분석","22~28도",0.3425581395348838
"2026-06-02 19:04:13","KOSPI날씨분석","28도↑",0.09466666666666662
"2026-06-02 19:04:13","KOSPI날씨분석","5도↓",0.4588888888888889
"2026-06-02 19:04:13","KOSPI날씨분석","5~15도",0.15391304347826085
"2026-06-02 19:04:13","KOSPI날씨분석","15~22도",0.14292682926829267
"2026-06-02 19:04:13","KOSPI날씨분석","22~28도",0.3425581395348838
"2026-06-02 19:04:13","KOSPI날씨분석","28도↑",0.09466666666666662
"2026-06-02 19:04:13","KOSPI날씨분석","5도↓",0.41368421052631577
"2026-06-02 19:04:13","KOSPI날씨분석","5~15도",0.15391304347826085
"2026-06-02 19:04:13","KOSPI날씨분석","15~22도",0.14292682926829267
"2026-06-02 19:04:13","KOSPI날씨분석","22~28도",0.3425581395348838
"2026-06-02 19:04:13","KOSPI날씨분석","28도↑",0.09466666666666662
"2026-06-02 19:04:13","KOSPI날씨분석","5도↓",0.39149999999999996
"2026-06-02 19:04:13","KOSPI날씨분석","5~15도",0.15391304347826085
"2026-06-02 19:04:13","KOSPI날씨분석","15~22도",0.14292682926829267
"2026-06-02 19:04:13","KOSPI날씨분석","22~28도",0.3425581395348838
"2026-06-02 19:04:13","KOSPI날씨분석","28도↑",0.09466666666666662
"2026-06-02 19:04:13","KOSPI날씨분석","5도↓",0.25619047619047614
"2026-06-02 19:04:13","KOSPI날씨분석","5~15도",0.15391304347826085
"2026-06-02 19:04:13","KOSPI날씨분석","15~22도",0.14292682926829267
"2026-06-02 19:04:13","KOSPI날씨분석","22~28도",0.3425581395348838
"2026-06-02 19:04:13","KOSPI날씨분석","28도↑",0.09466666666666662
"2026-06-02 19:04:13","KOSPI날씨분석","5도↓",0.30499999999999994
"2026-06-02 19:04:13","KOSPI날씨분석","5~15도",0.15391304347826085
"2026-06-02 19:04:13","KOSPI날씨분석","15~22도",0.14292682926829267
"2026-06-02 19:04:13","KOSPI날씨분석","22~28도",0.3425581395348838
"2026-06-02 19:04:13","KOSPI날씨분석","28도↑",0.09466666666666662
"2026-06-02 19:04:13","KOSPI날씨분석","5도↓",0.2834782608695652
"2026-06-02 19:04:13","KOSPI날씨분석","5~15도",0.15391304347826085
"2026-06-02 19:04:13","KOSPI날씨분석","15~22도",0.14292682926829267
"2026-06-02 19:04:13","KOSPI날씨분석","22~28도",0.3425581395348838
"2026-06-02 19:04:13","KOSPI날씨분석","28도↑",0.09466666666666662
"2026-06-02 19:04:13","KOSPI날씨분석","5도↓",0.30958333333333327
"2026-06-02 19:04:13","KOSPI날씨분석","5~15도",0.15391304347826085
"2026-06-02 19:04:13","KOSPI날씨분석","15~22도",0.14292682926829267
"2026-06-02 19:04:13","KOSPI날씨분석","22~28도",0.3425581395348838
"2026-06-02 19:04:13","KOSPI날씨분석","28도↑",0.09466666666666662
"2026-06-02 19:04:13","KOSPI날씨분석","5도↓",0.40519999999999995
"2026-06-02 19:04:13","KOSPI날씨분석","5~15도",0.15391304347826085
"2026-06-02 19:04:13","KOSPI날씨분석","15~22도",0.14292682926829267
"2026-06-02 19:04:13","KOSPI날씨분석","22~28도",0.3425581395348838
"2026-06-02 19:04:13","KOSPI날씨분석","28도↑",0.09466666666666662
"2026-06-02 19:04:13","KOSPI날씨분석","5도↓",0.3896153846153846
"2026-06-02 19:04:13","KOSPI날씨분석","5~15도",0.15391304347826085
"2026-06-02 19:04:13","KOSPI날씨분석","15~22도",0.14292682926829267
"2026-06-02 19:04:13","KOSPI날씨분석","22~28도",0.3425581395348838
"2026-06-02 19:04:13","KOSPI날씨분석","28도↑",0.09466666666666662
"2026-06-02 19:04:14","KOSPI날씨분석","5도↓",0.43925925925925924
"2026-06-02 19:04:14","KOSPI날씨분석","5~15도",0.15391304347826085
"2026-06-02 19:04:14","KOSPI날씨분석","15~22도",0.14292682926829267
"2026-06-02 19:04:14","KOSPI날씨분석","22~28도",0.3425581395348838
"2026-06-02 19:04:14","KOSPI날씨분석","28도↑",0.09466666666666662
"2026-06-02 19:04:14","KOSPI날씨분석","5도↓",0.3978571428571428
"2026-06-02 19:04:14","KOSPI날씨분석","5~15도",0.15391304347826085
"2026-06-02 19:04:14","KOSPI날씨분석","15~22도",0.14292682926829267
"2026-06-02 19:04:14","KOSPI날씨분석","22~28도",0.3425581395348838
"2026-06-02 19:04:14","KOSPI날씨분석","28도↑",0.09466666666666662
"2026-06-02 19:04:14","KOSPI날씨분석","5도↓",0.36241379310344823
"2026-06-02 19:04:14","KOSPI날씨분석","5~15도",0.15391304347826085
"2026-06-02 19:04:14","KOSPI날씨분석","15~22도",0.14292682926829267
"2026-06-02 19:04:14","KOSPI날씨분석","22~28도",0.3425581395348838
"2026-06-02 19:04:14","KOSPI날씨분석","28도↑",0.09466666666666662
"2026-06-02 19:04:14","KOSPI날씨분석","5도↓",0.4396666666666666
"2026-06-02 19:04:14","KOSPI날씨분석","5~15도",0.15391304347826085
"2026-06-02 19:04:14","KOSPI날씨분석","15~22도",0.14292682926829267
"2026-06-02 19:04:14","KOSPI날씨분석","22~28도",0.3425581395348838
"2026-06-02 19:04:14","KOSPI날씨분석","28도↑",0.09466666666666662
"2026-06-02 19:04:14","KOSPI날씨분석","5도↓",0.5058064516129032
"2026-06-02 19:04:14","KOSPI날씨분석","5~15도",0.15391304347826085
"2026-06-02 19:04:14","KOSPI날씨분석","15~22도",0.14292682926829267
"2026-06-02 19:04:14","KOSPI날씨분석","22~28도",0.3425581395348838
"2026-06-02 19:04:14","KOSPI날씨분석","28도↑",0.09466666666666662
"2026-06-02 19:04:14","KOSPI날씨분석","5도↓",0.49031249999999993
"2026-06-02 19:04:14","KOSPI날씨분석","5~15도",0.15391304347826085
"2026-06-02 19:04:14","KOSPI날씨분석","15~22도",0.14292682926829267
"2026-06-02 19:04:14","KOSPI날씨분석","22~28도",0.3425581395348838
"2026-06-02 19:04:14","KOSPI날씨분석","28도↑",0.09466666666666662
"2026-06-02 19:04:14","KOSPI날씨분석","5도↓",0.5287878787878788
"2026-06-02 19:04:14","KOSPI날씨분석","5~15도",0.15391304347826085
"2026-06-02 19:04:14","KOSPI날씨분석","15~22도",0.14292682926829267
"2026-06-02 19:04:14","KOSPI날씨분석","22~28도",0.3425581395348838
"2026-06-02 19:04:14","KOSPI날씨분석","28도↑",0.09466666666666662
"2026-06-02 19:04:14","KOSPI날씨분석","5도↓",0.5202941176470588
"2026-06-02 19:04:14","KOSPI날씨분석","5~15도",0.15391304347826085
"2026-06-02 19:04:14","KOSPI날씨분석","15~22도",0.14292682926829267
"2026-06-02 19:04:14","KOSPI날씨분석","22~28도",0.3425581395348838
"2026-06-02 19:04:14","KOSPI날씨분석","28도↑",0.09466666666666662
"2026-06-02 19:04:14","KOSPI날씨분석","5도↓",0.5499999999999999
"2026-06-02 19:04:14","KOSPI날씨분석","5~15도",0.15391304347826085
"2026-06-02 19:04:14","KOSPI날씨분석","15~22도",0.14292682926829267
"2026-06-02 19:04:14","KOSPI날씨분석","22~28도",0.3425581395348838
"2026-06-02 19:04:14","KOSPI날씨분석","28도↑",0.09466666666666662
"2026-06-02 19:04:14","KOSPI날씨분석","5도↓",0.5074999999999998
"2026-06-02 19:04:14","KOSPI날씨분석","5~15도",0.15391304347826085
"2026-06-02 19:04:14","KOSPI날씨분석","15~22도",0.14292682926829267
"2026-06-02 19:04:14","KOSPI날씨분석","22~28도",0.3425581395348838
"2026-06-02 19:04:14","KOSPI날씨분석","28도↑",0.09466666666666662
"2026-06-02 19:04:15","KOSPI날씨분석","5도↓",0.5613513513513513
"2026-06-02 19:04:15","KOSPI날씨분석","5~15도",0.15391304347826085
"2026-06-02 19:04:15","KOSPI날씨분석","15~22도",0.14292682926829267
"2026-06-02 19:04:15","KOSPI날씨분석","22~28도",0.3425581395348838
"2026-06-02 19:04:15","KOSPI날씨분석","28도↑",0.09466666666666662
"2026-06-02 19:04:15","KOSPI날씨분석","5도↓",0.6142105263157894
"2026-06-02 19:04:15","KOSPI날씨분석","5~15도",0.15391304347826085
"2026-06-02 19:04:15","KOSPI날씨분석","15~22도",0.14292682926829267
"2026-06-02 19:04:15","KOSPI날씨분석","22~28도",0.3425581395348838
"2026-06-02 19:04:15","KOSPI날씨분석","28도↑",0.09466666666666662
"2026-06-02 19:04:15","KOSPI날씨분석","5도↓",0.5779487179487178
"2026-06-02 19:04:15","KOSPI날씨분석","5~15도",0.15391304347826085
"2026-06-02 19:04:15","KOSPI날씨분석","15~22도",0.14292682926829267
"2026-06-02 19:04:15","KOSPI날씨분석","22~28도",0.3425581395348838
"2026-06-02 19:04:15","KOSPI날씨분석","28도↑",0.09466666666666662
"2026-06-02 19:04:15","KOSPI날씨분석","5도↓",0.6074999999999999
"2026-06-02 19:04:15","KOSPI날씨분석","5~15도",0.15391304347826085
"2026-06-02 19:04:15","KOSPI날씨분석","15~22도",0.14292682926829267
"2026-06-02 19:04:15","KOSPI날씨분석","22~28도",0.3425581395348838
"2026-06-02 19:04:15","KOSPI날씨분석","28도↑",0.09466666666666662
"2026-06-02 19:04:15","KOSPI날씨분석","5도↓",0.5960975609756097
"2026-06-02 19:04:15","KOSPI날씨분석","5~15도",0.15391304347826085
"2026-06-02 19:04:15","KOSPI날씨분석","15~22도",0.14292682926829267
"2026-06-02 19:04:15","KOSPI날씨분석","22~28도",0.3425581395348838
"2026-06-02 19:04:15","KOSPI날씨분석","28도↑",0.09466666666666662
"2026-06-02 19:04:15","KOSPI날씨분석","5도↓",0.5938095238095238
"2026-06-02 19:04:15","KOSPI날씨분석","5~15도",0.15391304347826085
"2026-06-02 19:04:15","KOSPI날씨분석","15~22도",0.14292682926829267
"2026-06-02 19:04:15","KOSPI날씨분석","22~28도",0.3425581395348838
"2026-06-02 19:04:15","KOSPI날씨분석","28도↑",0.09466666666666662
"2026-06-02 19:04:15","KOSPI날씨분석","5도↓",0.6446511627906977
"2026-06-02 19:04:15","KOSPI날씨분석","5~15도",0.15391304347826085
"2026-06-02 19:04:15","KOSPI날씨분석","15~22도",0.14292682926829267
"2026-06-02 19:04:15","KOSPI날씨분석","22~28도",0.3425581395348838
"2026-06-02 19:04:15","KOSPI날씨분석","28도↑",0.09466666666666662
"2026-06-02 19:04:15","KOSPI날씨분석","5도↓",0.5761363636363636
"2026-06-02 19:04:15","KOSPI날씨분석","5~15도",0.15391304347826085
"2026-06-02 19:04:15","KOSPI날씨분석","15~22도",0.14292682926829267
"2026-06-02 19:04:15","KOSPI날씨분석","22~28도",0.3425581395348838
"2026-06-02 19:04:15","KOSPI날씨분석","28도↑",0.09466666666666662
"2026-06-02 19:04:15","KOSPI날씨분석","5도↓",0.49999999999999994
"2026-06-02 19:04:15","KOSPI날씨분석","5~15도",0.15391304347826085
"2026-06-02 19:04:15","KOSPI날씨분석","15~22도",0.14292682926829267
"2026-06-02 19:04:15","KOSPI날씨분석","22~28도",0.3425581395348838
"2026-06-02 19:04:15","KOSPI날씨분석","28도↑",0.09466666666666662
"2026-06-02 19:04:15","KOSPI날씨분석","5도↓",0.5010869565217391
"2026-06-02 19:04:15","KOSPI날씨분석","5~15도",0.15391304347826085
"2026-06-02 19:04:15","KOSPI날씨분석","15~22도",0.14292682926829267
"2026-06-02 19:04:15","KOSPI날씨분석","22~28도",0.3425581395348838
"2026-06-02 19:04:15","KOSPI날씨분석","28도↑",0.09466666666666662
"2026-06-02 19:04:16","KOSPI날씨분석","5도↓",0.45191489361702125
"2026-06-02 19:04:16","KOSPI날씨분석","5~15도",0.15391304347826085
"2026-06-02 19:04:16","KOSPI날씨분석","15~22도",0.14292682926829267
"2026-06-02 19:04:16","KOSPI날씨분석","22~28도",0.3425581395348838
"2026-06-02 19:04:16","KOSPI날씨분석","28도↑",0.09466666666666662
"2026-06-02 19:04:16","KOSPI날씨분석","5도↓",0.5054166666666666
"2026-06-02 19:04:16","KOSPI날씨분석","5~15도",0.15391304347826085
"2026-06-02 19:04:16","KOSPI날씨분석","15~22도",0.14292682926829267
"2026-06-02 19:04:16","KOSPI날씨분석","22~28도",0.3425581395348838
"2026-06-02 19:04:16","KOSPI날씨분석","28도↑",0.09466666666666662
"2026-06-02 19:04:16","KOSPI날씨분석","5도↓",0.5116326530612244
"2026-06-02 19:04:16","KOSPI날씨분석","5~15도",0.15391304347826085
"2026-06-02 19:04:16","KOSPI날씨분석","15~22도",0.14292682926829267
"2026-06-02 19:04:16","KOSPI날씨분석","22~28도",0.3425581395348838
"2026-06-02 19:04:16","KOSPI날씨분석","28도↑",0.09466666666666662
"2026-06-02 19:04:16","KOSPI날씨분석","5도↓",0.5227999999999999
"2026-06-02 19:04:16","KOSPI날씨분석","5~15도",0.15391304347826085
"2026-06-02 19:04:16","KOSPI날씨분석","15~22도",0.14292682926829267
"2026-06-02 19:04:16","KOSPI날씨분석","22~28도",0.3425581395348838
"2026-06-02 19:04:16","KOSPI날씨분석","28도↑",0.09466666666666662
"2026-06-02 19:04:16","KOSPI날씨분석","5도↓",0.522156862745098
"2026-06-02 19:04:16","KOSPI날씨분석","5~15도",0.15391304347826085
"2026-06-02 19:04:16","KOSPI날씨분석","15~22도",0.14292682926829267
"2026-06-02 19:04:16","KOSPI날씨분석","22~28도",0.3425581395348838
"2026-06-02 19:04:16","KOSPI날씨분석","28도↑",0.09466666666666662
"2026-06-02 19:04:16","KOSPI날씨분석","5도↓",0.4388461538461538
"2026-06-02 19:04:16","KOSPI날씨분석","5~15도",0.15391304347826085
"2026-06-02 19:04:16","KOSPI날씨분석","15~22도",0.14292682926829267
"2026-06-02 19:04:16","KOSPI날씨분석","22~28도",0.3425581395348838
"2026-06-02 19:04:16","KOSPI날씨분석","28도↑",0.09466666666666662
"2026-06-02 19:04:16","KOSPI날씨분석","5도↓",0.4388461538461538
"2026-06-02 19:04:16","KOSPI날씨분석","5~15도",0.19191489361702127
"2026-06-02 19:04:16","KOSPI날씨분석","15~22도",0.14292682926829267
"2026-06-02 19:04:16","KOSPI날씨분석","22~28도",0.3425581395348838
"2026-06-02 19:04:16","KOSPI날씨분석","28도↑",0.09466666666666662
"2026-06-02 19:04:16","KOSPI날씨분석","5도↓",0.3679245283018867
"2026-06-02 19:04:16","KOSPI날씨분석","5~15도",0.19191489361702127
"2026-06-02 19:04:16","KOSPI날씨분석","15~22도",0.14292682926829267
"2026-06-02 19:04:16","KOSPI날씨분석","22~28도",0.3425581395348838
"2026-06-02 19:04:16","KOSPI날씨분석","28도↑",0.09466666666666662
"2026-06-02 19:04:16","KOSPI날씨분석","5도↓",0.34981481481481475
"2026-06-02 19:04:16","KOSPI날씨분석","5~15도",0.19191489361702127
"2026-06-02 19:04:16","KOSPI날씨분석","15~22도",0.14292682926829267
"2026-06-02 19:04:16","KOSPI날씨분석","22~28도",0.3425581395348838
"2026-06-02 19:04:16","KOSPI날씨분석","28도↑",0.09466666666666662
"2026-06-02 19:04:16","KOSPI날씨분석","5도↓",0.3783636363636363
"2026-06-02 19:04:16","KOSPI날씨분석","5~15도",0.19191489361702127
"2026-06-02 19:04:16","KOSPI날씨분석","15~22도",0.14292682926829267
"2026-06-02 19:04:16","KOSPI날씨분석","22~28도",0.3425581395348838
"2026-06-02 19:04:16","KOSPI날씨분석","28도↑",0.09466666666666662
"2026-06-02 19:04:17","KOSPI날씨분석","5도↓",0.3039285714285714
"2026-06-02 19:04:17","KOSPI날씨분석","5~15도",0.19191489361702127
"2026-06-02 19:04:17","KOSPI날씨분석","15~22도",0.14292682926829267
"2026-06-02 19:04:17","KOSPI날씨분석","22~28도",0.3425581395348838
"2026-06-02 19:04:17","KOSPI날씨분석","28도↑",0.09466666666666662
"2026-06-02 19:04:17","KOSPI날씨분석","5도↓",0.3039285714285714
"2026-06-02 19:04:17","KOSPI날씨분석","5~15도",0.18395833333333333
"2026-06-02 19:04:17","KOSPI날씨분석","15~22도",0.14292682926829267
"2026-06-02 19:04:17","KOSPI날씨분석","22~28도",0.3425581395348838
"2026-06-02 19:04:17","KOSPI날씨분석","28도↑",0.09466666666666662
"2026-06-02 19:04:17","KOSPI날씨분석","5도↓",0.30385964912280694
"2026-06-02 19:04:17","KOSPI날씨분석","5~15도",0.18395833333333333
"2026-06-02 19:04:17","KOSPI날씨분석","15~22도",0.14292682926829267
"2026-06-02 19:04:17","KOSPI날씨분석","22~28도",0.3425581395348838
"2026-06-02 19:04:17","KOSPI날씨분석","28도↑",0.09466666666666662
"2026-06-02 19:04:17","KOSPI날씨분석","5도↓",0.344655172413793
"2026-06-02 19:04:17","KOSPI날씨분석","5~15도",0.18395833333333333
"2026-06-02 19:04:17","KOSPI날씨분석","15~22도",0.14292682926829267
"2026-06-02 19:04:17","KOSPI날씨분석","22~28도",0.3425581395348838
"2026-06-02 19:04:17","KOSPI날씨분석","28도↑",0.09466666666666662
"2026-06-02 19:04:17","KOSPI날씨분석","5도↓",0.344655172413793
"2026-06-02 19:04:17","KOSPI날씨분석","5~15도",0.1936734693877551
"2026-06-02 19:04:17","KOSPI날씨분석","15~22도",0.14292682926829267
"2026-06-02 19:04:17","KOSPI날씨분석","22~28도",0.3425581395348838
"2026-06-02 19:04:17","KOSPI날씨분석","28도↑",0.09466666666666662
"2026-06-02 19:04:17","KOSPI날씨분석","5도↓",0.344655172413793
"2026-06-02 19:04:17","KOSPI날씨분석","5~15도",0.15960000000000002
"2026-06-02 19:04:17","KOSPI날씨분석","15~22도",0.14292682926829267
"2026-06-02 19:04:17","KOSPI날씨분석","22~28도",0.3425581395348838
"2026-06-02 19:04:17","KOSPI날씨분석","28도↑",0.09466666666666662
"2026-06-02 19:04:17","KOSPI날씨분석","5도↓",0.344655172413793
"2026-06-02 19:04:17","KOSPI날씨분석","5~15도",0.15333333333333335
"2026-06-02 19:04:17","KOSPI날씨분석","15~22도",0.14292682926829267
"2026-06-02 19:04:17","KOSPI날씨분석","22~28도",0.3425581395348838
"2026-06-02 19:04:17","KOSPI날씨분석","28도↑",0.09466666666666662
"2026-06-02 19:04:17","KOSPI날씨분석","5도↓",0.37101694915254224
"2026-06-02 19:04:17","KOSPI날씨분석","5~15도",0.15333333333333335
"2026-06-02 19:04:17","KOSPI날씨분석","15~22도",0.14292682926829267
"2026-06-02 19:04:17","KOSPI날씨분석","22~28도",0.3425581395348838
"2026-06-02 19:04:17","KOSPI날씨분석","28도↑",0.09466666666666662
"2026-06-02 19:04:17","KOSPI날씨분석","5도↓",0.37101694915254224
"2026-06-02 19:04:17","KOSPI날씨분석","5~15도",0.17038461538461538
"2026-06-02 19:04:17","KOSPI날씨분석","15~22도",0.14292682926829267
"2026-06-02 19:04:17","KOSPI날씨분석","22~28도",0.3425581395348838
"2026-06-02 19:04:17","KOSPI날씨분석","28도↑",0.09466666666666662
"2026-06-02 19:04:17","KOSPI날씨분석","5도↓",0.37101694915254224
"2026-06-02 19:04:17","KOSPI날씨분석","5~15도",0.16358490566037737
"2026-06-02 19:04:17","KOSPI날씨분석","15~22도",0.14292682926829267
"2026-06-02 19:04:17","KOSPI날씨분석","22~28도",0.3425581395348838
"2026-06-02 19:04:17","KOSPI날씨분석","28도↑",0.09466666666666662
"2026-06-02 19:04:18","KOSPI날씨분석","5도↓",0.37101694915254224
"2026-06-02 19:04:18","KOSPI날씨분석","5~15도",0.1935185185185185
"2026-06-02 19:04:18","KOSPI날씨분석","15~22도",0.14292682926829267
"2026-06-02 19:04:18","KOSPI날씨분석","22~28도",0.3425581395348838
"2026-06-02 19:04:18","KOSPI날씨분석","28도↑",0.09466666666666662
"2026-06-02 19:04:18","KOSPI날씨분석","5도↓",0.38716666666666655
"2026-06-02 19:04:18","KOSPI날씨분석","5~15도",0.1935185185185185
"2026-06-02 19:04:18","KOSPI날씨분석","15~22도",0.14292682926829267
"2026-06-02 19:04:18","KOSPI날씨분석","22~28도",0.3425581395348838
"2026-06-02 19:04:18","KOSPI날씨분석","28도↑",0.09466666666666662
"2026-06-02 19:04:18","KOSPI날씨분석","5도↓",0.3763934426229507
"2026-06-02 19:04:18","KOSPI날씨분석","5~15도",0.1935185185185185
"2026-06-02 19:04:18","KOSPI날씨분석","15~22도",0.14292682926829267
"2026-06-02 19:04:18","KOSPI날씨분석","22~28도",0.3425581395348838
"2026-06-02 19:04:18","KOSPI날씨분석","28도↑",0.09466666666666662
"2026-06-02 19:04:18","KOSPI날씨분석","5도↓",0.36693548387096764
"2026-06-02 19:04:18","KOSPI날씨분석","5~15도",0.1935185185185185
"2026-06-02 19:04:18","KOSPI날씨분석","15~22도",0.14292682926829267
"2026-06-02 19:04:18","KOSPI날씨분석","22~28도",0.3425581395348838
"2026-06-02 19:04:18","KOSPI날씨분석","28도↑",0.09466666666666662
"2026-06-02 19:04:18","KOSPI날씨분석","5도↓",0.35174603174603164
"2026-06-02 19:04:18","KOSPI날씨분석","5~15도",0.1935185185185185
"2026-06-02 19:04:18","KOSPI날씨분석","15~22도",0.14292682926829267
"2026-06-02 19:04:18","KOSPI날씨분석","22~28도",0.3425581395348838
"2026-06-02 19:04:18","KOSPI날씨분석","28도↑",0.09466666666666662
"2026-06-02 19:04:18","KOSPI날씨분석","5도↓",0.35174603174603164
"2026-06-02 19:04:18","KOSPI날씨분석","5~15도",0.21509090909090905
"2026-06-02 19:04:18","KOSPI날씨분석","15~22도",0.14292682926829267
"2026-06-02 19:04:18","KOSPI날씨분석","22~28도",0.3425581395348838
"2026-06-02 19:04:18","KOSPI날씨분석","28도↑",0.09466666666666662
"2026-06-02 19:04:18","KOSPI날씨분석","5도↓",0.35174603174603164
"2026-06-02 19:04:18","KOSPI날씨분석","5~15도",0.1783928571428571
"2026-06-02 19:04:18","KOSPI날씨분석","15~22도",0.14292682926829267
"2026-06-02 19:04:18","KOSPI날씨분석","22~28도",0.3425581395348838
"2026-06-02 19:04:18","KOSPI날씨분석","28도↑",0.09466666666666662
"2026-06-02 19:04:18","KOSPI날씨분석","5도↓",0.35174603174603164
"2026-06-02 19:04:18","KOSPI날씨분석","5~15도",0.13596491228070173
"2026-06-02 19:04:18","KOSPI날씨분석","15~22도",0.14292682926829267
"2026-06-02 19:04:18","KOSPI날씨분석","22~28도",0.3425581395348838
"2026-06-02 19:04:18","KOSPI날씨분석","28도↑",0.09466666666666662
"2026-06-02 19:04:18","KOSPI날씨분석","5도↓",0.35174603174603164
"2026-06-02 19:04:18","KOSPI날씨분석","5~15도",0.1582758620689655
"2026-06-02 19:04:18","KOSPI날씨분석","15~22도",0.14292682926829267
"2026-06-02 19:04:18","KOSPI날씨분석","22~28도",0.3425581395348838
"2026-06-02 19:04:18","KOSPI날씨분석","28도↑",0.09466666666666662
"2026-06-02 19:04:18","KOSPI날씨분석","5도↓",0.35174603174603164
"2026-06-02 19:04:18","KOSPI날씨분석","5~15도",0.1296610169491525
"2026-06-02 19:04:18","KOSPI날씨분석","15~22도",0.14292682926829267
"2026-06-02 19:04:18","KOSPI날씨분석","22~28도",0.3425581395348838
"2026-06-02 19:04:18","KOSPI날씨분석","28도↑",0.09466666666666662
"2026-06-02 19:04:19","KOSPI날씨분석","5도↓",0.35174603174603164
"2026-06-02 19:04:19","KOSPI날씨분석","5~15도",0.13833333333333328
"2026-06-02 19:04:19","KOSPI날씨분석","15~22도",0.14292682926829267
"2026-06-02 19:04:19","KOSPI날씨분석","22~28도",0.3425581395348838
"2026-06-02 19:04:19","KOSPI날씨분석","28도↑",0.09466666666666662
"2026-06-02 19:04:19","KOSPI날씨분석","5도↓",0.35174603174603164
"2026-06-02 19:04:19","KOSPI날씨분석","5~15도",0.17081967213114752
"2026-06-02 19:04:19","KOSPI날씨분석","15~22도",0.14292682926829267
"2026-06-02 19:04:19","KOSPI날씨분석","22~28도",0.3425581395348838
"2026-06-02 19:04:19","KOSPI날씨분석","28도↑",0.09466666666666662
"2026-06-02 19:04:19","KOSPI날씨분석","5도↓",0.35174603174603164
"2026-06-02 19:04:19","KOSPI날씨분석","5~15도",0.1725806451612903
"2026-06-02 19:04:19","KOSPI날씨분석","15~22도",0.14292682926829267
"2026-06-02 19:04:19","KOSPI날씨분석","22~28도",0.3425581395348838
"2026-06-02 19:04:19","KOSPI날씨분석","28도↑",0.09466666666666662
"2026-06-02 19:04:19","KOSPI날씨분석","5도↓",0.35174603174603164
"2026-06-02 19:04:19","KOSPI날씨분석","5~15도",0.16650793650793647
"2026-06-02 19:04:19","KOSPI날씨분석","15~22도",0.14292682926829267
"2026-06-02 19:04:19","KOSPI날씨분석","22~28도",0.3425581395348838
"2026-06-02 19:04:19","KOSPI날씨분석","28도↑",0.09466666666666662
"2026-06-02 19:04:19","KOSPI날씨분석","5도↓",0.35174603174603164
"2026-06-02 19:04:19","KOSPI날씨분석","5~15도",0.17187499999999994
"2026-06-02 19:04:19","KOSPI날씨분석","15~22도",0.14292682926829267
"2026-06-02 19:04:19","KOSPI날씨분석","22~28도",0.3425581395348838
"2026-06-02 19:04:19","KOSPI날씨분석","28도↑",0.09466666666666662
"2026-06-02 19:04:19","KOSPI날씨분석","5도↓",0.35174603174603164
"2026-06-02 19:04:19","KOSPI날씨분석","5~15도",0.20307692307692302
"2026-06-02 19:04:19","KOSPI날씨분석","15~22도",0.14292682926829267
"2026-06-02 19:04:19","KOSPI날씨분석","22~28도",0.3425581395348838
"2026-06-02 19:04:19","KOSPI날씨분석","28도↑",0.09466666666666662
"2026-06-02 19:04:19","KOSPI날씨분석","5도↓",0.35174603174603164
"2026-06-02 19:04:19","KOSPI날씨분석","5~15도",0.20307692307692302
"2026-06-02 19:04:19","KOSPI날씨분석","15~22도",0.13595238095238094
"2026-06-02 19:04:19","KOSPI날씨분석","22~28도",0.3425581395348838
"2026-06-02 19:04:19","KOSPI날씨분석","28도↑",0.09466666666666662
"2026-06-02 19:09:44","KOSPI날씨분석","5도↓",0.0
"2026-06-02 19:09:44","KOSPI날씨분석","5~15도",-0.02
"2026-06-02 19:09:44","KOSPI날씨분석","15~22도",0.0
"2026-06-02 19:09:44","KOSPI날씨분석","22~28도",0.0
"2026-06-02 19:09:44","KOSPI날씨분석","28도↑",0.0
"2026-06-02 19:09:44","KOSPI날씨분석","5도↓",0.0
"2026-06-02 19:09:44","KOSPI날씨분석","5~15도",0.885
"2026-06-02 19:09:44","KOSPI날씨분석","15~22도",0.0
"2026-06-02 19:09:44","KOSPI날씨분석","22~28도",0.0
"2026-06-02 19:09:44","KOSPI날씨분석","28도↑",0.0
"2026-06-02 19:09:44","KOSPI날씨분석","5도↓",0.0
"2026-06-02 19:09:44","KOSPI날씨분석","5~15도",1.2266666666666666
"2026-06-02 19:09:44","KOSPI날씨분석","15~22도",0.0
"2026-06-02 19:09:44","KOSPI날씨분석","22~28도",0.0
"2026-06-02 19:09:44","KOSPI날씨분석","28도↑",0.0
"2026-06-02 19:09:44","KOSPI날씨분석","5도↓",0.0
"2026-06-02 19:09:44","KOSPI날씨분석","5~15도",0.955
"2026-06-02 19:09:44","KOSPI날씨분석","15~22도",0.0
"2026-06-02 19:09:44","KOSPI날씨분석","22~28도",0.0
"2026-06-02 19:09:44","KOSPI날씨분석","28도↑",0.0
"2026-06-02 19:09:44","KOSPI날씨분석","5도↓",0.0
"2026-06-02 19:09:44","KOSPI날씨분석","5~15도",0.9959999999999999
"2026-06-02 19:09:44","KOSPI날씨분석","15~22도",0.0
"2026-06-02 19:09:44","KOSPI날씨분석","22~28도",0.0
"2026-06-02 19:09:44","KOSPI날씨분석","28도↑",0.0
"2026-06-02 19:09:44","KOSPI날씨분석","5도↓",0.0
"2026-06-02 19:09:44","KOSPI날씨분석","5~15도",0.835
"2026-06-02 19:09:44","KOSPI날씨분석","15~22도",0.0
"2026-06-02 19:09:44","KOSPI날씨분석","22~28도",0.0
"2026-06-02 19:09:44","KOSPI날씨분석","28도↑",0.0
"2026-06-02 19:09:45","KOSPI날씨분석","5도↓",0.0
"2026-06-02 19:09:45","KOSPI날씨분석","5~15도",0.6814285714285714
"2026-06-02 19:09:45","KOSPI날씨분석","15~22도",0.0
"2026-06-02 19:09:45","KOSPI날씨분석","22~28도",0.0
"2026-06-02 19:09:45","KOSPI날씨분석","28도↑",0.0
"2026-06-02 19:09:45","KOSPI날씨분석","5도↓",0.0
"2026-06-02 19:09:45","KOSPI날씨분석","5~15도",0.46624999999999994
"2026-06-02 19:09:45","KOSPI날씨분석","15~22도",0.0
"2026-06-02 19:09:45","KOSPI날씨분석","22~28도",0.0
"2026-06-02 19:09:45","KOSPI날씨분석","28도↑",0.0
"2026-06-02 19:09:45","KOSPI날씨분석","5도↓",0.31
"2026-06-02 19:09:45","KOSPI날씨분석","5~15도",0.46624999999999994
"2026-06-02 19:09:45","KOSPI날씨분석","15~22도",0.0
"2026-06-02 19:09:45","KOSPI날씨분석","22~28도",0.0
"2026-06-02 19:09:45","KOSPI날씨분석","28도↑",0.0
"2026-06-02 19:09:45","KOSPI날씨분석","5도↓",0.31
"2026-06-02 19:09:45","KOSPI날씨분석","5~15도",0.41222222222222216
"2026-06-02 19:09:45","KOSPI날씨분석","15~22도",0.0
"2026-06-02 19:09:45","KOSPI날씨분석","22~28도",0.0
"2026-06-02 19:09:45","KOSPI날씨분석","28도↑",0.0
"2026-06-02 19:09:45","KOSPI날씨분석","5도↓",0.31
"2026-06-02 19:09:45","KOSPI날씨분석","5~15도",0.49399999999999994
"2026-06-02 19:09:45","KOSPI날씨분석","15~22도",0.0
"2026-06-02 19:09:45","KOSPI날씨분석","22~28도",0.0
"2026-06-02 19:09:45","KOSPI날씨분석","28도↑",0.0
"2026-06-02 19:09:45","KOSPI날씨분석","5도↓",0.31
"2026-06-02 19:09:45","KOSPI날씨분석","5~15도",0.49399999999999994
"2026-06-02 19:09:45","KOSPI날씨분석","15~22도",-0.16
"2026-06-02 19:09:45","KOSPI날씨분석","22~28도",0.0
"2026-06-02 19:09:45","KOSPI날씨분석","28도↑",0.0
"2026-06-02 19:09:45","KOSPI날씨분석","5도↓",0.31
"2026-06-02 19:09:45","KOSPI날씨분석","5~15도",0.49399999999999994
"2026-06-02 19:09:45","KOSPI날씨분석","15~22도",-0.15000000000000002
"2026-06-02 19:09:45","KOSPI날씨분석","22~28도",0.0
"2026-06-02 19:09:45","KOSPI날씨분석","28도↑",0.0
"2026-06-02 19:09:45","KOSPI날씨분석","5도↓",0.31
"2026-06-02 19:09:45","KOSPI날씨분석","5~15도",0.49399999999999994
"2026-06-02 19:09:45","KOSPI날씨분석","15~22도",-0.12666666666666668
"2026-06-02 19:09:45","KOSPI날씨분석","22~28도",0.0
"2026-06-02 19:09:45","KOSPI날씨분석","28도↑",0.0
"2026-06-02 19:09:45","KOSPI날씨분석","5도↓",0.31
"2026-06-02 19:09:45","KOSPI날씨분석","5~15도",0.49399999999999994
"2026-06-02 19:09:45","KOSPI날씨분석","15~22도",0.19249999999999995
"2026-06-02 19:09:45","KOSPI날씨분석","22~28도",0.0
"2026-06-02 19:09:45","KOSPI날씨분석","28도↑",0.0
"2026-06-02 19:09:45","KOSPI날씨분석","5도↓",0.31
"2026-06-02 19:09:45","KOSPI날씨분석","5~15도",0.49399999999999994
"2026-06-02 19:09:45","KOSPI날씨분석","15~22도",-0.09400000000000004
"2026-06-02 19:09:45","KOSPI날씨분석","22~28도",0.0
"2026-06-02 19:09:45","KOSPI날씨분석","28도↑",0.0
"2026-06-02 19:09:46","KOSPI날씨분석","5도↓",0.31
"2026-06-02 19:09:46","KOSPI날씨분석","5~15도",0.5263636363636363
"2026-06-02 19:09:46","KOSPI날씨분석","15~22도",-0.09400000000000004
"2026-06-02 19:09:46","KOSPI날씨분석","22~28도",0.0
"2026-06-02 19:09:46","KOSPI날씨분석","28도↑",0.0
"2026-06-02 19:09:46","KOSPI날씨분석","5도↓",0.31
"2026-06-02 19:09:46","KOSPI날씨분석","5~15도",0.4183333333333333
"2026-06-02 19:09:46","KOSPI날씨분석","15~22도",-0.09400000000000004
"2026-06-02 19:09:46","KOSPI날씨분석","22~28도",0.0
"2026-06-02 19:09:46","KOSPI날씨분석","28도↑",0.0
"2026-06-02 19:09:46","KOSPI날씨분석","5도↓",0.31
"2026-06-02 19:09:46","KOSPI날씨분석","5~15도",0.19230769230769226
"2026-06-02 19:09:46","KOSPI날씨분석","15~22도",-0.09400000000000004
"2026-06-02 19:09:46","KOSPI날씨분석","22~28도",0.0
"2026-06-02 19:09:46","KOSPI날씨분석","28도↑",0.0
"2026-06-02 19:09:46","KOSPI날씨분석","5도↓",0.31
"2026-06-02 19:09:46","KOSPI날씨분석","5~15도",0.25928571428571423
"2026-06-02 19:09:46","KOSPI날씨분석","15~22도",-0.09400000000000004
"2026-06-02 19:09:46","KOSPI날씨분석","22~28도",0.0
"2026-06-02 19:09:46","KOSPI날씨분석","28도↑",0.0
"2026-06-02 19:09:46","KOSPI날씨분석","5도↓",0.31
"2026-06-02 19:09:46","KOSPI날씨분석","5~15도",0.31599999999999995
"2026-06-02 19:09:46","KOSPI날씨분석","15~22도",-0.09400000000000004
"2026-06-02 19:09:46","KOSPI날씨분석","22~28도",0.0
"2026-06-02 19:09:46","KOSPI날씨분석","28도↑",0.0
"2026-06-02 19:09:46","KOSPI날씨분석","5도↓",0.31
"2026-06-02 19:09:46","KOSPI날씨분석","5~15도",0.365
"2026-06-02 19:09:46","KOSPI날씨분석","15~22도",-0.09400000000000004
"2026-06-02 19:09:46","KOSPI날씨분석","22~28도",0.0
"2026-06-02 19:09:46","KOSPI날씨분석","28도↑",0.0
"2026-06-02 19:09:46","KOSPI날씨분석","5도↓",0.31
"2026-06-02 19:09:46","KOSPI날씨분석","5~15도",0.365
"2026-06-02 19:09:46","KOSPI날씨분석","15~22도",-0.17500000000000004
"2026-06-02 19:09:46","KOSPI날씨분석","22~28도",0.0
"2026-06-02 19:09:46","KOSPI날씨분석","28도↑",0.0
"2026-06-02 19:09:46","KOSPI날씨분석","5도↓",0.31
"2026-06-02 19:09:46","KOSPI날씨분석","5~15도",0.3417647058823529
"2026-06-02 19:09:46","KOSPI날씨분석","15~22도",-0.17500000000000004
"2026-06-02 19:09:46","KOSPI날씨분석","22~28도",0.0
"2026-06-02 19:09:46","KOSPI날씨분석","28도↑",0.0
"2026-06-02 19:09:46","KOSPI날씨분석","5도↓",0.31
"2026-06-02 19:09:46","KOSPI날씨분석","5~15도",0.3417647058823529
"2026-06-02 19:09:46","KOSPI날씨분석","15~22도",-0.04857142857142861
"2026-06-02 19:09:46","KOSPI날씨분석","22~28도",0.0
"2026-06-02 19:09:46","KOSPI날씨분석","28도↑",0.0
"2026-06-02 19:09:46","KOSPI날씨분석","5도↓",0.31
"2026-06-02 19:09:46","KOSPI날씨분석","5~15도",0.3417647058823529
"2026-06-02 19:09:46","KOSPI날씨분석","15~22도",0.0037499999999999617
"2026-06-02 19:09:46","KOSPI날씨분석","22~28도",0.0
"2026-06-02 19:09:46","KOSPI날씨분석","28도↑",0.0
"2026-06-02 19:09:47","KOSPI날씨분석","5도↓",0.31
"2026-06-02 19:09:47","KOSPI날씨분석","5~15도",0.3417647058823529
"2026-06-02 19:09:47","KOSPI날씨분석","15~22도",0.1544444444444444
"2026-06-02 19:09:47","KOSPI날씨분석","22~28도",0.0
"2026-06-02 19:09:47","KOSPI날씨분석","28도↑",0.0
"2026-06-02 19:09:47","KOSPI날씨분석","5도↓",0.31
"2026-06-02 19:09:47","KOSPI날씨분석","5~15도",0.3417647058823529
"2026-06-02 19:09:47","KOSPI날씨분석","15~22도",0.16999999999999998
"2026-06-02 19:09:47","KOSPI날씨분석","22~28도",0.0
"2026-06-02 19:09:47","KOSPI날씨분석","28도↑",0.0
"2026-06-02 19:09:47","KOSPI날씨분석","5도↓",0.31
"2026-06-02 19:09:47","KOSPI날씨분석","5~15도",0.3417647058823529
"2026-06-02 19:09:47","KOSPI날씨분석","15~22도",0.2227272727272727
"2026-06-02 19:09:47","KOSPI날씨분석","22~28도",0.0
"2026-06-02 19:09:47","KOSPI날씨분석","28도↑",0.0
"2026-06-02 19:09:47","KOSPI날씨분석","5도↓",0.31
"2026-06-02 19:09:47","KOSPI날씨분석","5~15도",0.3417647058823529
"2026-06-02 19:09:47","KOSPI날씨분석","15~22도",0.25666666666666665
"2026-06-02 19:09:47","KOSPI날씨분석","22~28도",0.0
"2026-06-02 19:09:47","KOSPI날씨분석","28도↑",0.0
"2026-06-02 19:09:47","KOSPI날씨분석","5도↓",0.31
"2026-06-02 19:09:47","KOSPI날씨분석","5~15도",0.3417647058823529
"2026-06-02 19:09:47","KOSPI날씨분석","15~22도",0.25666666666666665
"2026-06-02 19:09:47","KOSPI날씨분석","22~28도",1.7
"2026-06-02 19:09:47","KOSPI날씨분석","28도↑",0.0
"2026-06-02 19:09:47","KOSPI날씨분석","5도↓",0.31
"2026-06-02 19:09:47","KOSPI날씨분석","5~15도",0.3417647058823529
"2026-06-02 19:09:47","KOSPI날씨분석","15~22도",0.25666666666666665
"2026-06-02 19:09:47","KOSPI날씨분석","22~28도",0.5249999999999999
"2026-06-02 19:09:47","KOSPI날씨분석","28도↑",0.0
"2026-06-02 19:09:47","KOSPI날씨분석","5도↓",0.31
"2026-06-02 19:09:47","KOSPI날씨분석","5~15도",0.3417647058823529
"2026-06-02 19:09:47","KOSPI날씨분석","15~22도",0.25666666666666665
"2026-06-02 19:09:47","KOSPI날씨분석","22~28도",0.35666666666666663
"2026-06-02 19:09:47","KOSPI날씨분석","28도↑",0.0
"2026-06-02 19:09:47","KOSPI날씨분석","5도↓",0.31
"2026-06-02 19:09:47","KOSPI날씨분석","5~15도",0.3417647058823529
"2026-06-02 19:09:47","KOSPI날씨분석","15~22도",0.20999999999999996
"2026-06-02 19:09:47","KOSPI날씨분석","22~28도",0.35666666666666663
"2026-06-02 19:09:47","KOSPI날씨분석","28도↑",0.0
"2026-06-02 19:09:47","KOSPI날씨분석","5도↓",0.31
"2026-06-02 19:09:47","KOSPI날씨분석","5~15도",0.3417647058823529
"2026-06-02 19:09:47","KOSPI날씨분석","15~22도",0.15428571428571428
"2026-06-02 19:09:47","KOSPI날씨분석","22~28도",0.35666666666666663
"2026-06-02 19:09:47","KOSPI날씨분석","28도↑",0.0
"2026-06-02 19:09:48","KOSPI날씨분석","5도↓",0.31
"2026-06-02 19:09:48","KOSPI날씨분석","5~15도",0.3417647058823529
"2026-06-02 19:09:48","KOSPI날씨분석","15~22도",0.1713333333333333
"2026-06-02 19:09:48","KOSPI날씨분석","22~28도",0.35666666666666663
"2026-06-02 19:09:48","KOSPI날씨분석","28도↑",0.0
"2026-06-02 19:09:48","KOSPI날씨분석","5도↓",0.31
"2026-06-02 19:09:48","KOSPI날씨분석","5~15도",0.3417647058823529
"2026-06-02 19:09:48","KOSPI날씨분석","15~22도",0.11499999999999999
"2026-06-02 19:09:48","KOSPI날씨분석","22~28도",0.35666666666666663
"2026-06-02 19:09:48","KOSPI날씨분석","28도↑",0.0
"2026-06-02 19:09:48","KOSPI날씨분석","5도↓",0.31
"2026-06-02 19:09:48","KOSPI날씨분석","5~15도",0.3417647058823529
"2026-06-02 19:09:48","KOSPI날씨분석","15~22도",-0.0911764705882353
"2026-06-02 19:09:48","KOSPI날씨분석","22~28도",0.35666666666666663
"2026-06-02 19:09:48","KOSPI날씨분석","28도↑",0.0
"2026-06-02 19:09:48","KOSPI날씨분석","5도↓",0.31
"2026-06-02 19:09:48","KOSPI날씨분석","5~15도",0.3417647058823529
"2026-06-02 19:09:48","KOSPI날씨분석","15~22도",-0.09444444444444446
"2026-06-02 19:09:48","KOSPI날씨분석","22~28도",0.35666666666666663
"2026-06-02 19:09:48","KOSPI날씨분석","28도↑",0.0
"2026-06-02 19:09:48","KOSPI날씨분석","5도↓",0.31
"2026-06-02 19:09:48","KOSPI날씨분석","5~15도",0.3417647058823529
"2026-06-02 19:09:48","KOSPI날씨분석","15~22도",-0.02842105263157896
"2026-06-02 19:09:48","KOSPI날씨분석","22~28도",0.35666666666666663
"2026-06-02 19:09:48","KOSPI날씨분석","28도↑",0.0
"2026-06-02 19:09:48","KOSPI날씨분석","5도↓",0.31
"2026-06-02 19:09:48","KOSPI날씨분석","5~15도",0.3417647058823529
"2026-06-02 19:09:48","KOSPI날씨분석","15~22도",0.007999999999999985
"2026-06-02 19:09:48","KOSPI날씨분석","22~28도",0.35666666666666663
"2026-06-02 19:09:48","KOSPI날씨분석","28도↑",0.0
"2026-06-02 19:09:48","KOSPI날씨분석","5도↓",0.31
"2026-06-02 19:09:48","KOSPI날씨분석","5~15도",0.3417647058823529
"2026-06-02 19:09:48","KOSPI날씨분석","15~22도",-0.01571428571428573
"2026-06-02 19:09:48","KOSPI날씨분석","22~28도",0.35666666666666663
"2026-06-02 19:09:48","KOSPI날씨분석","28도↑",0.0
"2026-06-02 19:09:48","KOSPI날씨분석","5도↓",0.31
"2026-06-02 19:09:48","KOSPI날씨분석","5~15도",0.3417647058823529
"2026-06-02 19:09:48","KOSPI날씨분석","15~22도",-0.01571428571428573
"2026-06-02 19:09:48","KOSPI날씨분석","22~28도",0.33499999999999996
"2026-06-02 19:09:48","KOSPI날씨분석","28도↑",0.0
"2026-06-02 19:09:48","KOSPI날씨분석","5도↓",0.31
"2026-06-02 19:09:48","KOSPI날씨분석","5~15도",0.3417647058823529
"2026-06-02 19:09:48","KOSPI날씨분석","15~22도",-0.01571428571428573
"2026-06-02 19:09:48","KOSPI날씨분석","22~28도",0.011999999999999966
"2026-06-02 19:09:48","KOSPI날씨분석","28도↑",0.0
"2026-06-02 19:09:49","KOSPI날씨분석","5도↓",0.31
"2026-06-02 19:09:49","KOSPI날씨분석","5~15도",0.3417647058823529
"2026-06-02 19:09:49","KOSPI날씨분석","15~22도",0.051818181818181805
"2026-06-02 19:09:49","KOSPI날씨분석","22~28도",0.011999999999999966
"2026-06-02 19:09:49","KOSPI날씨분석","28도↑",0.0
"2026-06-02 19:09:49","KOSPI날씨분석","5도↓",0.31
"2026-06-02 19:09:49","KOSPI날씨분석","5~15도",0.3417647058823529
"2026-06-02 19:09:49","KOSPI날씨분석","15~22도",0.051818181818181805
"2026-06-02 19:09:49","KOSPI날씨분석","22~28도",0.0016666666666666382
"2026-06-02 19:09:49","KOSPI날씨분석","28도↑",0.0
"2026-06-02 19:09:49","KOSPI날씨분석","5도↓",0.31
"2026-06-02 19:09:49","KOSPI날씨분석","5~15도",0.3417647058823529
"2026-06-02 19:09:49","KOSPI날씨분석","15~22도",0.051818181818181805
"2026-06-02 19:09:49","KOSPI날씨분석","22~28도",-0.0385714285714286
"2026-06-02 19:09:49","KOSPI날씨분석","28도↑",0.0
"2026-06-02 19:09:49","KOSPI날씨분석","5도↓",0.31
"2026-06-02 19:09:49","KOSPI날씨분석","5~15도",0.3417647058823529
"2026-06-02 19:09:49","KOSPI날씨분석","15~22도",0.051818181818181805
"2026-06-02 19:09:49","KOSPI날씨분석","22~28도",0.18249999999999997
"2026-06-02 19:09:49","KOSPI날씨분석","28도↑",0.0
"2026-06-02 19:09:49","KOSPI날씨분석","5도↓",0.31
"2026-06-02 19:09:49","KOSPI날씨분석","5~15도",0.3417647058823529
"2026-06-02 19:09:49","KOSPI날씨분석","15~22도",0.051818181818181805
"2026-06-02 19:09:49","KOSPI날씨분석","22~28도",0.16888888888888887
"2026-06-02 19:09:49","KOSPI날씨분석","28도↑",0.0
"2026-06-02 19:09:49","KOSPI날씨분석","5도↓",0.31
"2026-06-02 19:09:49","KOSPI날씨분석","5~15도",0.3417647058823529
"2026-06-02 19:09:49","KOSPI날씨분석","15~22도",0.051818181818181805
"2026-06-02 19:09:49","KOSPI날씨분석","22~28도",0.21399999999999997
"2026-06-02 19:09:49","KOSPI날씨분석","28도↑",0.0
"2026-06-02 19:09:49","KOSPI날씨분석","5도↓",0.31
"2026-06-02 19:09:49","KOSPI날씨분석","5~15도",0.3417647058823529
"2026-06-02 19:09:49","KOSPI날씨분석","15~22도",0.051818181818181805
"2026-06-02 19:09:49","KOSPI날씨분석","22~28도",0.2236363636363636
"2026-06-02 19:09:49","KOSPI날씨분석","28도↑",0.0
"2026-06-02 19:09:49","KOSPI날씨분석","5도↓",0.31
"2026-06-02 19:09:49","KOSPI날씨분석","5~15도",0.3417647058823529
"2026-06-02 19:09:49","KOSPI날씨분석","15~22도",0.051818181818181805
"2026-06-02 19:09:49","KOSPI날씨분석","22~28도",0.2236363636363636
"2026-06-02 19:09:49","KOSPI날씨분석","28도↑",0.23
"2026-06-02 19:09:49","KOSPI날씨분석","5도↓",0.31
"2026-06-02 19:09:49","KOSPI날씨분석","5~15도",0.3417647058823529
"2026-06-02 19:09:49","KOSPI날씨분석","15~22도",0.051818181818181805
"2026-06-02 19:09:49","KOSPI날씨분석","22~28도",0.16999999999999996
"2026-06-02 19:09:49","KOSPI날씨분석","28도↑",0.23
"2026-06-02 19:09:49","KOSPI날씨분석","5도↓",0.31
"2026-06-02 19:09:49","KOSPI날씨분석","5~15도",0.3417647058823529
"2026-06-02 19:09:49","KOSPI날씨분석","15~22도",0.051818181818181805
"2026-06-02 19:09:49","KOSPI날씨분석","22~28도",0.10923076923076919
"2026-06-02 19:09:49","KOSPI날씨분석","28도↑",0.23
"2026-06-02 19:09:50","KOSPI날씨분석","5도↓",0.31
"2026-06-02 19:09:50","KOSPI날씨분석","5~15도",0.3417647058823529
"2026-06-02 19:09:50","KOSPI날씨분석","15~22도",0.051818181818181805
"2026-06-02 19:09:50","KOSPI날씨분석","22~28도",0.17857142857142855
"2026-06-02 19:09:50","KOSPI날씨분석","28도↑",0.23
"2026-06-02 19:09:50","KOSPI날씨분석","5도↓",0.31
"2026-06-02 19:09:50","KOSPI날씨분석","5~15도",0.3417647058823529
"2026-06-02 19:09:50","KOSPI날씨분석","15~22도",-0.010869565217391314
"2026-06-02 19:09:50","KOSPI날씨분석","22~28도",0.17857142857142855
"2026-06-02 19:09:50","KOSPI날씨분석","28도↑",0.23
"2026-06-02 19:09:50","KOSPI날씨분석","5도↓",0.31
"2026-06-02 19:09:50","KOSPI날씨분석","5~15도",0.3417647058823529
"2026-06-02 19:09:50","KOSPI날씨분석","15~22도",-0.010869565217391314
"2026-06-02 19:09:50","KOSPI날씨분석","22~28도",0.04066666666666664
"2026-06-02 19:09:50","KOSPI날씨분석","28도↑",0.23
"2026-06-02 19:09:50","KOSPI날씨분석","5도↓",0.31
"2026-06-02 19:09:50","KOSPI날씨분석","5~15도",0.3417647058823529
"2026-06-02 19:09:50","KOSPI날씨분석","15~22도",-0.010869565217391314
"2026-06-02 19:09:50","KOSPI날씨분석","22~28도",-0.14937500000000004
"2026-06-02 19:09:50","KOSPI날씨분석","28도↑",0.23
"2026-06-02 19:09:50","KOSPI날씨분석","5도↓",0.31
"2026-06-02 19:09:50","KOSPI날씨분석","5~15도",0.3417647058823529
"2026-06-02 19:09:50","KOSPI날씨분석","15~22도",-0.010869565217391314
"2026-06-02 19:09:50","KOSPI날씨분석","22~28도",-0.14937500000000004
"2026-06-02 19:09:50","KOSPI날씨분석","28도↑",0.925
"2026-06-02 19:09:50","KOSPI날씨분석","5도↓",0.31
"2026-06-02 19:09:50","KOSPI날씨분석","5~15도",0.3417647058823529
"2026-06-02 19:09:50","KOSPI날씨분석","15~22도",-0.010869565217391314
"2026-06-02 19:09:50","KOSPI날씨분석","22~28도",-0.14937500000000004
"2026-06-02 19:09:50","KOSPI날씨분석","28도↑",0.41
"2026-06-02 19:09:50","KOSPI날씨분석","5도↓",0.31
"2026-06-02 19:09:50","KOSPI날씨분석","5~15도",0.3417647058823529
"2026-06-02 19:09:50","KOSPI날씨분석","15~22도",-0.010869565217391314
"2026-06-02 19:09:50","KOSPI날씨분석","22~28도",-0.14937500000000004
"2026-06-02 19:09:50","KOSPI날씨분석","28도↑",0.1175
"2026-06-02 19:09:50","KOSPI날씨분석","5도↓",0.31
"2026-06-02 19:09:50","KOSPI날씨분석","5~15도",0.3417647058823529
"2026-06-02 19:09:50","KOSPI날씨분석","15~22도",-0.010869565217391314
"2026-06-02 19:09:50","KOSPI날씨분석","22~28도",-0.14937500000000004
"2026-06-02 19:09:50","KOSPI날씨분석","28도↑",-0.078
"2026-06-02 19:09:50","KOSPI날씨분석","5도↓",0.31
"2026-06-02 19:09:50","KOSPI날씨분석","5~15도",0.3417647058823529
"2026-06-02 19:09:50","KOSPI날씨분석","15~22도",-0.010869565217391314
"2026-06-02 19:09:50","KOSPI날씨분석","22~28도",-0.14937500000000004
"2026-06-02 19:09:50","KOSPI날씨분석","28도↑",-0.9933333333333333
"2026-06-02 19:09:51","KOSPI날씨분석","5도↓",0.31
"2026-06-02 19:09:51","KOSPI날씨분석","5~15도",0.3417647058823529
"2026-06-02 19:09:51","KOSPI날씨분석","15~22도",-0.010869565217391314
"2026-06-02 19:09:51","KOSPI날씨분석","22~28도",-0.14937500000000004
"2026-06-02 19:09:51","KOSPI날씨분석","28도↑",-0.8142857142857143
"2026-06-02 19:09:51","KOSPI날씨분석","5도↓",0.31
"2026-06-02 19:09:51","KOSPI날씨분석","5~15도",0.3417647058823529
"2026-06-02 19:09:51","KOSPI날씨분석","15~22도",-0.010869565217391314
"2026-06-02 19:09:51","KOSPI날씨분석","22~28도",-0.14937500000000004
"2026-06-02 19:09:51","KOSPI날씨분석","28도↑",-0.93
"2026-06-02 19:09:51","KOSPI날씨분석","5도↓",0.31
"2026-06-02 19:09:51","KOSPI날씨분석","5~15도",0.3417647058823529
"2026-06-02 19:09:51","KOSPI날씨분석","15~22도",-0.010869565217391314
"2026-06-02 19:09:51","KOSPI날씨분석","22~28도",-0.14937500000000004
"2026-06-02 19:09:51","KOSPI날씨분석","28도↑",-0.09333333333333342
"2026-06-02 19:09:51","KOSPI날씨분석","5도↓",0.31
"2026-06-02 19:09:51","KOSPI날씨분석","5~15도",0.3417647058823529
"2026-06-02 19:09:51","KOSPI날씨분석","15~22도",-0.010869565217391314
"2026-06-02 19:09:51","KOSPI날씨분석","22~28도",-0.14937500000000004
"2026-06-02 19:09:51","KOSPI날씨분석","28도↑",-0.13400000000000006
"2026-06-02 19:09:51","KOSPI날씨분석","5도↓",0.31
"2026-06-02 19:09:51","KOSPI날씨분석","5~15도",0.3417647058823529
"2026-06-02 19:09:51","KOSPI날씨분석","15~22도",-0.010869565217391314
"2026-06-02 19:09:51","KOSPI날씨분석","22~28도",-0.08470588235294121
"2026-06-02 19:09:51","KOSPI날씨분석","28도↑",-0.13400000000000006
"2026-06-02 19:09:51","KOSPI날씨분석","5도↓",0.31
"2026-06-02 19:09:51","KOSPI날씨분석","5~15도",0.3417647058823529
"2026-06-02 19:09:51","KOSPI날씨분석","15~22도",-0.010869565217391314
"2026-06-02 19:09:51","KOSPI날씨분석","22~28도",-0.031111111111111145
"2026-06-02 19:09:51","KOSPI날씨분석","28도↑",-0.13400000000000006
"2026-06-02 19:09:51","KOSPI날씨분석","5도↓",0.31
"2026-06-02 19:09:51","KOSPI날씨분석","5~15도",0.3417647058823529
"2026-06-02 19:09:51","KOSPI날씨분석","15~22도",-0.010869565217391314
"2026-06-02 19:09:51","KOSPI날씨분석","22~28도",-0.09315789473684213
"2026-06-02 19:09:51","KOSPI날씨분석","28도↑",-0.13400000000000006
"2026-06-02 19:09:51","KOSPI날씨분석","5도↓",0.31
"2026-06-02 19:09:51","KOSPI날씨분석","5~15도",0.3417647058823529
"2026-06-02 19:09:51","KOSPI날씨분석","15~22도",-0.010869565217391314
"2026-06-02 19:09:51","KOSPI날씨분석","22~28도",-0.04150000000000002
"2026-06-02 19:09:51","KOSPI날씨분석","28도↑",-0.13400000000000006
"2026-06-02 19:09:51","KOSPI날씨분석","5도↓",0.31
"2026-06-02 19:09:51","KOSPI날씨분석","5~15도",0.3417647058823529
"2026-06-02 19:09:51","KOSPI날씨분석","15~22도",-0.010869565217391314
"2026-06-02 19:09:51","KOSPI날씨분석","22~28도",-0.01428571428571431
"2026-06-02 19:09:51","KOSPI날씨분석","28도↑",-0.13400000000000006
"2026-06-02 19:09:51","KOSPI날씨분석","5도↓",0.31
"2026-06-02 19:09:51","KOSPI날씨분석","5~15도",0.3417647058823529
"2026-06-02 19:09:51","KOSPI날씨분석","15~22도",-0.010869565217391314
"2026-06-02 19:09:51","KOSPI날씨분석","22~28도",-0.004545454545454567
"2026-06-02 19:09:51","KOSPI날씨분석","28도↑",-0.13400000000000006
"2026-06-02 19:09:52","KOSPI날씨분석","5도↓",0.31
"2026-06-02 19:09:52","KOSPI날씨분석","5~15도",0.3417647058823529
"2026-06-02 19:09:52","KOSPI날씨분석","15~22도",-0.010869565217391314
"2026-06-02 19:09:52","KOSPI날씨분석","22~28도",-0.004545454545454567
"2026-06-02 19:09:52","KOSPI날씨분석","28도↑",-0.12818181818181826
"2026-06-02 19:09:52","KOSPI날씨분석","5도↓",0.31
"2026-06-02 19:09:52","KOSPI날씨분석","5~15도",0.3417647058823529
"2026-06-02 19:09:52","KOSPI날씨분석","15~22도",-0.010869565217391314
"2026-06-02 19:09:52","KOSPI날씨분석","22~28도",-0.004545454545454567
"2026-06-02 19:09:52","KOSPI날씨분석","28도↑",0.013333333333333272
"2026-06-02 19:09:52","KOSPI날씨분석","5도↓",0.31
"2026-06-02 19:09:52","KOSPI날씨분석","5~15도",0.3417647058823529
"2026-06-02 19:09:52","KOSPI날씨분석","15~22도",-0.010869565217391314
"2026-06-02 19:09:52","KOSPI날씨분석","22~28도",-0.004545454545454567
"2026-06-02 19:09:52","KOSPI날씨분석","28도↑",0.00230769230769225
"2026-06-02 19:09:52","KOSPI날씨분석","5도↓",0.31
"2026-06-02 19:09:52","KOSPI날씨분석","5~15도",0.3417647058823529
"2026-06-02 19:09:52","KOSPI날씨분석","15~22도",-0.010869565217391314
"2026-06-02 19:09:52","KOSPI날씨분석","22~28도",-0.004545454545454567
"2026-06-02 19:09:52","KOSPI날씨분석","28도↑",0.06999999999999994
"2026-06-02 19:09:52","KOSPI날씨분석","5도↓",0.31
"2026-06-02 19:09:52","KOSPI날씨분석","5~15도",0.3417647058823529
"2026-06-02 19:09:52","KOSPI날씨분석","15~22도",-0.010869565217391314
"2026-06-02 19:09:52","KOSPI날씨분석","22~28도",-0.004545454545454567
"2026-06-02 19:09:52","KOSPI날씨분석","28도↑",0.07199999999999994
"2026-06-02 19:09:52","KOSPI날씨분석","5도↓",0.31
"2026-06-02 19:09:52","KOSPI날씨분석","5~15도",0.3417647058823529
"2026-06-02 19:09:52","KOSPI날씨분석","15~22도",-0.010869565217391314
"2026-06-02 19:09:52","KOSPI날씨분석","22~28도",-0.004545454545454567
"2026-06-02 19:09:52","KOSPI날씨분석","28도↑",0.10812499999999994
"2026-06-02 19:09:52","KOSPI날씨분석","5도↓",0.31
"2026-06-02 19:09:52","KOSPI날씨분석","5~15도",0.3417647058823529
"2026-06-02 19:09:52","KOSPI날씨분석","15~22도",-0.010869565217391314
"2026-06-02 19:09:52","KOSPI날씨분석","22~28도",-0.004545454545454567
"2026-06-02 19:09:52","KOSPI날씨분석","28도↑",0.08176470588235288
"2026-06-02 19:09:52","KOSPI날씨분석","5도↓",0.31
"2026-06-02 19:09:52","KOSPI날씨분석","5~15도",0.3417647058823529
"2026-06-02 19:09:52","KOSPI날씨분석","15~22도",-0.010869565217391314
"2026-06-02 19:09:52","KOSPI날씨분석","22~28도",-0.004545454545454567
"2026-06-02 19:09:52","KOSPI날씨분석","28도↑",0.08388888888888883
"2026-06-02 19:09:52","KOSPI날씨분석","5도↓",0.31
"2026-06-02 19:09:52","KOSPI날씨분석","5~15도",0.3417647058823529
"2026-06-02 19:09:52","KOSPI날씨분석","15~22도",-0.010869565217391314
"2026-06-02 19:09:52","KOSPI날씨분석","22~28도",-0.004545454545454567
"2026-06-02 19:09:52","KOSPI날씨분석","28도↑",0.10842105263157888
"2026-06-02 19:09:52","KOSPI날씨분석","5도↓",0.31
"2026-06-02 19:09:52","KOSPI날씨분석","5~15도",0.3417647058823529
"2026-06-02 19:09:52","KOSPI날씨분석","15~22도",-0.010869565217391314
"2026-06-02 19:09:52","KOSPI날씨분석","22~28도",0.005217391304347806
"2026-06-02 19:09:52","KOSPI날씨분석","28도↑",0.10842105263157888
"2026-06-02 19:09:53","KOSPI날씨분석","5도↓",0.31
"2026-06-02 19:09:53","KOSPI날씨분석","5~15도",0.3417647058823529
"2026-06-02 19:09:53","KOSPI날씨분석","15~22도",-0.010869565217391314
"2026-06-02 19:09:53","KOSPI날씨분석","22~28도",0.005217391304347806
"2026-06-02 19:09:53","KOSPI날씨분석","28도↑",0.09849999999999993
"2026-06-02 19:09:53","KOSPI날씨분석","5도↓",0.31
"2026-06-02 19:09:53","KOSPI날씨분석","5~15도",0.3417647058823529
"2026-06-02 19:09:53","KOSPI날씨분석","15~22도",-0.010869565217391314
"2026-06-02 19:09:53","KOSPI날씨분석","22~28도",0.05374999999999997
"2026-06-02 19:09:53","KOSPI날씨분석","28도↑",0.09849999999999993
"2026-06-02 19:09:53","KOSPI날씨분석","5도↓",0.31
"2026-06-02 19:09:53","KOSPI날씨분석","5~15도",0.3417647058823529
"2026-06-02 19:09:53","KOSPI날씨분석","15~22도",-0.010869565217391314
"2026-06-02 19:09:53","KOSPI날씨분석","22~28도",0.053199999999999976
"2026-06-02 19:09:53","KOSPI날씨분석","28도↑",0.09849999999999993
"2026-06-02 19:09:53","KOSPI날씨분석","5도↓",0.31
"2026-06-02 19:09:53","KOSPI날씨분석","5~15도",0.3417647058823529
"2026-06-02 19:09:53","KOSPI날씨분석","15~22도",-0.010869565217391314
"2026-06-02 19:09:53","KOSPI날씨분석","22~28도",0.053199999999999976
"2026-06-02 19:09:53","KOSPI날씨분석","28도↑",0.1523809523809523
"2026-06-02 19:09:53","KOSPI날씨분석","5도↓",0.31
"2026-06-02 19:09:53","KOSPI날씨분석","5~15도",0.3417647058823529
"2026-06-02 19:09:53","KOSPI날씨분석","15~22도",-0.010869565217391314
"2026-06-02 19:09:53","KOSPI날씨분석","22~28도",0.023076923076923054
"2026-06-02 19:09:53","KOSPI날씨분석","28도↑",0.1523809523809523
"2026-06-02 19:09:53","KOSPI날씨분석","5도↓",0.31
"2026-06-02 19:09:53","KOSPI날씨분석","5~15도",0.3417647058823529
"2026-06-02 19:09:53","KOSPI날씨분석","15~22도",-0.010869565217391314
"2026-06-02 19:09:53","KOSPI날씨분석","22~28도",0.029999999999999978
"2026-06-02 19:09:53","KOSPI날씨분석","28도↑",0.1523809523809523
"2026-06-02 19:09:53","KOSPI날씨분석","5도↓",0.31
"2026-06-02 19:09:53","KOSPI날씨분석","5~15도",0.3417647058823529
"2026-06-02 19:09:53","KOSPI날씨분석","15~22도",-0.010869565217391314
"2026-06-02 19:09:53","KOSPI날씨분석","22~28도",0.029999999999999978
"2026-06-02 19:09:53","KOSPI날씨분석","28도↑",0.10499999999999993
"2026-06-02 19:09:53","KOSPI날씨분석","5도↓",0.31
"2026-06-02 19:09:53","KOSPI날씨분석","5~15도",0.3417647058823529
"2026-06-02 19:09:53","KOSPI날씨분석","15~22도",-0.010869565217391314
"2026-06-02 19:09:53","KOSPI날씨분석","22~28도",0.029999999999999978
"2026-06-02 19:09:53","KOSPI날씨분석","28도↑",0.09782608695652166
"2026-06-02 19:09:53","KOSPI날씨분석","5도↓",0.31
"2026-06-02 19:09:53","KOSPI날씨분석","5~15도",0.3417647058823529
"2026-06-02 19:09:53","KOSPI날씨분석","15~22도",-0.010869565217391314
"2026-06-02 19:09:53","KOSPI날씨분석","22~28도",0.029999999999999978
"2026-06-02 19:09:53","KOSPI날씨분석","28도↑",0.1316666666666666
"2026-06-02 19:09:53","KOSPI날씨분석","5도↓",0.31
"2026-06-02 19:09:53","KOSPI날씨분석","5~15도",0.3417647058823529
"2026-06-02 19:09:53","KOSPI날씨분석","15~22도",-0.010869565217391314
"2026-06-02 19:09:53","KOSPI날씨분석","22~28도",0.029999999999999978
"2026-06-02 19:09:53","KOSPI날씨분석","28도↑",0.07759999999999993
"2026-06-02 19:09:54","KOSPI날씨분석","5도↓",0.31
"2026-06-02 19:09:54","KOSPI날씨분석","5~15도",0.3417647058823529
"2026-06-02 19:09:54","KOSPI날씨분석","15~22도",-0.010869565217391314
"2026-06-02 19:09:54","KOSPI날씨분석","22~28도",0.029999999999999978
"2026-06-02 19:09:54","KOSPI날씨분석","28도↑",0.07230769230769224
"2026-06-02 19:09:54","KOSPI날씨분석","5도↓",0.31
"2026-06-02 19:09:54","KOSPI날씨분석","5~15도",0.3417647058823529
"2026-06-02 19:09:54","KOSPI날씨분석","15~22도",-0.010869565217391314
"2026-06-02 19:09:54","KOSPI날씨분석","22~28도",0.029999999999999978
"2026-06-02 19:09:54","KOSPI날씨분석","28도↑",0.1444444444444444
"2026-06-02 19:09:54","KOSPI날씨분석","5도↓",0.31
"2026-06-02 19:09:54","KOSPI날씨분석","5~15도",0.3417647058823529
"2026-06-02 19:09:54","KOSPI날씨분석","15~22도",-0.010869565217391314
"2026-06-02 19:09:54","KOSPI날씨분석","22~28도",0.029999999999999978
"2026-06-02 19:09:54","KOSPI날씨분석","28도↑",0.1296428571428571
"2026-06-02 19:09:54","KOSPI날씨분석","5도↓",0.31
"2026-06-02 19:09:54","KOSPI날씨분석","5~15도",0.3417647058823529
"2026-06-02 19:09:54","KOSPI날씨분석","15~22도",-0.010869565217391314
"2026-06-02 19:09:54","KOSPI날씨분석","22~28도",0.07357142857142855
"2026-06-02 19:09:54","KOSPI날씨분석","28도↑",0.1296428571428571
"2026-06-02 19:09:54","KOSPI날씨분석","5도↓",0.31
"2026-06-02 19:09:54","KOSPI날씨분석","5~15도",0.3417647058823529
"2026-06-02 19:09:54","KOSPI날씨분석","15~22도",-0.010869565217391314
"2026-06-02 19:09:54","KOSPI날씨분석","22~28도",0.1362068965517241
"2026-06-02 19:09:54","KOSPI날씨분석","28도↑",0.1296428571428571
"2026-06-02 19:09:54","KOSPI날씨분석","5도↓",0.31
"2026-06-02 19:09:54","KOSPI날씨분석","5~15도",0.3417647058823529
"2026-06-02 19:09:54","KOSPI날씨분석","15~22도",-0.010869565217391314
"2026-06-02 19:09:54","KOSPI날씨분석","22~28도",0.1362068965517241
"2026-06-02 19:09:54","KOSPI날씨분석","28도↑",0.0962068965517241
"2026-06-02 19:09:54","KOSPI날씨분석","5도↓",0.31
"2026-06-02 19:09:54","KOSPI날씨분석","5~15도",0.3417647058823529
"2026-06-02 19:09:54","KOSPI날씨분석","15~22도",-0.010869565217391314
"2026-06-02 19:09:54","KOSPI날씨분석","22~28도",0.1362068965517241
"2026-06-02 19:09:54","KOSPI날씨분석","28도↑",0.09466666666666662
"2026-06-02 19:09:54","KOSPI날씨분석","5도↓",0.31
"2026-06-02 19:09:54","KOSPI날씨분석","5~15도",0.3417647058823529
"2026-06-02 19:09:54","KOSPI날씨분석","15~22도",-0.010869565217391314
"2026-06-02 19:09:54","KOSPI날씨분석","22~28도",0.22033333333333333
"2026-06-02 19:09:54","KOSPI날씨분석","28도↑",0.09466666666666662
"2026-06-02 19:09:54","KOSPI날씨분석","5도↓",0.31
"2026-06-02 19:09:54","KOSPI날씨분석","5~15도",0.3417647058823529
"2026-06-02 19:09:54","KOSPI날씨분석","15~22도",-0.010869565217391314
"2026-06-02 19:09:54","KOSPI날씨분석","22~28도",0.26129032258064516
"2026-06-02 19:09:54","KOSPI날씨분석","28도↑",0.09466666666666662
"2026-06-02 19:09:54","KOSPI날씨분석","5도↓",0.31
"2026-06-02 19:09:54","KOSPI날씨분석","5~15도",0.3417647058823529
"2026-06-02 19:09:54","KOSPI날씨분석","15~22도",-0.010869565217391314
"2026-06-02 19:09:54","KOSPI날씨분석","22~28도",0.3015625
"2026-06-02 19:09:54","KOSPI날씨분석","28도↑",0.09466666666666662
"2026-06-02 19:09:55","KOSPI날씨분석","5도↓",0.31
"2026-06-02 19:09:55","KOSPI날씨분석","5~15도",0.3417647058823529
"2026-06-02 19:09:55","KOSPI날씨분석","15~22도",-0.010869565217391314
"2026-06-02 19:09:55","KOSPI날씨분석","22~28도",0.30939393939393944
"2026-06-02 19:09:55","KOSPI날씨분석","28도↑",0.09466666666666662
"2026-06-02 19:09:55","KOSPI날씨분석","5도↓",0.31
"2026-06-02 19:09:55","KOSPI날씨분석","5~15도",0.3417647058823529
"2026-06-02 19:09:55","KOSPI날씨분석","15~22도",-0.010869565217391314
"2026-06-02 19:09:55","KOSPI날씨분석","22~28도",0.33647058823529413
"2026-06-02 19:09:55","KOSPI날씨분석","28도↑",0.09466666666666662
"2026-06-02 19:09:55","KOSPI날씨분석","5도↓",0.31
"2026-06-02 19:09:55","KOSPI날씨분석","5~15도",0.3417647058823529
"2026-06-02 19:09:55","KOSPI날씨분석","15~22도",-0.010869565217391314
"2026-06-02 19:09:55","KOSPI날씨분석","22~28도",0.33971428571428575
"2026-06-02 19:09:55","KOSPI날씨분석","28도↑",0.09466666666666662
"2026-06-02 19:09:55","KOSPI날씨분석","5도↓",0.31
"2026-06-02 19:09:55","KOSPI날씨분석","5~15도",0.3417647058823529
"2026-06-02 19:09:55","KOSPI날씨분석","15~22도",-0.010869565217391314
"2026-06-02 19:09:55","KOSPI날씨분석","22~28도",0.30611111111111117
"2026-06-02 19:09:55","KOSPI날씨분석","28도↑",0.09466666666666662
"2026-06-02 19:09:55","KOSPI날씨분석","5도↓",0.31
"2026-06-02 19:09:55","KOSPI날씨분석","5~15도",0.3417647058823529
"2026-06-02 19:09:55","KOSPI날씨분석","15~22도",-0.010869565217391314
"2026-06-02 19:09:55","KOSPI날씨분석","22~28도",0.34648648648648656
"2026-06-02 19:09:55","KOSPI날씨분석","28도↑",0.09466666666666662
"2026-06-02 19:09:55","KOSPI날씨분석","5도↓",0.31
"2026-06-02 19:09:55","KOSPI날씨분석","5~15도",0.3417647058823529
"2026-06-02 19:09:55","KOSPI날씨분석","15~22도",-0.010869565217391314
"2026-06-02 19:09:55","KOSPI날씨분석","22~28도",0.34052631578947373
"2026-06-02 19:09:55","KOSPI날씨분석","28도↑",0.09466666666666662
"2026-06-02 19:09:55","KOSPI날씨분석","5도↓",0.31
"2026-06-02 19:09:55","KOSPI날씨분석","5~15도",0.3417647058823529
"2026-06-02 19:09:55","KOSPI날씨분석","15~22도",-0.010869565217391314
"2026-06-02 19:09:55","KOSPI날씨분석","22~28도",0.35076923076923083
"2026-06-02 19:09:55","KOSPI날씨분석","28도↑",0.09466666666666662
"2026-06-02 19:09:55","KOSPI날씨분석","5도↓",0.31
"2026-06-02 19:09:55","KOSPI날씨분석","5~15도",0.3417647058823529
"2026-06-02 19:09:55","KOSPI날씨분석","15~22도",-0.010869565217391314
"2026-06-02 19:09:55","KOSPI날씨분석","22~28도",0.34675
"2026-06-02 19:09:55","KOSPI날씨분석","28도↑",0.09466666666666662
"2026-06-02 19:09:55","KOSPI날씨분석","5도↓",0.31
"2026-06-02 19:09:55","KOSPI날씨분석","5~15도",0.3417647058823529
"2026-06-02 19:09:55","KOSPI날씨분석","15~22도",-0.010869565217391314
"2026-06-02 19:09:55","KOSPI날씨분석","22~28도",0.3743902439024391
"2026-06-02 19:09:55","KOSPI날씨분석","28도↑",0.09466666666666662
"2026-06-02 19:09:55","KOSPI날씨분석","5도↓",0.31
"2026-06-02 19:09:55","KOSPI날씨분석","5~15도",0.3417647058823529
"2026-06-02 19:09:55","KOSPI날씨분석","15~22도",-0.020416666666666677
"2026-06-02 19:09:55","KOSPI날씨분석","22~28도",0.3743902439024391
"2026-06-02 19:09:55","KOSPI날씨분석","28도↑",0.09466666666666662
"2026-06-02 19:09:56","KOSPI날씨분석","5도↓",0.31
"2026-06-02 19:09:56","KOSPI날씨분석","5~15도",0.3417647058823529
"2026-06-02 19:09:56","KOSPI날씨분석","15~22도",0.09879999999999999
"2026-06-02 19:09:56","KOSPI날씨분석","22~28도",0.3743902439024391
"2026-06-02 19:09:56","KOSPI날씨분석","28도↑",0.09466666666666662
"2026-06-02 19:09:56","KOSPI날씨분석","5도↓",0.31
"2026-06-02 19:09:56","KOSPI날씨분석","5~15도",0.3417647058823529
"2026-06-02 19:09:56","KOSPI날씨분석","15~22도",0.09879999999999999
"2026-06-02 19:09:56","KOSPI날씨분석","22~28도",0.36904761904761907
"2026-06-02 19:09:56","KOSPI날씨분석","28도↑",0.09466666666666662
"2026-06-02 19:09:56","KOSPI날씨분석","5도↓",0.31
"2026-06-02 19:09:56","KOSPI날씨분석","5~15도",0.3417647058823529
"2026-06-02 19:09:56","KOSPI날씨분석","15~22도",0.05961538461538461
"2026-06-02 19:09:56","KOSPI날씨분석","22~28도",0.36904761904761907
"2026-06-02 19:09:56","KOSPI날씨분석","28도↑",0.09466666666666662
"2026-06-02 19:09:56","KOSPI날씨분석","5도↓",0.31
"2026-06-02 19:09:56","KOSPI날씨분석","5~15도",0.3417647058823529
"2026-06-02 19:09:56","KOSPI날씨분석","15~22도",0.05961538461538461
"2026-06-02 19:09:56","KOSPI날씨분석","22~28도",0.3425581395348838
"2026-06-02 19:09:56","KOSPI날씨분석","28도↑",0.09466666666666662
"2026-06-02 19:09:56","KOSPI날씨분석","5도↓",0.31
"2026-06-02 19:09:56","KOSPI날씨분석","5~15도",0.3417647058823529
"2026-06-02 19:09:56","KOSPI날씨분석","15~22도",0.07666666666666666
"2026-06-02 19:09:56","KOSPI날씨분석","22~28도",0.3425581395348838
"2026-06-02 19:09:56","KOSPI날씨분석","28도↑",0.09466666666666662
"2026-06-02 19:09:56","KOSPI날씨분석","5도↓",0.31
"2026-06-02 19:09:56","KOSPI날씨분석","5~15도",0.3417647058823529
"2026-06-02 19:09:56","KOSPI날씨분석","15~22도",0.09464285714285714
"2026-06-02 19:09:56","KOSPI날씨분석","22~28도",0.3425581395348838
"2026-06-02 19:09:56","KOSPI날씨분석","28도↑",0.09466666666666662
"2026-06-02 19:09:56","KOSPI날씨분석","5도↓",0.31
"2026-06-02 19:09:56","KOSPI날씨분석","5~15도",0.3417647058823529
"2026-06-02 19:09:56","KOSPI날씨분석","15~22도",0.07517241379310344
"2026-06-02 19:09:56","KOSPI날씨분석","22~28도",0.3425581395348838
"2026-06-02 19:09:56","KOSPI날씨분석","28도↑",0.09466666666666662
"2026-06-02 19:09:56","KOSPI날씨분석","5도↓",0.31
"2026-06-02 19:09:56","KOSPI날씨분석","5~15도",0.3417647058823529
"2026-06-02 19:09:56","KOSPI날씨분석","15~22도",0.11733333333333332
"2026-06-02 19:09:56","KOSPI날씨분석","22~28도",0.3425581395348838
"2026-06-02 19:09:56","KOSPI날씨분석","28도↑",0.09466666666666662
"2026-06-02 19:09:56","KOSPI날씨분석","5도↓",0.31
"2026-06-02 19:09:56","KOSPI날씨분석","5~15도",0.3417647058823529
"2026-06-02 19:09:56","KOSPI날씨분석","15~22도",0.049354838709677405
"2026-06-02 19:09:56","KOSPI날씨분석","22~28도",0.3425581395348838
"2026-06-02 19:09:56","KOSPI날씨분석","28도↑",0.09466666666666662
"2026-06-02 19:09:56","KOSPI날씨분석","5도↓",0.31
"2026-06-02 19:09:56","KOSPI날씨분석","5~15도",0.3417647058823529
"2026-06-02 19:09:56","KOSPI날씨분석","15~22도",0.053124999999999985
"2026-06-02 19:09:56","KOSPI날씨분석","22~28도",0.3425581395348838
"2026-06-02 19:09:56","KOSPI날씨분석","28도↑",0.09466666666666662
"2026-06-02 19:09:57","KOSPI날씨분석","5도↓",0.31
"2026-06-02 19:09:57","KOSPI날씨분석","5~15도",0.3417647058823529
"2026-06-02 19:09:57","KOSPI날씨분석","15~22도",0.10636363636363635
"2026-06-02 19:09:57","KOSPI날씨분석","22~28도",0.3425581395348838
"2026-06-02 19:09:57","KOSPI날씨분석","28도↑",0.09466666666666662
"2026-06-02 19:09:57","KOSPI날씨분석","5도↓",0.31
"2026-06-02 19:09:57","KOSPI날씨분석","5~15도",0.3417647058823529
"2026-06-02 19:09:57","KOSPI날씨분석","15~22도",0.12088235294117645
"2026-06-02 19:09:57","KOSPI날씨분석","22~28도",0.3425581395348838
"2026-06-02 19:09:57","KOSPI날씨분석","28도↑",0.09466666666666662
"2026-06-02 19:09:57","KOSPI날씨분석","5도↓",0.31
"2026-06-02 19:09:57","KOSPI날씨분석","5~15도",0.3417647058823529
"2026-06-02 19:09:57","KOSPI날씨분석","15~22도",0.16257142857142856
"2026-06-02 19:09:57","KOSPI날씨분석","22~28도",0.3425581395348838
"2026-06-02 19:09:57","KOSPI날씨분석","28도↑",0.09466666666666662
"2026-06-02 19:09:57","KOSPI날씨분석","5도↓",0.31
"2026-06-02 19:09:57","KOSPI날씨분석","5~15도",0.3417647058823529
"2026-06-02 19:09:57","KOSPI날씨분석","15~22도",0.15166666666666664
"2026-06-02 19:09:57","KOSPI날씨분석","22~28도",0.3425581395348838
"2026-06-02 19:09:57","KOSPI날씨분석","28도↑",0.09466666666666662
"2026-06-02 19:09:57","KOSPI날씨분석","5도↓",0.31
"2026-06-02 19:09:57","KOSPI날씨분석","5~15도",0.3417647058823529
"2026-06-02 19:09:57","KOSPI날씨분석","15~22도",0.16999999999999998
"2026-06-02 19:09:57","KOSPI날씨분석","22~28도",0.3425581395348838
"2026-06-02 19:09:57","KOSPI날씨분석","28도↑",0.09466666666666662
"2026-06-02 19:09:57","KOSPI날씨분석","5도↓",0.31
"2026-06-02 19:09:57","KOSPI날씨분석","5~15도",0.3417647058823529
"2026-06-02 19:09:57","KOSPI날씨분석","15~22도",0.1763157894736842
"2026-06-02 19:09:57","KOSPI날씨분석","22~28도",0.3425581395348838
"2026-06-02 19:09:57","KOSPI날씨분석","28도↑",0.09466666666666662
"2026-06-02 19:09:57","KOSPI날씨분석","5도↓",0.31
"2026-06-02 19:09:57","KOSPI날씨분석","5~15도",0.3417647058823529
"2026-06-02 19:09:57","KOSPI날씨분석","15~22도",0.1487179487179487
"2026-06-02 19:09:57","KOSPI날씨분석","22~28도",0.3425581395348838
"2026-06-02 19:09:57","KOSPI날씨분석","28도↑",0.09466666666666662
"2026-06-02 19:09:57","KOSPI날씨분석","5도↓",0.31
"2026-06-02 19:09:57","KOSPI날씨분석","5~15도",0.3417647058823529
"2026-06-02 19:09:57","KOSPI날씨분석","15~22도",0.14975
"2026-06-02 19:09:57","KOSPI날씨분석","22~28도",0.3425581395348838
"2026-06-02 19:09:57","KOSPI날씨분석","28도↑",0.09466666666666662
"2026-06-02 19:09:57","KOSPI날씨분석","5도↓",0.31
"2026-06-02 19:09:57","KOSPI날씨분석","5~15도",0.3417647058823529
"2026-06-02 19:09:57","KOSPI날씨분석","15~22도",0.14292682926829267
"2026-06-02 19:09:57","KOSPI날씨분석","22~28도",0.3425581395348838
"2026-06-02 19:09:57","KOSPI날씨분석","28도↑",0.09466666666666662
"2026-06-02 19:09:57","KOSPI날씨분석","5도↓",0.31
"2026-06-02 19:09:57","KOSPI날씨분석","5~15도",0.3622222222222222
"2026-06-02 19:09:57","KOSPI날씨분석","15~22도",0.14292682926829267
"2026-06-02 19:09:57","KOSPI날씨분석","22~28도",0.3425581395348838
"2026-06-02 19:09:57","KOSPI날씨분석","28도↑",0.09466666666666662
"2026-06-02 19:09:58","KOSPI날씨분석","5도↓",0.31
"2026-06-02 19:09:58","KOSPI날씨분석","5~15도",0.27631578947368424
"2026-06-02 19:09:58","KOSPI날씨분석","15~22도",0.14292682926829267
"2026-06-02 19:09:58","KOSPI날씨분석","22~28도",0.3425581395348838
"2026-06-02 19:09:58","KOSPI날씨분석","28도↑",0.09466666666666662
"2026-06-02 19:09:58","KOSPI날씨분석","5도↓",0.31
"2026-06-02 19:09:58","KOSPI날씨분석","5~15도",0.28450000000000003
"2026-06-02 19:09:58","KOSPI날씨분석","15~22도",0.14292682926829267
"2026-06-02 19:09:58","KOSPI날씨분석","22~28도",0.3425581395348838
"2026-06-02 19:09:58","KOSPI날씨분석","28도↑",0.09466666666666662
"2026-06-02 19:09:58","KOSPI날씨분석","5도↓",0.31
"2026-06-02 19:09:58","KOSPI날씨분석","5~15도",0.28095238095238095
"2026-06-02 19:09:58","KOSPI날씨분석","15~22도",0.14292682926829267
"2026-06-02 19:09:58","KOSPI날씨분석","22~28도",0.3425581395348838
"2026-06-02 19:09:58","KOSPI날씨분석","28도↑",0.09466666666666662
"2026-06-02 19:09:58","KOSPI날씨분석","5도↓",0.31
"2026-06-02 19:09:58","KOSPI날씨분석","5~15도",0.27636363636363637
"2026-06-02 19:09:58","KOSPI날씨분석","15~22도",0.14292682926829267
"2026-06-02 19:09:58","KOSPI날씨분석","22~28도",0.3425581395348838
"2026-06-02 19:09:58","KOSPI날씨분석","28도↑",0.09466666666666662
"2026-06-02 19:09:58","KOSPI날씨분석","5도↓",0.31
"2026-06-02 19:09:58","KOSPI날씨분석","5~15도",0.2826086956521739
"2026-06-02 19:09:58","KOSPI날씨분석","15~22도",0.14292682926829267
"2026-06-02 19:09:58","KOSPI날씨분석","22~28도",0.3425581395348838
"2026-06-02 19:09:58","KOSPI날씨분석","28도↑",0.09466666666666662
"2026-06-02 19:09:58","KOSPI날씨분석","5도↓",0.31
"2026-06-02 19:09:58","KOSPI날씨분석","5~15도",0.29833333333333334
"2026-06-02 19:09:58","KOSPI날씨분석","15~22도",0.14292682926829267
"2026-06-02 19:09:58","KOSPI날씨분석","22~28도",0.3425581395348838
"2026-06-02 19:09:58","KOSPI날씨분석","28도↑",0.09466666666666662
"2026-06-02 19:09:58","KOSPI날씨분석","5도↓",0.31
"2026-06-02 19:09:58","KOSPI날씨분석","5~15도",0.316
"2026-06-02 19:09:58","KOSPI날씨분석","15~22도",0.14292682926829267
"2026-06-02 19:09:58","KOSPI날씨분석","22~28도",0.3425581395348838
"2026-06-02 19:09:58","KOSPI날씨분석","28도↑",0.09466666666666662
"2026-06-02 19:09:58","KOSPI날씨분석","5도↓",0.31
"2026-06-02 19:09:58","KOSPI날씨분석","5~15도",0.29307692307692307
"2026-06-02 19:09:58","KOSPI날씨분석","15~22도",0.14292682926829267
"2026-06-02 19:09:58","KOSPI날씨분석","22~28도",0.3425581395348838
"2026-06-02 19:09:58","KOSPI날씨분석","28도↑",0.09466666666666662
"2026-06-02 19:09:58","KOSPI날씨분석","5도↓",0.31
"2026-06-02 19:09:58","KOSPI날씨분석","5~15도",0.1385185185185185
"2026-06-02 19:09:58","KOSPI날씨분석","15~22도",0.14292682926829267
"2026-06-02 19:09:58","KOSPI날씨분석","22~28도",0.3425581395348838
"2026-06-02 19:09:58","KOSPI날씨분석","28도↑",0.09466666666666662
"2026-06-02 19:09:59","KOSPI날씨분석","5도↓",0.31
"2026-06-02 19:09:59","KOSPI날씨분석","5~15도",0.1660714285714286
"2026-06-02 19:09:59","KOSPI날씨분석","15~22도",0.14292682926829267
"2026-06-02 19:09:59","KOSPI날씨분석","22~28도",0.3425581395348838
"2026-06-02 19:09:59","KOSPI날씨분석","28도↑",0.09466666666666662
"2026-06-02 19:09:59","KOSPI날씨분석","5도↓",0.31
"2026-06-02 19:09:59","KOSPI날씨분석","5~15도",0.21551724137931033
"2026-06-02 19:09:59","KOSPI날씨분석","15~22도",0.14292682926829267
"2026-06-02 19:09:59","KOSPI날씨분석","22~28도",0.3425581395348838
"2026-06-02 19:09:59","KOSPI날씨분석","28도↑",0.09466666666666662
"2026-06-02 19:09:59","KOSPI날씨분석","5도↓",0.31
"2026-06-02 19:09:59","KOSPI날씨분석","5~15도",0.20833333333333334
"2026-06-02 19:09:59","KOSPI날씨분석","15~22도",0.14292682926829267
"2026-06-02 19:09:59","KOSPI날씨분석","22~28도",0.3425581395348838
"2026-06-02 19:09:59","KOSPI날씨분석","28도↑",0.09466666666666662
"2026-06-02 19:09:59","KOSPI날씨분석","5도↓",0.31
"2026-06-02 19:09:59","KOSPI날씨분석","5~15도",0.23129032258064516
"2026-06-02 19:09:59","KOSPI날씨분석","15~22도",0.14292682926829267
"2026-06-02 19:09:59","KOSPI날씨분석","22~28도",0.3425581395348838
"2026-06-02 19:09:59","KOSPI날씨분석","28도↑",0.09466666666666662
"2026-06-02 19:09:59","KOSPI날씨분석","5도↓",0.31
"2026-06-02 19:09:59","KOSPI날씨분석","5~15도",0.206875
"2026-06-02 19:09:59","KOSPI날씨분석","15~22도",0.14292682926829267
"2026-06-02 19:09:59","KOSPI날씨분석","22~28도",0.3425581395348838
"2026-06-02 19:09:59","KOSPI날씨분석","28도↑",0.09466666666666662
"2026-06-02 19:09:59","KOSPI날씨분석","5도↓",0.31
"2026-06-02 19:09:59","KOSPI날씨분석","5~15도",0.1975757575757576
"2026-06-02 19:09:59","KOSPI날씨분석","15~22도",0.14292682926829267
"2026-06-02 19:09:59","KOSPI날씨분석","22~28도",0.3425581395348838
"2026-06-02 19:09:59","KOSPI날씨분석","28도↑",0.09466666666666662
"2026-06-02 19:09:59","KOSPI날씨분석","5도↓",0.31
"2026-06-02 19:09:59","KOSPI날씨분석","5~15도",0.1761764705882353
"2026-06-02 19:09:59","KOSPI날씨분석","15~22도",0.14292682926829267
"2026-06-02 19:09:59","KOSPI날씨분석","22~28도",0.3425581395348838
"2026-06-02 19:09:59","KOSPI날씨분석","28도↑",0.09466666666666662
"2026-06-02 19:09:59","KOSPI날씨분석","5도↓",0.31
"2026-06-02 19:09:59","KOSPI날씨분석","5~15도",0.202
"2026-06-02 19:09:59","KOSPI날씨분석","15~22도",0.14292682926829267
"2026-06-02 19:09:59","KOSPI날씨분석","22~28도",0.3425581395348838
"2026-06-02 19:09:59","KOSPI날씨분석","28도↑",0.09466666666666662
"2026-06-02 19:09:59","KOSPI날씨분석","5도↓",0.31
"2026-06-02 19:09:59","KOSPI날씨분석","5~15도",0.1975
"2026-06-02 19:09:59","KOSPI날씨분석","15~22도",0.14292682926829267
"2026-06-02 19:09:59","KOSPI날씨분석","22~28도",0.3425581395348838
"2026-06-02 19:09:59","KOSPI날씨분석","28도↑",0.09466666666666662
"2026-06-02 19:09:59","KOSPI날씨분석","5도↓",0.31
"2026-06-02 19:09:59","KOSPI날씨분석","5~15도",0.15162162162162163
"2026-06-02 19:09:59","KOSPI날씨분석","15~22도",0.14292682926829267
"2026-06-02 19:09:59","KOSPI날씨분석","22~28도",0.3425581395348838
"2026-06-02 19:09:59","KOSPI날씨분석","28도↑",0.09466666666666662
"2026-06-02 19:10:00","KOSPI날씨분석","5도↓",-0.25
"2026-06-02 19:10:00","KOSPI날씨분석","5~15도",0.15162162162162163
"2026-06-02 19:10:00","KOSPI날씨분석","15~22도",0.14292682926829267
"2026-06-02 19:10:00","KOSPI날씨분석","22~28도",0.3425581395348838
"2026-06-02 19:10:00","KOSPI날씨분석","28도↑",0.09466666666666662
"2026-06-02 19:10:00","KOSPI날씨분석","5도↓",-0.39333333333333337
"2026-06-02 19:10:00","KOSPI날씨분석","5~15도",0.15162162162162163
"2026-06-02 19:10:00","KOSPI날씨분석","15~22도",0.14292682926829267
"2026-06-02 19:10:00","KOSPI날씨분석","22~28도",0.3425581395348838
"2026-06-02 19:10:00","KOSPI날씨분석","28도↑",0.09466666666666662
"2026-06-02 19:10:00","KOSPI날씨분석","5도↓",-0.20250000000000004
"2026-06-02 19:10:00","KOSPI날씨분석","5~15도",0.15162162162162163
"2026-06-02 19:10:00","KOSPI날씨분석","15~22도",0.14292682926829267
"2026-06-02 19:10:00","KOSPI날씨분석","22~28도",0.3425581395348838
"2026-06-02 19:10:00","KOSPI날씨분석","28도↑",0.09466666666666662
"2026-06-02 19:10:00","KOSPI날씨분석","5도↓",-0.20250000000000004
"2026-06-02 19:10:00","KOSPI날씨분석","5~15도",0.17026315789473687
"2026-06-02 19:10:00","KOSPI날씨분석","15~22도",0.14292682926829267
"2026-06-02 19:10:00","KOSPI날씨분석","22~28도",0.3425581395348838
"2026-06-02 19:10:00","KOSPI날씨분석","28도↑",0.09466666666666662
"2026-06-02 19:10:00","KOSPI날씨분석","5도↓",-0.20250000000000004
"2026-06-02 19:10:00","KOSPI날씨분석","5~15도",0.19923076923076924
"2026-06-02 19:10:00","KOSPI날씨분석","15~22도",0.14292682926829267
"2026-06-02 19:10:00","KOSPI날씨분석","22~28도",0.3425581395348838
"2026-06-02 19:10:00","KOSPI날씨분석","28도↑",0.09466666666666662
"2026-06-02 19:10:00","KOSPI날씨분석","5도↓",-0.20250000000000004
"2026-06-02 19:10:00","KOSPI날씨분석","5~15도",0.1705
"2026-06-02 19:10:00","KOSPI날씨분석","15~22도",0.14292682926829267
"2026-06-02 19:10:00","KOSPI날씨분석","22~28도",0.3425581395348838
"2026-06-02 19:10:00","KOSPI날씨분석","28도↑",0.09466666666666662
"2026-06-02 19:10:00","KOSPI날씨분석","5도↓",-0.20250000000000004
"2026-06-02 19:10:00","KOSPI날씨분석","5~15도",0.17243902439024392
"2026-06-02 19:10:00","KOSPI날씨분석","15~22도",0.14292682926829267
"2026-06-02 19:10:00","KOSPI날씨분석","22~28도",0.3425581395348838
"2026-06-02 19:10:00","KOSPI날씨분석","28도↑",0.09466666666666662
"2026-06-02 19:10:00","KOSPI날씨분석","5도↓",-0.20250000000000004
"2026-06-02 19:10:00","KOSPI날씨분석","5~15도",0.17523809523809525
"2026-06-02 19:10:00","KOSPI날씨분석","15~22도",0.14292682926829267
"2026-06-02 19:10:00","KOSPI날씨분석","22~28도",0.3425581395348838
"2026-06-02 19:10:00","KOSPI날씨분석","28도↑",0.09466666666666662
"2026-06-02 19:10:00","KOSPI날씨분석","5도↓",-0.20250000000000004
"2026-06-02 19:10:00","KOSPI날씨분석","5~15도",0.16372093023255815
"2026-06-02 19:10:00","KOSPI날씨분석","15~22도",0.14292682926829267
"2026-06-02 19:10:00","KOSPI날씨분석","22~28도",0.3425581395348838
"2026-06-02 19:10:00","KOSPI날씨분석","28도↑",0.09466666666666662
"2026-06-02 19:10:01","KOSPI날씨분석","5도↓",-0.20250000000000004
"2026-06-02 19:10:01","KOSPI날씨분석","5~15도",0.1293181818181818
"2026-06-02 19:10:01","KOSPI날씨분석","15~22도",0.14292682926829267
"2026-06-02 19:10:01","KOSPI날씨분석","22~28도",0.3425581395348838
"2026-06-02 19:10:01","KOSPI날씨분석","28도↑",0.09466666666666662
"2026-06-02 19:10:01","KOSPI날씨분석","5도↓",-0.20250000000000004
"2026-06-02 19:10:01","KOSPI날씨분석","5~15도",0.14733333333333332
"2026-06-02 19:10:01","KOSPI날씨분석","15~22도",0.14292682926829267
"2026-06-02 19:10:01","KOSPI날씨분석","22~28도",0.3425581395348838
"2026-06-02 19:10:01","KOSPI날씨분석","28도↑",0.09466666666666662
"2026-06-02 19:10:01","KOSPI날씨분석","5도↓",-0.08600000000000003
"2026-06-02 19:10:01","KOSPI날씨분석","5~15도",0.14733333333333332
"2026-06-02 19:10:01","KOSPI날씨분석","15~22도",0.14292682926829267
"2026-06-02 19:10:01","KOSPI날씨분석","22~28도",0.3425581395348838
"2026-06-02 19:10:01","KOSPI날씨분석","28도↑",0.09466666666666662
"2026-06-02 19:10:01","KOSPI날씨분석","5도↓",0.014999999999999977
"2026-06-02 19:10:01","KOSPI날씨분석","5~15도",0.14733333333333332
"2026-06-02 19:10:01","KOSPI날씨분석","15~22도",0.14292682926829267
"2026-06-02 19:10:01","KOSPI날씨분석","22~28도",0.3425581395348838
"2026-06-02 19:10:01","KOSPI날씨분석","28도↑",0.09466666666666662
"2026-06-02 19:10:01","KOSPI날씨분석","5도↓",0.03142857142857141
"2026-06-02 19:10:01","KOSPI날씨분석","5~15도",0.14733333333333332
"2026-06-02 19:10:01","KOSPI날씨분석","15~22도",0.14292682926829267
"2026-06-02 19:10:01","KOSPI날씨분석","22~28도",0.3425581395348838
"2026-06-02 19:10:01","KOSPI날씨분석","28도↑",0.09466666666666662
"2026-06-02 19:10:01","KOSPI날씨분석","5도↓",0.03142857142857141
"2026-06-02 19:10:01","KOSPI날씨분석","5~15도",0.15391304347826085
"2026-06-02 19:10:01","KOSPI날씨분석","15~22도",0.14292682926829267
"2026-06-02 19:10:01","KOSPI날씨분석","22~28도",0.3425581395348838
"2026-06-02 19:10:01","KOSPI날씨분석","28도↑",0.09466666666666662
"2026-06-02 19:10:01","KOSPI날씨분석","5도↓",0.185
"2026-06-02 19:10:01","KOSPI날씨분석","5~15도",0.15391304347826085
"2026-06-02 19:10:01","KOSPI날씨분석","15~22도",0.14292682926829267
"2026-06-02 19:10:01","KOSPI날씨분석","22~28도",0.3425581395348838
"2026-06-02 19:10:01","KOSPI날씨분석","28도↑",0.09466666666666662
"2026-06-02 19:10:01","KOSPI날씨분석","5도↓",0.35
"2026-06-02 19:10:01","KOSPI날씨분석","5~15도",0.15391304347826085
"2026-06-02 19:10:01","KOSPI날씨분석","15~22도",0.14292682926829267
"2026-06-02 19:10:01","KOSPI날씨분석","22~28도",0.3425581395348838
"2026-06-02 19:10:01","KOSPI날씨분석","28도↑",0.09466666666666662
"2026-06-02 19:10:01","KOSPI날씨분석","5도↓",0.40499999999999997
"2026-06-02 19:10:01","KOSPI날씨분석","5~15도",0.15391304347826085
"2026-06-02 19:10:01","KOSPI날씨분석","15~22도",0.14292682926829267
"2026-06-02 19:10:01","KOSPI날씨분석","22~28도",0.3425581395348838
"2026-06-02 19:10:01","KOSPI날씨분석","28도↑",0.09466666666666662
"2026-06-02 19:10:01","KOSPI날씨분석","5도↓",0.5081818181818182
"2026-06-02 19:10:01","KOSPI날씨분석","5~15도",0.15391304347826085
"2026-06-02 19:10:01","KOSPI날씨분석","15~22도",0.14292682926829267
"2026-06-02 19:10:01","KOSPI날씨분석","22~28도",0.3425581395348838
"2026-06-02 19:10:01","KOSPI날씨분석","28도↑",0.09466666666666662
"2026-06-02 19:10:02","KOSPI날씨분석","5도↓",0.49499999999999994
"2026-06-02 19:10:02","KOSPI날씨분석","5~15도",0.15391304347826085
"2026-06-02 19:10:02","KOSPI날씨분석","15~22도",0.14292682926829267
"2026-06-02 19:10:02","KOSPI날씨분석","22~28도",0.3425581395348838
"2026-06-02 19:10:02","KOSPI날씨분석","28도↑",0.09466666666666662
"2026-06-02 19:10:02","KOSPI날씨분석","5도↓",0.5523076923076923
"2026-06-02 19:10:02","KOSPI날씨분석","5~15도",0.15391304347826085
"2026-06-02 19:10:02","KOSPI날씨분석","15~22도",0.14292682926829267
"2026-06-02 19:10:02","KOSPI날씨분석","22~28도",0.3425581395348838
"2026-06-02 19:10:02","KOSPI날씨분석","28도↑",0.09466666666666662
"2026-06-02 19:10:02","KOSPI날씨분석","5도↓",0.43785714285714283
"2026-06-02 19:10:02","KOSPI날씨분석","5~15도",0.15391304347826085
"2026-06-02 19:10:02","KOSPI날씨분석","15~22도",0.14292682926829267
"2026-06-02 19:10:02","KOSPI날씨분석","22~28도",0.3425581395348838
"2026-06-02 19:10:02","KOSPI날씨분석","28도↑",0.09466666666666662
"2026-06-02 19:10:02","KOSPI날씨분석","5도↓",0.502
"2026-06-02 19:10:02","KOSPI날씨분석","5~15도",0.15391304347826085
"2026-06-02 19:10:02","KOSPI날씨분석","15~22도",0.14292682926829267
"2026-06-02 19:10:02","KOSPI날씨분석","22~28도",0.3425581395348838
"2026-06-02 19:10:02","KOSPI날씨분석","28도↑",0.09466666666666662
"2026-06-02 19:10:02","KOSPI날씨분석","5도↓",0.44187499999999996
"2026-06-02 19:10:02","KOSPI날씨분석","5~15도",0.15391304347826085
"2026-06-02 19:10:02","KOSPI날씨분석","15~22도",0.14292682926829267
"2026-06-02 19:10:02","KOSPI날씨분석","22~28도",0.3425581395348838
"2026-06-02 19:10:02","KOSPI날씨분석","28도↑",0.09466666666666662
"2026-06-02 19:10:02","KOSPI날씨분석","5도↓",0.4558823529411764
"2026-06-02 19:10:02","KOSPI날씨분석","5~15도",0.15391304347826085
"2026-06-02 19:10:02","KOSPI날씨분석","15~22도",0.14292682926829267
"2026-06-02 19:10:02","KOSPI날씨분석","22~28도",0.3425581395348838
"2026-06-02 19:10:02","KOSPI날씨분석","28도↑",0.09466666666666662
"2026-06-02 19:10:02","KOSPI날씨분석","5도↓",0.4588888888888889
"2026-06-02 19:10:02","KOSPI날씨분석","5~15도",0.15391304347826085
"2026-06-02 19:10:02","KOSPI날씨분석","15~22도",0.14292682926829267
"2026-06-02 19:10:02","KOSPI날씨분석","22~28도",0.3425581395348838
"2026-06-02 19:10:02","KOSPI날씨분석","28도↑",0.09466666666666662
"2026-06-02 19:10:02","KOSPI날씨분석","5도↓",0.41368421052631577
"2026-06-02 19:10:02","KOSPI날씨분석","5~15도",0.15391304347826085
"2026-06-02 19:10:02","KOSPI날씨분석","15~22도",0.14292682926829267
"2026-06-02 19:10:02","KOSPI날씨분석","22~28도",0.3425581395348838
"2026-06-02 19:10:02","KOSPI날씨분석","28도↑",0.09466666666666662
"2026-06-02 19:10:02","KOSPI날씨분석","5도↓",0.39149999999999996
"2026-06-02 19:10:02","KOSPI날씨분석","5~15도",0.15391304347826085
"2026-06-02 19:10:02","KOSPI날씨분석","15~22도",0.14292682926829267
"2026-06-02 19:10:02","KOSPI날씨분석","22~28도",0.3425581395348838
"2026-06-02 19:10:02","KOSPI날씨분석","28도↑",0.09466666666666662
"2026-06-02 19:10:03","KOSPI날씨분석","5도↓",0.25619047619047614
"2026-06-02 19:10:03","KOSPI날씨분석","5~15도",0.15391304347826085
"2026-06-02 19:10:03","KOSPI날씨분석","15~22도",0.14292682926829267
"2026-06-02 19:10:03","KOSPI날씨분석","22~28도",0.3425581395348838
"2026-06-02 19:10:03","KOSPI날씨분석","28도↑",0.09466666666666662
"2026-06-02 19:10:03","KOSPI날씨분석","5도↓",0.30499999999999994
"2026-06-02 19:10:03","KOSPI날씨분석","5~15도",0.15391304347826085
"2026-06-02 19:10:03","KOSPI날씨분석","15~22도",0.14292682926829267
"2026-06-02 19:10:03","KOSPI날씨분석","22~28도",0.3425581395348838
"2026-06-02 19:10:03","KOSPI날씨분석","28도↑",0.09466666666666662
"2026-06-02 19:10:03","KOSPI날씨분석","5도↓",0.2834782608695652
"2026-06-02 19:10:03","KOSPI날씨분석","5~15도",0.15391304347826085
"2026-06-02 19:10:03","KOSPI날씨분석","15~22도",0.14292682926829267
"2026-06-02 19:10:03","KOSPI날씨분석","22~28도",0.3425581395348838
"2026-06-02 19:10:03","KOSPI날씨분석","28도↑",0.09466666666666662
"2026-06-02 19:10:03","KOSPI날씨분석","5도↓",0.30958333333333327
"2026-06-02 19:10:03","KOSPI날씨분석","5~15도",0.15391304347826085
"2026-06-02 19:10:03","KOSPI날씨분석","15~22도",0.14292682926829267
"2026-06-02 19:10:03","KOSPI날씨분석","22~28도",0.3425581395348838
"2026-06-02 19:10:03","KOSPI날씨분석","28도↑",0.09466666666666662
"2026-06-02 19:10:03","KOSPI날씨분석","5도↓",0.40519999999999995
"2026-06-02 19:10:03","KOSPI날씨분석","5~15도",0.15391304347826085
"2026-06-02 19:10:03","KOSPI날씨분석","15~22도",0.14292682926829267
"2026-06-02 19:10:03","KOSPI날씨분석","22~28도",0.3425581395348838
"2026-06-02 19:10:03","KOSPI날씨분석","28도↑",0.09466666666666662
"2026-06-02 19:10:03","KOSPI날씨분석","5도↓",0.3896153846153846
"2026-06-02 19:10:03","KOSPI날씨분석","5~15도",0.15391304347826085
"2026-06-02 19:10:03","KOSPI날씨분석","15~22도",0.14292682926829267
"2026-06-02 19:10:03","KOSPI날씨분석","22~28도",0.3425581395348838
"2026-06-02 19:10:03","KOSPI날씨분석","28도↑",0.09466666666666662
"2026-06-02 19:10:03","KOSPI날씨분석","5도↓",0.43925925925925924
"2026-06-02 19:10:03","KOSPI날씨분석","5~15도",0.15391304347826085
"2026-06-02 19:10:03","KOSPI날씨분석","15~22도",0.14292682926829267
"2026-06-02 19:10:03","KOSPI날씨분석","22~28도",0.3425581395348838
"2026-06-02 19:10:03","KOSPI날씨분석","28도↑",0.09466666666666662
"2026-06-02 19:10:03","KOSPI날씨분석","5도↓",0.3978571428571428
"2026-06-02 19:10:03","KOSPI날씨분석","5~15도",0.15391304347826085
"2026-06-02 19:10:03","KOSPI날씨분석","15~22도",0.14292682926829267
"2026-06-02 19:10:03","KOSPI날씨분석","22~28도",0.3425581395348838
"2026-06-02 19:10:03","KOSPI날씨분석","28도↑",0.09466666666666662
"2026-06-02 19:10:03","KOSPI날씨분석","5도↓",0.36241379310344823
"2026-06-02 19:10:03","KOSPI날씨분석","5~15도",0.15391304347826085
"2026-06-02 19:10:03","KOSPI날씨분석","15~22도",0.14292682926829267
"2026-06-02 19:10:03","KOSPI날씨분석","22~28도",0.3425581395348838
"2026-06-02 19:10:03","KOSPI날씨분석","28도↑",0.09466666666666662
"2026-06-02 19:10:04","KOSPI날씨분석","5도↓",0.4396666666666666
"2026-06-02 19:10:04","KOSPI날씨분석","5~15도",0.15391304347826085
"2026-06-02 19:10:04","KOSPI날씨분석","15~22도",0.14292682926829267
"2026-06-02 19:10:04","KOSPI날씨분석","22~28도",0.3425581395348838
"2026-06-02 19:10:04","KOSPI날씨분석","28도↑",0.09466666666666662
"2026-06-02 19:10:04","KOSPI날씨분석","5도↓",0.5058064516129032
"2026-06-02 19:10:04","KOSPI날씨분석","5~15도",0.15391304347826085
"2026-06-02 19:10:04","KOSPI날씨분석","15~22도",0.14292682926829267
"2026-06-02 19:10:04","KOSPI날씨분석","22~28도",0.3425581395348838
"2026-06-02 19:10:04","KOSPI날씨분석","28도↑",0.09466666666666662
"2026-06-02 19:10:04","KOSPI날씨분석","5도↓",0.49031249999999993
"2026-06-02 19:10:04","KOSPI날씨분석","5~15도",0.15391304347826085
"2026-06-02 19:10:04","KOSPI날씨분석","15~22도",0.14292682926829267
"2026-06-02 19:10:04","KOSPI날씨분석","22~28도",0.3425581395348838
"2026-06-02 19:10:04","KOSPI날씨분석","28도↑",0.09466666666666662
"2026-06-02 19:10:04","KOSPI날씨분석","5도↓",0.5287878787878788
"2026-06-02 19:10:04","KOSPI날씨분석","5~15도",0.15391304347826085
"2026-06-02 19:10:04","KOSPI날씨분석","15~22도",0.14292682926829267
"2026-06-02 19:10:04","KOSPI날씨분석","22~28도",0.3425581395348838
"2026-06-02 19:10:04","KOSPI날씨분석","28도↑",0.09466666666666662
"2026-06-02 19:10:04","KOSPI날씨분석","5도↓",0.5202941176470588
"2026-06-02 19:10:04","KOSPI날씨분석","5~15도",0.15391304347826085
"2026-06-02 19:10:04","KOSPI날씨분석","15~22도",0.14292682926829267
"2026-06-02 19:10:04","KOSPI날씨분석","22~28도",0.3425581395348838
"2026-06-02 19:10:04","KOSPI날씨분석","28도↑",0.09466666666666662
"2026-06-02 19:10:04","KOSPI날씨분석","5도↓",0.5499999999999999
"2026-06-02 19:10:04","KOSPI날씨분석","5~15도",0.15391304347826085
"2026-06-02 19:10:04","KOSPI날씨분석","15~22도",0.14292682926829267
"2026-06-02 19:10:04","KOSPI날씨분석","22~28도",0.3425581395348838
"2026-06-02 19:10:04","KOSPI날씨분석","28도↑",0.09466666666666662
"2026-06-02 19:10:04","KOSPI날씨분석","5도↓",0.5074999999999998
"2026-06-02 19:10:04","KOSPI날씨분석","5~15도",0.15391304347826085
"2026-06-02 19:10:04","KOSPI날씨분석","15~22도",0.14292682926829267
"2026-06-02 19:10:04","KOSPI날씨분석","22~28도",0.3425581395348838
"2026-06-02 19:10:04","KOSPI날씨분석","28도↑",0.09466666666666662
"2026-06-02 19:10:04","KOSPI날씨분석","5도↓",0.5613513513513513
"2026-06-02 19:10:04","KOSPI날씨분석","5~15도",0.15391304347826085
"2026-06-02 19:10:04","KOSPI날씨분석","15~22도",0.14292682926829267
"2026-06-02 19:10:04","KOSPI날씨분석","22~28도",0.3425581395348838
"2026-06-02 19:10:04","KOSPI날씨분석","28도↑",0.09466666666666662
"2026-06-02 19:10:04","KOSPI날씨분석","5도↓",0.6142105263157894
"2026-06-02 19:10:04","KOSPI날씨분석","5~15도",0.15391304347826085
"2026-06-02 19:10:04","KOSPI날씨분석","15~22도",0.14292682926829267
"2026-06-02 19:10:04","KOSPI날씨분석","22~28도",0.3425581395348838
"2026-06-02 19:10:04","KOSPI날씨분석","28도↑",0.09466666666666662
"2026-06-02 19:10:04","KOSPI날씨분석","5도↓",0.5779487179487178
"2026-06-02 19:10:04","KOSPI날씨분석","5~15도",0.15391304347826085
"2026-06-02 19:10:04","KOSPI날씨분석","15~22도",0.14292682926829267
"2026-06-02 19:10:04","KOSPI날씨분석","22~28도",0.3425581395348838
"2026-06-02 19:10:04","KOSPI날씨분석","28도↑",0.09466666666666662
"2026-06-02 19:10:05","KOSPI날씨분석","5도↓",0.6074999999999999
"2026-06-02 19:10:05","KOSPI날씨분석","5~15도",0.15391304347826085
"2026-06-02 19:10:05","KOSPI날씨분석","15~22도",0.14292682926829267
"2026-06-02 19:10:05","KOSPI날씨분석","22~28도",0.3425581395348838
"2026-06-02 19:10:05","KOSPI날씨분석","28도↑",0.09466666666666662
"2026-06-02 19:10:05","KOSPI날씨분석","5도↓",0.5960975609756097
"2026-06-02 19:10:05","KOSPI날씨분석","5~15도",0.15391304347826085
"2026-06-02 19:10:05","KOSPI날씨분석","15~22도",0.14292682926829267
"2026-06-02 19:10:05","KOSPI날씨분석","22~28도",0.3425581395348838
"2026-06-02 19:10:05","KOSPI날씨분석","28도↑",0.09466666666666662
"2026-06-02 19:10:05","KOSPI날씨분석","5도↓",0.5938095238095238
"2026-06-02 19:10:05","KOSPI날씨분석","5~15도",0.15391304347826085
"2026-06-02 19:10:05","KOSPI날씨분석","15~22도",0.14292682926829267
"2026-06-02 19:10:05","KOSPI날씨분석","22~28도",0.3425581395348838
"2026-06-02 19:10:05","KOSPI날씨분석","28도↑",0.09466666666666662
"2026-06-02 19:10:05","KOSPI날씨분석","5도↓",0.6446511627906977
"2026-06-02 19:10:05","KOSPI날씨분석","5~15도",0.15391304347826085
"2026-06-02 19:10:05","KOSPI날씨분석","15~22도",0.14292682926829267
"2026-06-02 19:10:05","KOSPI날씨분석","22~28도",0.3425581395348838
"2026-06-02 19:10:05","KOSPI날씨분석","28도↑",0.09466666666666662
"2026-06-02 19:10:05","KOSPI날씨분석","5도↓",0.5761363636363636
"2026-06-02 19:10:05","KOSPI날씨분석","5~15도",0.15391304347826085
"2026-06-02 19:10:05","KOSPI날씨분석","15~22도",0.14292682926829267
"2026-06-02 19:10:05","KOSPI날씨분석","22~28도",0.3425581395348838
"2026-06-02 19:10:05","KOSPI날씨분석","28도↑",0.09466666666666662
"2026-06-02 19:10:05","KOSPI날씨분석","5도↓",0.49999999999999994
"2026-06-02 19:10:05","KOSPI날씨분석","5~15도",0.15391304347826085
"2026-06-02 19:10:05","KOSPI날씨분석","15~22도",0.14292682926829267
"2026-06-02 19:10:05","KOSPI날씨분석","22~28도",0.3425581395348838
"2026-06-02 19:10:05","KOSPI날씨분석","28도↑",0.09466666666666662
"2026-06-02 19:10:05","KOSPI날씨분석","5도↓",0.5010869565217391
"2026-06-02 19:10:05","KOSPI날씨분석","5~15도",0.15391304347826085
"2026-06-02 19:10:05","KOSPI날씨분석","15~22도",0.14292682926829267
"2026-06-02 19:10:05","KOSPI날씨분석","22~28도",0.3425581395348838
"2026-06-02 19:10:05","KOSPI날씨분석","28도↑",0.09466666666666662
"2026-06-02 19:10:05","KOSPI날씨분석","5도↓",0.45191489361702125
"2026-06-02 19:10:05","KOSPI날씨분석","5~15도",0.15391304347826085
"2026-06-02 19:10:05","KOSPI날씨분석","15~22도",0.14292682926829267
"2026-06-02 19:10:05","KOSPI날씨분석","22~28도",0.3425581395348838
"2026-06-02 19:10:05","KOSPI날씨분석","28도↑",0.09466666666666662
"2026-06-02 19:10:05","KOSPI날씨분석","5도↓",0.5054166666666666
"2026-06-02 19:10:05","KOSPI날씨분석","5~15도",0.15391304347826085
"2026-06-02 19:10:05","KOSPI날씨분석","15~22도",0.14292682926829267
"2026-06-02 19:10:05","KOSPI날씨분석","22~28도",0.3425581395348838
"2026-06-02 19:10:05","KOSPI날씨분석","28도↑",0.09466666666666662
"2026-06-02 19:10:06","KOSPI날씨분석","5도↓",0.5116326530612244
"2026-06-02 19:10:06","KOSPI날씨분석","5~15도",0.15391304347826085
"2026-06-02 19:10:06","KOSPI날씨분석","15~22도",0.14292682926829267
"2026-06-02 19:10:06","KOSPI날씨분석","22~28도",0.3425581395348838
"2026-06-02 19:10:06","KOSPI날씨분석","28도↑",0.09466666666666662
"2026-06-02 19:10:06","KOSPI날씨분석","5도↓",0.5227999999999999
"2026-06-02 19:10:06","KOSPI날씨분석","5~15도",0.15391304347826085
"2026-06-02 19:10:06","KOSPI날씨분석","15~22도",0.14292682926829267
"2026-06-02 19:10:06","KOSPI날씨분석","22~28도",0.3425581395348838
"2026-06-02 19:10:06","KOSPI날씨분석","28도↑",0.09466666666666662
"2026-06-02 19:10:06","KOSPI날씨분석","5도↓",0.522156862745098
"2026-06-02 19:10:06","KOSPI날씨분석","5~15도",0.15391304347826085
"2026-06-02 19:10:06","KOSPI날씨분석","15~22도",0.14292682926829267
"2026-06-02 19:10:06","KOSPI날씨분석","22~28도",0.3425581395348838
"2026-06-02 19:10:06","KOSPI날씨분석","28도↑",0.09466666666666662
"2026-06-02 19:10:06","KOSPI날씨분석","5도↓",0.4388461538461538
"2026-06-02 19:10:06","KOSPI날씨분석","5~15도",0.15391304347826085
"2026-06-02 19:10:06","KOSPI날씨분석","15~22도",0.14292682926829267
"2026-06-02 19:10:06","KOSPI날씨분석","22~28도",0.3425581395348838
"2026-06-02 19:10:06","KOSPI날씨분석","28도↑",0.09466666666666662
"2026-06-02 19:10:06","KOSPI날씨분석","5도↓",0.4388461538461538
"2026-06-02 19:10:06","KOSPI날씨분석","5~15도",0.19191489361702127
"2026-06-02 19:10:06","KOSPI날씨분석","15~22도",0.14292682926829267
"2026-06-02 19:10:06","KOSPI날씨분석","22~28도",0.3425581395348838
"2026-06-02 19:10:06","KOSPI날씨분석","28도↑",0.09466666666666662
"2026-06-02 19:10:06","KOSPI날씨분석","5도↓",0.3679245283018867
"2026-06-02 19:10:06","KOSPI날씨분석","5~15도",0.19191489361702127
"2026-06-02 19:10:06","KOSPI날씨분석","15~22도",0.14292682926829267
"2026-06-02 19:10:06","KOSPI날씨분석","22~28도",0.3425581395348838
"2026-06-02 19:10:06","KOSPI날씨분석","28도↑",0.09466666666666662
"2026-06-02 19:10:06","KOSPI날씨분석","5도↓",0.34981481481481475
"2026-06-02 19:10:06","KOSPI날씨분석","5~15도",0.19191489361702127
"2026-06-02 19:10:06","KOSPI날씨분석","15~22도",0.14292682926829267
"2026-06-02 19:10:06","KOSPI날씨분석","22~28도",0.3425581395348838
"2026-06-02 19:10:06","KOSPI날씨분석","28도↑",0.09466666666666662
"2026-06-02 19:10:06","KOSPI날씨분석","5도↓",0.3783636363636363
"2026-06-02 19:10:06","KOSPI날씨분석","5~15도",0.19191489361702127
"2026-06-02 19:10:06","KOSPI날씨분석","15~22도",0.14292682926829267
"2026-06-02 19:10:06","KOSPI날씨분석","22~28도",0.3425581395348838
"2026-06-02 19:10:06","KOSPI날씨분석","28도↑",0.09466666666666662
"2026-06-02 19:10:06","KOSPI날씨분석","5도↓",0.3039285714285714
"2026-06-02 19:10:06","KOSPI날씨분석","5~15도",0.19191489361702127
"2026-06-02 19:10:06","KOSPI날씨분석","15~22도",0.14292682926829267
"2026-06-02 19:10:06","KOSPI날씨분석","22~28도",0.3425581395348838
"2026-06-02 19:10:06","KOSPI날씨분석","28도↑",0.09466666666666662
"2026-06-02 19:10:07","KOSPI날씨분석","5도↓",0.3039285714285714
"2026-06-02 19:10:07","KOSPI날씨분석","5~15도",0.18395833333333333
"2026-06-02 19:10:07","KOSPI날씨분석","15~22도",0.14292682926829267
"2026-06-02 19:10:07","KOSPI날씨분석","22~28도",0.3425581395348838
"2026-06-02 19:10:07","KOSPI날씨분석","28도↑",0.09466666666666662
"2026-06-02 19:10:07","KOSPI날씨분석","5도↓",0.30385964912280694
"2026-06-02 19:10:07","KOSPI날씨분석","5~15도",0.18395833333333333
"2026-06-02 19:10:07","KOSPI날씨분석","15~22도",0.14292682926829267
"2026-06-02 19:10:07","KOSPI날씨분석","22~28도",0.3425581395348838
"2026-06-02 19:10:07","KOSPI날씨분석","28도↑",0.09466666666666662
"2026-06-02 19:10:07","KOSPI날씨분석","5도↓",0.344655172413793
"2026-06-02 19:10:07","KOSPI날씨분석","5~15도",0.18395833333333333
"2026-06-02 19:10:07","KOSPI날씨분석","15~22도",0.14292682926829267
"2026-06-02 19:10:07","KOSPI날씨분석","22~28도",0.3425581395348838
"2026-06-02 19:10:07","KOSPI날씨분석","28도↑",0.09466666666666662
"2026-06-02 19:10:07","KOSPI날씨분석","5도↓",0.344655172413793
"2026-06-02 19:10:07","KOSPI날씨분석","5~15도",0.1936734693877551
"2026-06-02 19:10:07","KOSPI날씨분석","15~22도",0.14292682926829267
"2026-06-02 19:10:07","KOSPI날씨분석","22~28도",0.3425581395348838
"2026-06-02 19:10:07","KOSPI날씨분석","28도↑",0.09466666666666662
"2026-06-02 19:10:07","KOSPI날씨분석","5도↓",0.344655172413793
"2026-06-02 19:10:07","KOSPI날씨분석","5~15도",0.15960000000000002
"2026-06-02 19:10:07","KOSPI날씨분석","15~22도",0.14292682926829267
"2026-06-02 19:10:07","KOSPI날씨분석","22~28도",0.3425581395348838
"2026-06-02 19:10:07","KOSPI날씨분석","28도↑",0.09466666666666662
"2026-06-02 19:10:07","KOSPI날씨분석","5도↓",0.344655172413793
"2026-06-02 19:10:07","KOSPI날씨분석","5~15도",0.15333333333333335
"2026-06-02 19:10:07","KOSPI날씨분석","15~22도",0.14292682926829267
"2026-06-02 19:10:07","KOSPI날씨분석","22~28도",0.3425581395348838
"2026-06-02 19:10:07","KOSPI날씨분석","28도↑",0.09466666666666662
"2026-06-02 19:10:07","KOSPI날씨분석","5도↓",0.37101694915254224
"2026-06-02 19:10:07","KOSPI날씨분석","5~15도",0.15333333333333335
"2026-06-02 19:10:07","KOSPI날씨분석","15~22도",0.14292682926829267
"2026-06-02 19:10:07","KOSPI날씨분석","22~28도",0.3425581395348838
"2026-06-02 19:10:07","KOSPI날씨분석","28도↑",0.09466666666666662
"2026-06-02 19:10:07","KOSPI날씨분석","5도↓",0.37101694915254224
"2026-06-02 19:10:07","KOSPI날씨분석","5~15도",0.17038461538461538
"2026-06-02 19:10:07","KOSPI날씨분석","15~22도",0.14292682926829267
"2026-06-02 19:10:07","KOSPI날씨분석","22~28도",0.3425581395348838
"2026-06-02 19:10:07","KOSPI날씨분석","28도↑",0.09466666666666662
"2026-06-02 19:10:07","KOSPI날씨분석","5도↓",0.37101694915254224
"2026-06-02 19:10:07","KOSPI날씨분석","5~15도",0.16358490566037737
"2026-06-02 19:10:07","KOSPI날씨분석","15~22도",0.14292682926829267
"2026-06-02 19:10:07","KOSPI날씨분석","22~28도",0.3425581395348838
"2026-06-02 19:10:07","KOSPI날씨분석","28도↑",0.09466666666666662
"2026-06-02 19:10:07","KOSPI날씨분석","5도↓",0.37101694915254224
"2026-06-02 19:10:07","KOSPI날씨분석","5~15도",0.1935185185185185
"2026-06-02 19:10:07","KOSPI날씨분석","15~22도",0.14292682926829267
"2026-06-02 19:10:07","KOSPI날씨분석","22~28도",0.3425581395348838
"2026-06-02 19:10:07","KOSPI날씨분석","28도↑",0.09466666666666662
"2026-06-02 19:10:08","KOSPI날씨분석","5도↓",0.38716666666666655
"2026-06-02 19:10:08","KOSPI날씨분석","5~15도",0.1935185185185185
"2026-06-02 19:10:08","KOSPI날씨분석","15~22도",0.14292682926829267
"2026-06-02 19:10:08","KOSPI날씨분석","22~28도",0.3425581395348838
"2026-06-02 19:10:08","KOSPI날씨분석","28도↑",0.09466666666666662
"2026-06-02 19:10:08","KOSPI날씨분석","5도↓",0.3763934426229507
"2026-06-02 19:10:08","KOSPI날씨분석","5~15도",0.1935185185185185
"2026-06-02 19:10:08","KOSPI날씨분석","15~22도",0.14292682926829267
"2026-06-02 19:10:08","KOSPI날씨분석","22~28도",0.3425581395348838
"2026-06-02 19:10:08","KOSPI날씨분석","28도↑",0.09466666666666662
"2026-06-02 19:10:08","KOSPI날씨분석","5도↓",0.36693548387096764
"2026-06-02 19:10:08","KOSPI날씨분석","5~15도",0.1935185185185185
"2026-06-02 19:10:08","KOSPI날씨분석","15~22도",0.14292682926829267
"2026-06-02 19:10:08","KOSPI날씨분석","22~28도",0.3425581395348838
"2026-06-02 19:10:08","KOSPI날씨분석","28도↑",0.09466666666666662
"2026-06-02 19:10:08","KOSPI날씨분석","5도↓",0.35174603174603164
"2026-06-02 19:10:08","KOSPI날씨분석","5~15도",0.1935185185185185
"2026-06-02 19:10:08","KOSPI날씨분석","15~22도",0.14292682926829267
"2026-06-02 19:10:08","KOSPI날씨분석","22~28도",0.3425581395348838
"2026-06-02 19:10:08","KOSPI날씨분석","28도↑",0.09466666666666662
"2026-06-02 19:10:08","KOSPI날씨분석","5도↓",0.35174603174603164
"2026-06-02 19:10:08","KOSPI날씨분석","5~15도",0.21509090909090905
"2026-06-02 19:10:08","KOSPI날씨분석","15~22도",0.14292682926829267
"2026-06-02 19:10:08","KOSPI날씨분석","22~28도",0.3425581395348838
"2026-06-02 19:10:08","KOSPI날씨분석","28도↑",0.09466666666666662
"2026-06-02 19:10:08","KOSPI날씨분석","5도↓",0.35174603174603164
"2026-06-02 19:10:08","KOSPI날씨분석","5~15도",0.1783928571428571
"2026-06-02 19:10:08","KOSPI날씨분석","15~22도",0.14292682926829267
"2026-06-02 19:10:08","KOSPI날씨분석","22~28도",0.3425581395348838
"2026-06-02 19:10:08","KOSPI날씨분석","28도↑",0.09466666666666662
"2026-06-02 19:10:08","KOSPI날씨분석","5도↓",0.35174603174603164
"2026-06-02 19:10:08","KOSPI날씨분석","5~15도",0.13596491228070173
"2026-06-02 19:10:08","KOSPI날씨분석","15~22도",0.14292682926829267
"2026-06-02 19:10:08","KOSPI날씨분석","22~28도",0.3425581395348838
"2026-06-02 19:10:08","KOSPI날씨분석","28도↑",0.09466666666666662
"2026-06-02 19:10:08","KOSPI날씨분석","5도↓",0.35174603174603164
"2026-06-02 19:10:08","KOSPI날씨분석","5~15도",0.1582758620689655
"2026-06-02 19:10:08","KOSPI날씨분석","15~22도",0.14292682926829267
"2026-06-02 19:10:08","KOSPI날씨분석","22~28도",0.3425581395348838
"2026-06-02 19:10:08","KOSPI날씨분석","28도↑",0.09466666666666662
"2026-06-02 19:10:08","KOSPI날씨분석","5도↓",0.35174603174603164
"2026-06-02 19:10:08","KOSPI날씨분석","5~15도",0.1296610169491525
"2026-06-02 19:10:08","KOSPI날씨분석","15~22도",0.14292682926829267
"2026-06-02 19:10:08","KOSPI날씨분석","22~28도",0.3425581395348838
"2026-06-02 19:10:08","KOSPI날씨분석","28도↑",0.09466666666666662
"2026-06-02 19:10:09","KOSPI날씨분석","5도↓",0.35174603174603164
"2026-06-02 19:10:09","KOSPI날씨분석","5~15도",0.13833333333333328
"2026-06-02 19:10:09","KOSPI날씨분석","15~22도",0.14292682926829267
"2026-06-02 19:10:09","KOSPI날씨분석","22~28도",0.3425581395348838
"2026-06-02 19:10:09","KOSPI날씨분석","28도↑",0.09466666666666662
"2026-06-02 19:10:09","KOSPI날씨분석","5도↓",0.35174603174603164
"2026-06-02 19:10:09","KOSPI날씨분석","5~15도",0.17081967213114752
"2026-06-02 19:10:09","KOSPI날씨분석","15~22도",0.14292682926829267
"2026-06-02 19:10:09","KOSPI날씨분석","22~28도",0.3425581395348838
"2026-06-02 19:10:09","KOSPI날씨분석","28도↑",0.09466666666666662
"2026-06-02 19:10:09","KOSPI날씨분석","5도↓",0.35174603174603164
"2026-06-02 19:10:09","KOSPI날씨분석","5~15도",0.1725806451612903
"2026-06-02 19:10:09","KOSPI날씨분석","15~22도",0.14292682926829267
"2026-06-02 19:10:09","KOSPI날씨분석","22~28도",0.3425581395348838
"2026-06-02 19:10:09","KOSPI날씨분석","28도↑",0.09466666666666662
"2026-06-02 19:10:09","KOSPI날씨분석","5도↓",0.35174603174603164
"2026-06-02 19:10:09","KOSPI날씨분석","5~15도",0.16650793650793647
"2026-06-02 19:10:09","KOSPI날씨분석","15~22도",0.14292682926829267
"2026-06-02 19:10:09","KOSPI날씨분석","22~28도",0.3425581395348838
"2026-06-02 19:10:09","KOSPI날씨분석","28도↑",0.09466666666666662
"2026-06-02 19:10:09","KOSPI날씨분석","5도↓",0.35174603174603164
"2026-06-02 19:10:09","KOSPI날씨분석","5~15도",0.17187499999999994
"2026-06-02 19:10:09","KOSPI날씨분석","15~22도",0.14292682926829267
"2026-06-02 19:10:09","KOSPI날씨분석","22~28도",0.3425581395348838
"2026-06-02 19:10:09","KOSPI날씨분석","28도↑",0.09466666666666662
"2026-06-02 19:10:09","KOSPI날씨분석","5도↓",0.35174603174603164
"2026-06-02 19:10:09","KOSPI날씨분석","5~15도",0.20307692307692302
"2026-06-02 19:10:09","KOSPI날씨분석","15~22도",0.14292682926829267
"2026-06-02 19:10:09","KOSPI날씨분석","22~28도",0.3425581395348838
"2026-06-02 19:10:09","KOSPI날씨분석","28도↑",0.09466666666666662
"2026-06-02 19:10:09","KOSPI날씨분석","5도↓",0.35174603174603164
"2026-06-02 19:10:09","KOSPI날씨분석","5~15도",0.20307692307692302
"2026-06-02 19:10:09","KOSPI날씨분석","15~22도",0.13595238095238094
"2026-06-02 19:10:09","KOSPI날씨분석","22~28도",0.3425581395348838
"2026-06-02 19:10:09","KOSPI날씨분석","28도↑",0.09466666666666662
"2026-06-02 19:11:54","KOSPI기온분석","5도↓",0.0
"2026-06-02 19:11:54","KOSPI기온분석","5~15도",-0.02
"2026-06-02 19:11:54","KOSPI기온분석","15~22도",0.0
"2026-06-02 19:11:54","KOSPI기온분석","22~28도",0.0
"2026-06-02 19:11:54","KOSPI기온분석","28도↑",0.0
"2026-06-02 19:11:54","KOSPI기온분석","5도↓",0.0
"2026-06-02 19:11:54","KOSPI기온분석","5~15도",0.885
"2026-06-02 19:11:54","KOSPI기온분석","15~22도",0.0
"2026-06-02 19:11:54","KOSPI기온분석","22~28도",0.0
"2026-06-02 19:11:54","KOSPI기온분석","28도↑",0.0
"2026-06-02 19:11:54","KOSPI기온분석","5도↓",0.0
"2026-06-02 19:11:54","KOSPI기온분석","5~15도",1.2266666666666666
"2026-06-02 19:11:54","KOSPI기온분석","15~22도",0.0
"2026-06-02 19:11:54","KOSPI기온분석","22~28도",0.0
"2026-06-02 19:11:54","KOSPI기온분석","28도↑",0.0
"2026-06-02 19:11:54","KOSPI기온분석","5도↓",0.0
"2026-06-02 19:11:54","KOSPI기온분석","5~15도",0.955
"2026-06-02 19:11:54","KOSPI기온분석","15~22도",0.0
"2026-06-02 19:11:54","KOSPI기온분석","22~28도",0.0
"2026-06-02 19:11:54","KOSPI기온분석","28도↑",0.0
"2026-06-02 19:11:54","KOSPI기온분석","5도↓",0.0
"2026-06-02 19:11:54","KOSPI기온분석","5~15도",0.9959999999999999
"2026-06-02 19:11:54","KOSPI기온분석","15~22도",0.0
"2026-06-02 19:11:54","KOSPI기온분석","22~28도",0.0
"2026-06-02 19:11:54","KOSPI기온분석","28도↑",0.0
"2026-06-02 19:11:54","KOSPI기온분석","5도↓",0.0
"2026-06-02 19:11:54","KOSPI기온분석","5~15도",0.835
"2026-06-02 19:11:54","KOSPI기온분석","15~22도",0.0
"2026-06-02 19:11:54","KOSPI기온분석","22~28도",0.0
"2026-06-02 19:11:54","KOSPI기온분석","28도↑",0.0
"2026-06-02 19:11:54","KOSPI기온분석","5도↓",0.0
"2026-06-02 19:11:54","KOSPI기온분석","5~15도",0.6814285714285714
"2026-06-02 19:11:54","KOSPI기온분석","15~22도",0.0
"2026-06-02 19:11:54","KOSPI기온분석","22~28도",0.0
"2026-06-02 19:11:54","KOSPI기온분석","28도↑",0.0
"2026-06-02 19:11:54","KOSPI기온분석","5도↓",0.0
"2026-06-02 19:11:54","KOSPI기온분석","5~15도",0.46624999999999994
"2026-06-02 19:11:54","KOSPI기온분석","15~22도",0.0
"2026-06-02 19:11:54","KOSPI기온분석","22~28도",0.0
"2026-06-02 19:11:54","KOSPI기온분석","28도↑",0.0
"2026-06-02 19:11:54","KOSPI기온분석","5도↓",0.31
"2026-06-02 19:11:54","KOSPI기온분석","5~15도",0.46624999999999994
"2026-06-02 19:11:54","KOSPI기온분석","15~22도",0.0
"2026-06-02 19:11:54","KOSPI기온분석","22~28도",0.0
"2026-06-02 19:11:54","KOSPI기온분석","28도↑",0.0
"2026-06-02 19:11:55","KOSPI기온분석","5도↓",0.31
"2026-06-02 19:11:55","KOSPI기온분석","5~15도",0.41222222222222216
"2026-06-02 19:11:55","KOSPI기온분석","15~22도",0.0
"2026-06-02 19:11:55","KOSPI기온분석","22~28도",0.0
"2026-06-02 19:11:55","KOSPI기온분석","28도↑",0.0
"2026-06-02 19:11:55","KOSPI기온분석","5도↓",0.31
"2026-06-02 19:11:55","KOSPI기온분석","5~15도",0.49399999999999994
"2026-06-02 19:11:55","KOSPI기온분석","15~22도",0.0
"2026-06-02 19:11:55","KOSPI기온분석","22~28도",0.0
"2026-06-02 19:11:55","KOSPI기온분석","28도↑",0.0
"2026-06-02 19:11:55","KOSPI기온분석","5도↓",0.31
"2026-06-02 19:11:55","KOSPI기온분석","5~15도",0.49399999999999994
"2026-06-02 19:11:55","KOSPI기온분석","15~22도",-0.16
"2026-06-02 19:11:55","KOSPI기온분석","22~28도",0.0
"2026-06-02 19:11:55","KOSPI기온분석","28도↑",0.0
"2026-06-02 19:11:55","KOSPI기온분석","5도↓",0.31
"2026-06-02 19:11:55","KOSPI기온분석","5~15도",0.49399999999999994
"2026-06-02 19:11:55","KOSPI기온분석","15~22도",-0.15000000000000002
"2026-06-02 19:11:55","KOSPI기온분석","22~28도",0.0
"2026-06-02 19:11:55","KOSPI기온분석","28도↑",0.0
"2026-06-02 19:11:55","KOSPI기온분석","5도↓",0.31
"2026-06-02 19:11:55","KOSPI기온분석","5~15도",0.49399999999999994
"2026-06-02 19:11:55","KOSPI기온분석","15~22도",-0.12666666666666668
"2026-06-02 19:11:55","KOSPI기온분석","22~28도",0.0
"2026-06-02 19:11:55","KOSPI기온분석","28도↑",0.0
"2026-06-02 19:11:55","KOSPI기온분석","5도↓",0.31
"2026-06-02 19:11:55","KOSPI기온분석","5~15도",0.49399999999999994
"2026-06-02 19:11:55","KOSPI기온분석","15~22도",0.19249999999999995
"2026-06-02 19:11:55","KOSPI기온분석","22~28도",0.0
"2026-06-02 19:11:55","KOSPI기온분석","28도↑",0.0
"2026-06-02 19:11:55","KOSPI기온분석","5도↓",0.31
"2026-06-02 19:11:55","KOSPI기온분석","5~15도",0.49399999999999994
"2026-06-02 19:11:55","KOSPI기온분석","15~22도",-0.09400000000000004
"2026-06-02 19:11:55","KOSPI기온분석","22~28도",0.0
"2026-06-02 19:11:55","KOSPI기온분석","28도↑",0.0
"2026-06-02 19:11:55","KOSPI기온분석","5도↓",0.31
"2026-06-02 19:11:55","KOSPI기온분석","5~15도",0.5263636363636363
"2026-06-02 19:11:55","KOSPI기온분석","15~22도",-0.09400000000000004
"2026-06-02 19:11:55","KOSPI기온분석","22~28도",0.0
"2026-06-02 19:11:55","KOSPI기온분석","28도↑",0.0
"2026-06-02 19:11:55","KOSPI기온분석","5도↓",0.31
"2026-06-02 19:11:55","KOSPI기온분석","5~15도",0.4183333333333333
"2026-06-02 19:11:55","KOSPI기온분석","15~22도",-0.09400000000000004
"2026-06-02 19:11:55","KOSPI기온분석","22~28도",0.0
"2026-06-02 19:11:55","KOSPI기온분석","28도↑",0.0
"2026-06-02 19:11:55","KOSPI기온분석","5도↓",0.31
"2026-06-02 19:11:55","KOSPI기온분석","5~15도",0.19230769230769226
"2026-06-02 19:11:55","KOSPI기온분석","15~22도",-0.09400000000000004
"2026-06-02 19:11:55","KOSPI기온분석","22~28도",0.0
"2026-06-02 19:11:55","KOSPI기온분석","28도↑",0.0
"2026-06-02 19:11:56","KOSPI기온분석","5도↓",0.31
"2026-06-02 19:11:56","KOSPI기온분석","5~15도",0.25928571428571423
"2026-06-02 19:11:56","KOSPI기온분석","15~22도",-0.09400000000000004
"2026-06-02 19:11:56","KOSPI기온분석","22~28도",0.0
"2026-06-02 19:11:56","KOSPI기온분석","28도↑",0.0
"2026-06-02 19:11:56","KOSPI기온분석","5도↓",0.31
"2026-06-02 19:11:56","KOSPI기온분석","5~15도",0.31599999999999995
"2026-06-02 19:11:56","KOSPI기온분석","15~22도",-0.09400000000000004
"2026-06-02 19:11:56","KOSPI기온분석","22~28도",0.0
"2026-06-02 19:11:56","KOSPI기온분석","28도↑",0.0
"2026-06-02 19:11:56","KOSPI기온분석","5도↓",0.31
"2026-06-02 19:11:56","KOSPI기온분석","5~15도",0.365
"2026-06-02 19:11:56","KOSPI기온분석","15~22도",-0.09400000000000004
"2026-06-02 19:11:56","KOSPI기온분석","22~28도",0.0
"2026-06-02 19:11:56","KOSPI기온분석","28도↑",0.0
"2026-06-02 19:11:56","KOSPI기온분석","5도↓",0.31
"2026-06-02 19:11:56","KOSPI기온분석","5~15도",0.365
"2026-06-02 19:11:56","KOSPI기온분석","15~22도",-0.17500000000000004
"2026-06-02 19:11:56","KOSPI기온분석","22~28도",0.0
"2026-06-02 19:11:56","KOSPI기온분석","28도↑",0.0
"2026-06-02 19:11:56","KOSPI기온분석","5도↓",0.31
"2026-06-02 19:11:56","KOSPI기온분석","5~15도",0.3417647058823529
"2026-06-02 19:11:56","KOSPI기온분석","15~22도",-0.17500000000000004
"2026-06-02 19:11:56","KOSPI기온분석","22~28도",0.0
"2026-06-02 19:11:56","KOSPI기온분석","28도↑",0.0
"2026-06-02 19:11:56","KOSPI기온분석","5도↓",0.31
"2026-06-02 19:11:56","KOSPI기온분석","5~15도",0.3417647058823529
"2026-06-02 19:11:56","KOSPI기온분석","15~22도",-0.04857142857142861
"2026-06-02 19:11:56","KOSPI기온분석","22~28도",0.0
"2026-06-02 19:11:56","KOSPI기온분석","28도↑",0.0
"2026-06-02 19:11:56","KOSPI기온분석","5도↓",0.31
"2026-06-02 19:11:56","KOSPI기온분석","5~15도",0.3417647058823529
"2026-06-02 19:11:56","KOSPI기온분석","15~22도",0.0037499999999999617
"2026-06-02 19:11:56","KOSPI기온분석","22~28도",0.0
"2026-06-02 19:11:56","KOSPI기온분석","28도↑",0.0
"2026-06-02 19:11:56","KOSPI기온분석","5도↓",0.31
"2026-06-02 19:11:56","KOSPI기온분석","5~15도",0.3417647058823529
"2026-06-02 19:11:56","KOSPI기온분석","15~22도",0.1544444444444444
"2026-06-02 19:11:56","KOSPI기온분석","22~28도",0.0
"2026-06-02 19:11:56","KOSPI기온분석","28도↑",0.0
"2026-06-02 19:11:56","KOSPI기온분석","5도↓",0.31
"2026-06-02 19:11:56","KOSPI기온분석","5~15도",0.3417647058823529
"2026-06-02 19:11:56","KOSPI기온분석","15~22도",0.16999999999999998
"2026-06-02 19:11:56","KOSPI기온분석","22~28도",0.0
"2026-06-02 19:11:56","KOSPI기온분석","28도↑",0.0
"2026-06-02 19:11:56","KOSPI기온분석","5도↓",0.31
"2026-06-02 19:11:56","KOSPI기온분석","5~15도",0.3417647058823529
"2026-06-02 19:11:56","KOSPI기온분석","15~22도",0.2227272727272727
"2026-06-02 19:11:56","KOSPI기온분석","22~28도",0.0
"2026-06-02 19:11:56","KOSPI기온분석","28도↑",0.0
"2026-06-02 19:11:57","KOSPI기온분석","5도↓",0.31
"2026-06-02 19:11:57","KOSPI기온분석","5~15도",0.3417647058823529
"2026-06-02 19:11:57","KOSPI기온분석","15~22도",0.25666666666666665
"2026-06-02 19:11:57","KOSPI기온분석","22~28도",0.0
"2026-06-02 19:11:57","KOSPI기온분석","28도↑",0.0
"2026-06-02 19:11:57","KOSPI기온분석","5도↓",0.31
"2026-06-02 19:11:57","KOSPI기온분석","5~15도",0.3417647058823529
"2026-06-02 19:11:57","KOSPI기온분석","15~22도",0.25666666666666665
"2026-06-02 19:11:57","KOSPI기온분석","22~28도",1.7
"2026-06-02 19:11:57","KOSPI기온분석","28도↑",0.0
"2026-06-02 19:11:57","KOSPI기온분석","5도↓",0.31
"2026-06-02 19:11:57","KOSPI기온분석","5~15도",0.3417647058823529
"2026-06-02 19:11:57","KOSPI기온분석","15~22도",0.25666666666666665
"2026-06-02 19:11:57","KOSPI기온분석","22~28도",0.5249999999999999
"2026-06-02 19:11:57","KOSPI기온분석","28도↑",0.0
"2026-06-02 19:11:57","KOSPI기온분석","5도↓",0.31
"2026-06-02 19:11:57","KOSPI기온분석","5~15도",0.3417647058823529
"2026-06-02 19:11:57","KOSPI기온분석","15~22도",0.25666666666666665
"2026-06-02 19:11:57","KOSPI기온분석","22~28도",0.35666666666666663
"2026-06-02 19:11:57","KOSPI기온분석","28도↑",0.0
"2026-06-02 19:11:57","KOSPI기온분석","5도↓",0.31
"2026-06-02 19:11:57","KOSPI기온분석","5~15도",0.3417647058823529
"2026-06-02 19:11:57","KOSPI기온분석","15~22도",0.20999999999999996
"2026-06-02 19:11:57","KOSPI기온분석","22~28도",0.35666666666666663
"2026-06-02 19:11:57","KOSPI기온분석","28도↑",0.0
"2026-06-02 19:11:57","KOSPI기온분석","5도↓",0.31
"2026-06-02 19:11:57","KOSPI기온분석","5~15도",0.3417647058823529
"2026-06-02 19:11:57","KOSPI기온분석","15~22도",0.15428571428571428
"2026-06-02 19:11:57","KOSPI기온분석","22~28도",0.35666666666666663
"2026-06-02 19:11:57","KOSPI기온분석","28도↑",0.0
"2026-06-02 19:11:57","KOSPI기온분석","5도↓",0.31
"2026-06-02 19:11:57","KOSPI기온분석","5~15도",0.3417647058823529
"2026-06-02 19:11:57","KOSPI기온분석","15~22도",0.1713333333333333
"2026-06-02 19:11:57","KOSPI기온분석","22~28도",0.35666666666666663
"2026-06-02 19:11:57","KOSPI기온분석","28도↑",0.0
"2026-06-02 19:11:57","KOSPI기온분석","5도↓",0.31
"2026-06-02 19:11:57","KOSPI기온분석","5~15도",0.3417647058823529
"2026-06-02 19:11:57","KOSPI기온분석","15~22도",0.11499999999999999
"2026-06-02 19:11:57","KOSPI기온분석","22~28도",0.35666666666666663
"2026-06-02 19:11:57","KOSPI기온분석","28도↑",0.0
"2026-06-02 19:11:57","KOSPI기온분석","5도↓",0.31
"2026-06-02 19:11:57","KOSPI기온분석","5~15도",0.3417647058823529
"2026-06-02 19:11:57","KOSPI기온분석","15~22도",-0.0911764705882353
"2026-06-02 19:11:57","KOSPI기온분석","22~28도",0.35666666666666663
"2026-06-02 19:11:57","KOSPI기온분석","28도↑",0.0
"2026-06-02 19:11:57","KOSPI기온분석","5도↓",0.31
"2026-06-02 19:11:57","KOSPI기온분석","5~15도",0.3417647058823529
"2026-06-02 19:11:57","KOSPI기온분석","15~22도",-0.09444444444444446
"2026-06-02 19:11:57","KOSPI기온분석","22~28도",0.35666666666666663
"2026-06-02 19:11:57","KOSPI기온분석","28도↑",0.0
"2026-06-02 19:11:58","KOSPI기온분석","5도↓",0.31
"2026-06-02 19:11:58","KOSPI기온분석","5~15도",0.3417647058823529
"2026-06-02 19:11:58","KOSPI기온분석","15~22도",-0.02842105263157896
"2026-06-02 19:11:58","KOSPI기온분석","22~28도",0.35666666666666663
"2026-06-02 19:11:58","KOSPI기온분석","28도↑",0.0
"2026-06-02 19:11:58","KOSPI기온분석","5도↓",0.31
"2026-06-02 19:11:58","KOSPI기온분석","5~15도",0.3417647058823529
"2026-06-02 19:11:58","KOSPI기온분석","15~22도",0.007999999999999985
"2026-06-02 19:11:58","KOSPI기온분석","22~28도",0.35666666666666663
"2026-06-02 19:11:58","KOSPI기온분석","28도↑",0.0
"2026-06-02 19:11:58","KOSPI기온분석","5도↓",0.31
"2026-06-02 19:11:58","KOSPI기온분석","5~15도",0.3417647058823529
"2026-06-02 19:11:58","KOSPI기온분석","15~22도",-0.01571428571428573
"2026-06-02 19:11:58","KOSPI기온분석","22~28도",0.35666666666666663
"2026-06-02 19:11:58","KOSPI기온분석","28도↑",0.0
"2026-06-02 19:11:58","KOSPI기온분석","5도↓",0.31
"2026-06-02 19:11:58","KOSPI기온분석","5~15도",0.3417647058823529
"2026-06-02 19:11:58","KOSPI기온분석","15~22도",-0.01571428571428573
"2026-06-02 19:11:58","KOSPI기온분석","22~28도",0.33499999999999996
"2026-06-02 19:11:58","KOSPI기온분석","28도↑",0.0
"2026-06-02 19:11:58","KOSPI기온분석","5도↓",0.31
"2026-06-02 19:11:58","KOSPI기온분석","5~15도",0.3417647058823529
"2026-06-02 19:11:58","KOSPI기온분석","15~22도",-0.01571428571428573
"2026-06-02 19:11:58","KOSPI기온분석","22~28도",0.011999999999999966
"2026-06-02 19:11:58","KOSPI기온분석","28도↑",0.0
"2026-06-02 19:11:58","KOSPI기온분석","5도↓",0.31
"2026-06-02 19:11:58","KOSPI기온분석","5~15도",0.3417647058823529
"2026-06-02 19:11:58","KOSPI기온분석","15~22도",0.051818181818181805
"2026-06-02 19:11:58","KOSPI기온분석","22~28도",0.011999999999999966
"2026-06-02 19:11:58","KOSPI기온분석","28도↑",0.0
"2026-06-02 19:11:58","KOSPI기온분석","5도↓",0.31
"2026-06-02 19:11:58","KOSPI기온분석","5~15도",0.3417647058823529
"2026-06-02 19:11:58","KOSPI기온분석","15~22도",0.051818181818181805
"2026-06-02 19:11:58","KOSPI기온분석","22~28도",0.0016666666666666382
"2026-06-02 19:11:58","KOSPI기온분석","28도↑",0.0
"2026-06-02 19:11:58","KOSPI기온분석","5도↓",0.31
"2026-06-02 19:11:58","KOSPI기온분석","5~15도",0.3417647058823529
"2026-06-02 19:11:58","KOSPI기온분석","15~22도",0.051818181818181805
"2026-06-02 19:11:58","KOSPI기온분석","22~28도",-0.0385714285714286
"2026-06-02 19:11:58","KOSPI기온분석","28도↑",0.0
"2026-06-02 19:11:58","KOSPI기온분석","5도↓",0.31
"2026-06-02 19:11:58","KOSPI기온분석","5~15도",0.3417647058823529
"2026-06-02 19:11:58","KOSPI기온분석","15~22도",0.051818181818181805
"2026-06-02 19:11:58","KOSPI기온분석","22~28도",0.18249999999999997
"2026-06-02 19:11:58","KOSPI기온분석","28도↑",0.0
"2026-06-02 19:11:58","KOSPI기온분석","5도↓",0.31
"2026-06-02 19:11:58","KOSPI기온분석","5~15도",0.3417647058823529
"2026-06-02 19:11:58","KOSPI기온분석","15~22도",0.051818181818181805
"2026-06-02 19:11:58","KOSPI기온분석","22~28도",0.16888888888888887
"2026-06-02 19:11:58","KOSPI기온분석","28도↑",0.0
"2026-06-02 19:11:59","KOSPI기온분석","5도↓",0.31
"2026-06-02 19:11:59","KOSPI기온분석","5~15도",0.3417647058823529
"2026-06-02 19:11:59","KOSPI기온분석","15~22도",0.051818181818181805
"2026-06-02 19:11:59","KOSPI기온분석","22~28도",0.21399999999999997
"2026-06-02 19:11:59","KOSPI기온분석","28도↑",0.0
"2026-06-02 19:11:59","KOSPI기온분석","5도↓",0.31
"2026-06-02 19:11:59","KOSPI기온분석","5~15도",0.3417647058823529
"2026-06-02 19:11:59","KOSPI기온분석","15~22도",0.051818181818181805
"2026-06-02 19:11:59","KOSPI기온분석","22~28도",0.2236363636363636
"2026-06-02 19:11:59","KOSPI기온분석","28도↑",0.0
"2026-06-02 19:11:59","KOSPI기온분석","5도↓",0.31
"2026-06-02 19:11:59","KOSPI기온분석","5~15도",0.3417647058823529
"2026-06-02 19:11:59","KOSPI기온분석","15~22도",0.051818181818181805
"2026-06-02 19:11:59","KOSPI기온분석","22~28도",0.2236363636363636
"2026-06-02 19:11:59","KOSPI기온분석","28도↑",0.23
"2026-06-02 19:11:59","KOSPI기온분석","5도↓",0.31
"2026-06-02 19:11:59","KOSPI기온분석","5~15도",0.3417647058823529
"2026-06-02 19:11:59","KOSPI기온분석","15~22도",0.051818181818181805
"2026-06-02 19:11:59","KOSPI기온분석","22~28도",0.16999999999999996
"2026-06-02 19:11:59","KOSPI기온분석","28도↑",0.23
"2026-06-02 19:11:59","KOSPI기온분석","5도↓",0.31
"2026-06-02 19:11:59","KOSPI기온분석","5~15도",0.3417647058823529
"2026-06-02 19:11:59","KOSPI기온분석","15~22도",0.051818181818181805
"2026-06-02 19:11:59","KOSPI기온분석","22~28도",0.10923076923076919
"2026-06-02 19:11:59","KOSPI기온분석","28도↑",0.23
"2026-06-02 19:11:59","KOSPI기온분석","5도↓",0.31
"2026-06-02 19:11:59","KOSPI기온분석","5~15도",0.3417647058823529
"2026-06-02 19:11:59","KOSPI기온분석","15~22도",0.051818181818181805
"2026-06-02 19:11:59","KOSPI기온분석","22~28도",0.17857142857142855
"2026-06-02 19:11:59","KOSPI기온분석","28도↑",0.23
"2026-06-02 19:11:59","KOSPI기온분석","5도↓",0.31
"2026-06-02 19:11:59","KOSPI기온분석","5~15도",0.3417647058823529
"2026-06-02 19:11:59","KOSPI기온분석","15~22도",-0.010869565217391314
"2026-06-02 19:11:59","KOSPI기온분석","22~28도",0.17857142857142855
"2026-06-02 19:11:59","KOSPI기온분석","28도↑",0.23
"2026-06-02 19:11:59","KOSPI기온분석","5도↓",0.31
"2026-06-02 19:11:59","KOSPI기온분석","5~15도",0.3417647058823529
"2026-06-02 19:11:59","KOSPI기온분석","15~22도",-0.010869565217391314
"2026-06-02 19:11:59","KOSPI기온분석","22~28도",0.04066666666666664
"2026-06-02 19:11:59","KOSPI기온분석","28도↑",0.23
"2026-06-02 19:11:59","KOSPI기온분석","5도↓",0.31
"2026-06-02 19:11:59","KOSPI기온분석","5~15도",0.3417647058823529
"2026-06-02 19:11:59","KOSPI기온분석","15~22도",-0.010869565217391314
"2026-06-02 19:11:59","KOSPI기온분석","22~28도",-0.14937500000000004
"2026-06-02 19:11:59","KOSPI기온분석","28도↑",0.23
"2026-06-02 19:11:59","KOSPI기온분석","5도↓",0.31
"2026-06-02 19:11:59","KOSPI기온분석","5~15도",0.3417647058823529
"2026-06-02 19:11:59","KOSPI기온분석","15~22도",-0.010869565217391314
"2026-06-02 19:11:59","KOSPI기온분석","22~28도",-0.14937500000000004
"2026-06-02 19:11:59","KOSPI기온분석","28도↑",0.925
"2026-06-02 19:12:00","KOSPI기온분석","5도↓",0.31
"2026-06-02 19:12:00","KOSPI기온분석","5~15도",0.3417647058823529
"2026-06-02 19:12:00","KOSPI기온분석","15~22도",-0.010869565217391314
"2026-06-02 19:12:00","KOSPI기온분석","22~28도",-0.14937500000000004
"2026-06-02 19:12:00","KOSPI기온분석","28도↑",0.41
"2026-06-02 19:12:00","KOSPI기온분석","5도↓",0.31
"2026-06-02 19:12:00","KOSPI기온분석","5~15도",0.3417647058823529
"2026-06-02 19:12:00","KOSPI기온분석","15~22도",-0.010869565217391314
"2026-06-02 19:12:00","KOSPI기온분석","22~28도",-0.14937500000000004
"2026-06-02 19:12:00","KOSPI기온분석","28도↑",0.1175
"2026-06-02 19:12:00","KOSPI기온분석","5도↓",0.31
"2026-06-02 19:12:00","KOSPI기온분석","5~15도",0.3417647058823529
"2026-06-02 19:12:00","KOSPI기온분석","15~22도",-0.010869565217391314
"2026-06-02 19:12:00","KOSPI기온분석","22~28도",-0.14937500000000004
"2026-06-02 19:12:00","KOSPI기온분석","28도↑",-0.078
"2026-06-02 19:12:00","KOSPI기온분석","5도↓",0.31
"2026-06-02 19:12:00","KOSPI기온분석","5~15도",0.3417647058823529
"2026-06-02 19:12:00","KOSPI기온분석","15~22도",-0.010869565217391314
"2026-06-02 19:12:00","KOSPI기온분석","22~28도",-0.14937500000000004
"2026-06-02 19:12:00","KOSPI기온분석","28도↑",-0.9933333333333333
"2026-06-02 19:12:00","KOSPI기온분석","5도↓",0.31
"2026-06-02 19:12:00","KOSPI기온분석","5~15도",0.3417647058823529
"2026-06-02 19:12:00","KOSPI기온분석","15~22도",-0.010869565217391314
"2026-06-02 19:12:00","KOSPI기온분석","22~28도",-0.14937500000000004
"2026-06-02 19:12:00","KOSPI기온분석","28도↑",-0.8142857142857143
"2026-06-02 19:12:00","KOSPI기온분석","5도↓",0.31
"2026-06-02 19:12:00","KOSPI기온분석","5~15도",0.3417647058823529
"2026-06-02 19:12:00","KOSPI기온분석","15~22도",-0.010869565217391314
"2026-06-02 19:12:00","KOSPI기온분석","22~28도",-0.14937500000000004
"2026-06-02 19:12:00","KOSPI기온분석","28도↑",-0.93
"2026-06-02 19:12:00","KOSPI기온분석","5도↓",0.31
"2026-06-02 19:12:00","KOSPI기온분석","5~15도",0.3417647058823529
"2026-06-02 19:12:00","KOSPI기온분석","15~22도",-0.010869565217391314
"2026-06-02 19:12:00","KOSPI기온분석","22~28도",-0.14937500000000004
"2026-06-02 19:12:00","KOSPI기온분석","28도↑",-0.09333333333333342
"2026-06-02 19:12:00","KOSPI기온분석","5도↓",0.31
"2026-06-02 19:12:00","KOSPI기온분석","5~15도",0.3417647058823529
"2026-06-02 19:12:00","KOSPI기온분석","15~22도",-0.010869565217391314
"2026-06-02 19:12:00","KOSPI기온분석","22~28도",-0.14937500000000004
"2026-06-02 19:12:00","KOSPI기온분석","28도↑",-0.13400000000000006
"2026-06-02 19:12:00","KOSPI기온분석","5도↓",0.31
"2026-06-02 19:12:00","KOSPI기온분석","5~15도",0.3417647058823529
"2026-06-02 19:12:00","KOSPI기온분석","15~22도",-0.010869565217391314
"2026-06-02 19:12:00","KOSPI기온분석","22~28도",-0.08470588235294121
"2026-06-02 19:12:00","KOSPI기온분석","28도↑",-0.13400000000000006
"2026-06-02 19:12:00","KOSPI기온분석","5도↓",0.31
"2026-06-02 19:12:00","KOSPI기온분석","5~15도",0.3417647058823529
"2026-06-02 19:12:00","KOSPI기온분석","15~22도",-0.010869565217391314
"2026-06-02 19:12:00","KOSPI기온분석","22~28도",-0.031111111111111145
"2026-06-02 19:12:00","KOSPI기온분석","28도↑",-0.13400000000000006
"2026-06-02 19:12:01","KOSPI기온분석","5도↓",0.31
"2026-06-02 19:12:01","KOSPI기온분석","5~15도",0.3417647058823529
"2026-06-02 19:12:01","KOSPI기온분석","15~22도",-0.010869565217391314
"2026-06-02 19:12:01","KOSPI기온분석","22~28도",-0.09315789473684213
"2026-06-02 19:12:01","KOSPI기온분석","28도↑",-0.13400000000000006
"2026-06-02 19:12:01","KOSPI기온분석","5도↓",0.31
"2026-06-02 19:12:01","KOSPI기온분석","5~15도",0.3417647058823529
"2026-06-02 19:12:01","KOSPI기온분석","15~22도",-0.010869565217391314
"2026-06-02 19:12:01","KOSPI기온분석","22~28도",-0.04150000000000002
"2026-06-02 19:12:01","KOSPI기온분석","28도↑",-0.13400000000000006
"2026-06-02 19:12:01","KOSPI기온분석","5도↓",0.31
"2026-06-02 19:12:01","KOSPI기온분석","5~15도",0.3417647058823529
"2026-06-02 19:12:01","KOSPI기온분석","15~22도",-0.010869565217391314
"2026-06-02 19:12:01","KOSPI기온분석","22~28도",-0.01428571428571431
"2026-06-02 19:12:01","KOSPI기온분석","28도↑",-0.13400000000000006
"2026-06-02 19:12:01","KOSPI기온분석","5도↓",0.31
"2026-06-02 19:12:01","KOSPI기온분석","5~15도",0.3417647058823529
"2026-06-02 19:12:01","KOSPI기온분석","15~22도",-0.010869565217391314
"2026-06-02 19:12:01","KOSPI기온분석","22~28도",-0.004545454545454567
"2026-06-02 19:12:01","KOSPI기온분석","28도↑",-0.13400000000000006
"2026-06-02 19:12:01","KOSPI기온분석","5도↓",0.31
"2026-06-02 19:12:01","KOSPI기온분석","5~15도",0.3417647058823529
"2026-06-02 19:12:01","KOSPI기온분석","15~22도",-0.010869565217391314
"2026-06-02 19:12:01","KOSPI기온분석","22~28도",-0.004545454545454567
"2026-06-02 19:12:01","KOSPI기온분석","28도↑",-0.12818181818181826
"2026-06-02 19:12:01","KOSPI기온분석","5도↓",0.31
"2026-06-02 19:12:01","KOSPI기온분석","5~15도",0.3417647058823529
"2026-06-02 19:12:01","KOSPI기온분석","15~22도",-0.010869565217391314
"2026-06-02 19:12:01","KOSPI기온분석","22~28도",-0.004545454545454567
"2026-06-02 19:12:01","KOSPI기온분석","28도↑",0.013333333333333272
"2026-06-02 19:12:01","KOSPI기온분석","5도↓",0.31
"2026-06-02 19:12:01","KOSPI기온분석","5~15도",0.3417647058823529
"2026-06-02 19:12:01","KOSPI기온분석","15~22도",-0.010869565217391314
"2026-06-02 19:12:01","KOSPI기온분석","22~28도",-0.004545454545454567
"2026-06-02 19:12:01","KOSPI기온분석","28도↑",0.00230769230769225
"2026-06-02 19:12:01","KOSPI기온분석","5도↓",0.31
"2026-06-02 19:12:01","KOSPI기온분석","5~15도",0.3417647058823529
"2026-06-02 19:12:01","KOSPI기온분석","15~22도",-0.010869565217391314
"2026-06-02 19:12:01","KOSPI기온분석","22~28도",-0.004545454545454567
"2026-06-02 19:12:01","KOSPI기온분석","28도↑",0.06999999999999994
"2026-06-02 19:12:01","KOSPI기온분석","5도↓",0.31
"2026-06-02 19:12:01","KOSPI기온분석","5~15도",0.3417647058823529
"2026-06-02 19:12:01","KOSPI기온분석","15~22도",-0.010869565217391314
"2026-06-02 19:12:01","KOSPI기온분석","22~28도",-0.004545454545454567
"2026-06-02 19:12:01","KOSPI기온분석","28도↑",0.07199999999999994
"2026-06-02 19:12:01","KOSPI기온분석","5도↓",0.31
"2026-06-02 19:12:01","KOSPI기온분석","5~15도",0.3417647058823529
"2026-06-02 19:12:01","KOSPI기온분석","15~22도",-0.010869565217391314
"2026-06-02 19:12:01","KOSPI기온분석","22~28도",-0.004545454545454567
"2026-06-02 19:12:01","KOSPI기온분석","28도↑",0.10812499999999994
"2026-06-02 19:12:02","KOSPI기온분석","5도↓",0.31
"2026-06-02 19:12:02","KOSPI기온분석","5~15도",0.3417647058823529
"2026-06-02 19:12:02","KOSPI기온분석","15~22도",-0.010869565217391314
"2026-06-02 19:12:02","KOSPI기온분석","22~28도",-0.004545454545454567
"2026-06-02 19:12:02","KOSPI기온분석","28도↑",0.08176470588235288
"2026-06-02 19:12:02","KOSPI기온분석","5도↓",0.31
"2026-06-02 19:12:02","KOSPI기온분석","5~15도",0.3417647058823529
"2026-06-02 19:12:02","KOSPI기온분석","15~22도",-0.010869565217391314
"2026-06-02 19:12:02","KOSPI기온분석","22~28도",-0.004545454545454567
"2026-06-02 19:12:02","KOSPI기온분석","28도↑",0.08388888888888883
"2026-06-02 19:12:02","KOSPI기온분석","5도↓",0.31
"2026-06-02 19:12:02","KOSPI기온분석","5~15도",0.3417647058823529
"2026-06-02 19:12:02","KOSPI기온분석","15~22도",-0.010869565217391314
"2026-06-02 19:12:02","KOSPI기온분석","22~28도",-0.004545454545454567
"2026-06-02 19:12:02","KOSPI기온분석","28도↑",0.10842105263157888
"2026-06-02 19:12:02","KOSPI기온분석","5도↓",0.31
"2026-06-02 19:12:02","KOSPI기온분석","5~15도",0.3417647058823529
"2026-06-02 19:12:02","KOSPI기온분석","15~22도",-0.010869565217391314
"2026-06-02 19:12:02","KOSPI기온분석","22~28도",0.005217391304347806
"2026-06-02 19:12:02","KOSPI기온분석","28도↑",0.10842105263157888
"2026-06-02 19:12:02","KOSPI기온분석","5도↓",0.31
"2026-06-02 19:12:02","KOSPI기온분석","5~15도",0.3417647058823529
"2026-06-02 19:12:02","KOSPI기온분석","15~22도",-0.010869565217391314
"2026-06-02 19:12:02","KOSPI기온분석","22~28도",0.005217391304347806
"2026-06-02 19:12:02","KOSPI기온분석","28도↑",0.09849999999999993
"2026-06-02 19:12:02","KOSPI기온분석","5도↓",0.31
"2026-06-02 19:12:02","KOSPI기온분석","5~15도",0.3417647058823529
"2026-06-02 19:12:02","KOSPI기온분석","15~22도",-0.010869565217391314
"2026-06-02 19:12:02","KOSPI기온분석","22~28도",0.05374999999999997
"2026-06-02 19:12:02","KOSPI기온분석","28도↑",0.09849999999999993
"2026-06-02 19:12:02","KOSPI기온분석","5도↓",0.31
"2026-06-02 19:12:02","KOSPI기온분석","5~15도",0.3417647058823529
"2026-06-02 19:12:02","KOSPI기온분석","15~22도",-0.010869565217391314
"2026-06-02 19:12:02","KOSPI기온분석","22~28도",0.053199999999999976
"2026-06-02 19:12:02","KOSPI기온분석","28도↑",0.09849999999999993
"2026-06-02 19:12:02","KOSPI기온분석","5도↓",0.31
"2026-06-02 19:12:02","KOSPI기온분석","5~15도",0.3417647058823529
"2026-06-02 19:12:02","KOSPI기온분석","15~22도",-0.010869565217391314
"2026-06-02 19:12:02","KOSPI기온분석","22~28도",0.053199999999999976
"2026-06-02 19:12:02","KOSPI기온분석","28도↑",0.1523809523809523
"2026-06-02 19:12:02","KOSPI기온분석","5도↓",0.31
"2026-06-02 19:12:02","KOSPI기온분석","5~15도",0.3417647058823529
"2026-06-02 19:12:02","KOSPI기온분석","15~22도",-0.010869565217391314
"2026-06-02 19:12:02","KOSPI기온분석","22~28도",0.023076923076923054
"2026-06-02 19:12:02","KOSPI기온분석","28도↑",0.1523809523809523
"2026-06-02 19:12:02","KOSPI기온분석","5도↓",0.31
"2026-06-02 19:12:02","KOSPI기온분석","5~15도",0.3417647058823529
"2026-06-02 19:12:02","KOSPI기온분석","15~22도",-0.010869565217391314
"2026-06-02 19:12:02","KOSPI기온분석","22~28도",0.029999999999999978
"2026-06-02 19:12:02","KOSPI기온분석","28도↑",0.1523809523809523
"2026-06-02 19:12:03","KOSPI기온분석","5도↓",0.31
"2026-06-02 19:12:03","KOSPI기온분석","5~15도",0.3417647058823529
"2026-06-02 19:12:03","KOSPI기온분석","15~22도",-0.010869565217391314
"2026-06-02 19:12:03","KOSPI기온분석","22~28도",0.029999999999999978
"2026-06-02 19:12:03","KOSPI기온분석","28도↑",0.10499999999999993
"2026-06-02 19:12:03","KOSPI기온분석","5도↓",0.31
"2026-06-02 19:12:03","KOSPI기온분석","5~15도",0.3417647058823529
"2026-06-02 19:12:03","KOSPI기온분석","15~22도",-0.010869565217391314
"2026-06-02 19:12:03","KOSPI기온분석","22~28도",0.029999999999999978
"2026-06-02 19:12:03","KOSPI기온분석","28도↑",0.09782608695652166
"2026-06-02 19:12:03","KOSPI기온분석","5도↓",0.31
"2026-06-02 19:12:03","KOSPI기온분석","5~15도",0.3417647058823529
"2026-06-02 19:12:03","KOSPI기온분석","15~22도",-0.010869565217391314
"2026-06-02 19:12:03","KOSPI기온분석","22~28도",0.029999999999999978
"2026-06-02 19:12:03","KOSPI기온분석","28도↑",0.1316666666666666
"2026-06-02 19:12:03","KOSPI기온분석","5도↓",0.31
"2026-06-02 19:12:03","KOSPI기온분석","5~15도",0.3417647058823529
"2026-06-02 19:12:03","KOSPI기온분석","15~22도",-0.010869565217391314
"2026-06-02 19:12:03","KOSPI기온분석","22~28도",0.029999999999999978
"2026-06-02 19:12:03","KOSPI기온분석","28도↑",0.07759999999999993
"2026-06-02 19:12:03","KOSPI기온분석","5도↓",0.31
"2026-06-02 19:12:03","KOSPI기온분석","5~15도",0.3417647058823529
"2026-06-02 19:12:03","KOSPI기온분석","15~22도",-0.010869565217391314
"2026-06-02 19:12:03","KOSPI기온분석","22~28도",0.029999999999999978
"2026-06-02 19:12:03","KOSPI기온분석","28도↑",0.07230769230769224
"2026-06-02 19:12:03","KOSPI기온분석","5도↓",0.31
"2026-06-02 19:12:03","KOSPI기온분석","5~15도",0.3417647058823529
"2026-06-02 19:12:03","KOSPI기온분석","15~22도",-0.010869565217391314
"2026-06-02 19:12:03","KOSPI기온분석","22~28도",0.029999999999999978
"2026-06-02 19:12:03","KOSPI기온분석","28도↑",0.1444444444444444
"2026-06-02 19:12:03","KOSPI기온분석","5도↓",0.31
"2026-06-02 19:12:03","KOSPI기온분석","5~15도",0.3417647058823529
"2026-06-02 19:12:03","KOSPI기온분석","15~22도",-0.010869565217391314
"2026-06-02 19:12:03","KOSPI기온분석","22~28도",0.029999999999999978
"2026-06-02 19:12:03","KOSPI기온분석","28도↑",0.1296428571428571
"2026-06-02 19:12:03","KOSPI기온분석","5도↓",0.31
"2026-06-02 19:12:03","KOSPI기온분석","5~15도",0.3417647058823529
"2026-06-02 19:12:03","KOSPI기온분석","15~22도",-0.010869565217391314
"2026-06-02 19:12:03","KOSPI기온분석","22~28도",0.07357142857142855
"2026-06-02 19:12:03","KOSPI기온분석","28도↑",0.1296428571428571
"2026-06-02 19:12:03","KOSPI기온분석","5도↓",0.31
"2026-06-02 19:12:03","KOSPI기온분석","5~15도",0.3417647058823529
"2026-06-02 19:12:03","KOSPI기온분석","15~22도",-0.010869565217391314
"2026-06-02 19:12:03","KOSPI기온분석","22~28도",0.1362068965517241
"2026-06-02 19:12:03","KOSPI기온분석","28도↑",0.1296428571428571
"2026-06-02 19:12:03","KOSPI기온분석","5도↓",0.31
"2026-06-02 19:12:03","KOSPI기온분석","5~15도",0.3417647058823529
"2026-06-02 19:12:03","KOSPI기온분석","15~22도",-0.010869565217391314
"2026-06-02 19:12:03","KOSPI기온분석","22~28도",0.1362068965517241
"2026-06-02 19:12:03","KOSPI기온분석","28도↑",0.0962068965517241
"2026-06-02 19:12:04","KOSPI기온분석","5도↓",0.31
"2026-06-02 19:12:04","KOSPI기온분석","5~15도",0.3417647058823529
"2026-06-02 19:12:04","KOSPI기온분석","15~22도",-0.010869565217391314
"2026-06-02 19:12:04","KOSPI기온분석","22~28도",0.1362068965517241
"2026-06-02 19:12:04","KOSPI기온분석","28도↑",0.09466666666666662
"2026-06-02 19:12:04","KOSPI기온분석","5도↓",0.31
"2026-06-02 19:12:04","KOSPI기온분석","5~15도",0.3417647058823529
"2026-06-02 19:12:04","KOSPI기온분석","15~22도",-0.010869565217391314
"2026-06-02 19:12:04","KOSPI기온분석","22~28도",0.22033333333333333
"2026-06-02 19:12:04","KOSPI기온분석","28도↑",0.09466666666666662
"2026-06-02 19:12:04","KOSPI기온분석","5도↓",0.31
"2026-06-02 19:12:04","KOSPI기온분석","5~15도",0.3417647058823529
"2026-06-02 19:12:04","KOSPI기온분석","15~22도",-0.010869565217391314
"2026-06-02 19:12:04","KOSPI기온분석","22~28도",0.26129032258064516
"2026-06-02 19:12:04","KOSPI기온분석","28도↑",0.09466666666666662
"2026-06-02 19:12:04","KOSPI기온분석","5도↓",0.31
"2026-06-02 19:12:04","KOSPI기온분석","5~15도",0.3417647058823529
"2026-06-02 19:12:04","KOSPI기온분석","15~22도",-0.010869565217391314
"2026-06-02 19:12:04","KOSPI기온분석","22~28도",0.3015625
"2026-06-02 19:12:04","KOSPI기온분석","28도↑",0.09466666666666662
"2026-06-02 19:12:04","KOSPI기온분석","5도↓",0.31
"2026-06-02 19:12:04","KOSPI기온분석","5~15도",0.3417647058823529
"2026-06-02 19:12:04","KOSPI기온분석","15~22도",-0.010869565217391314
"2026-06-02 19:12:04","KOSPI기온분석","22~28도",0.30939393939393944
"2026-06-02 19:12:04","KOSPI기온분석","28도↑",0.09466666666666662
"2026-06-02 19:12:04","KOSPI기온분석","5도↓",0.31
"2026-06-02 19:12:04","KOSPI기온분석","5~15도",0.3417647058823529
"2026-06-02 19:12:04","KOSPI기온분석","15~22도",-0.010869565217391314
"2026-06-02 19:12:04","KOSPI기온분석","22~28도",0.33647058823529413
"2026-06-02 19:12:04","KOSPI기온분석","28도↑",0.09466666666666662
"2026-06-02 19:12:04","KOSPI기온분석","5도↓",0.31
"2026-06-02 19:12:04","KOSPI기온분석","5~15도",0.3417647058823529
"2026-06-02 19:12:04","KOSPI기온분석","15~22도",-0.010869565217391314
"2026-06-02 19:12:04","KOSPI기온분석","22~28도",0.33971428571428575
"2026-06-02 19:12:04","KOSPI기온분석","28도↑",0.09466666666666662
"2026-06-02 19:12:04","KOSPI기온분석","5도↓",0.31
"2026-06-02 19:12:04","KOSPI기온분석","5~15도",0.3417647058823529
"2026-06-02 19:12:04","KOSPI기온분석","15~22도",-0.010869565217391314
"2026-06-02 19:12:04","KOSPI기온분석","22~28도",0.30611111111111117
"2026-06-02 19:12:04","KOSPI기온분석","28도↑",0.09466666666666662
"2026-06-02 19:12:04","KOSPI기온분석","5도↓",0.31
"2026-06-02 19:12:04","KOSPI기온분석","5~15도",0.3417647058823529
"2026-06-02 19:12:04","KOSPI기온분석","15~22도",-0.010869565217391314
"2026-06-02 19:12:04","KOSPI기온분석","22~28도",0.34648648648648656
"2026-06-02 19:12:04","KOSPI기온분석","28도↑",0.09466666666666662
"2026-06-02 19:12:05","KOSPI기온분석","5도↓",0.31
"2026-06-02 19:12:05","KOSPI기온분석","5~15도",0.3417647058823529
"2026-06-02 19:12:05","KOSPI기온분석","15~22도",-0.010869565217391314
"2026-06-02 19:12:05","KOSPI기온분석","22~28도",0.34052631578947373
"2026-06-02 19:12:05","KOSPI기온분석","28도↑",0.09466666666666662
"2026-06-02 19:12:05","KOSPI기온분석","5도↓",0.31
"2026-06-02 19:12:05","KOSPI기온분석","5~15도",0.3417647058823529
"2026-06-02 19:12:05","KOSPI기온분석","15~22도",-0.010869565217391314
"2026-06-02 19:12:05","KOSPI기온분석","22~28도",0.35076923076923083
"2026-06-02 19:12:05","KOSPI기온분석","28도↑",0.09466666666666662
"2026-06-02 19:12:05","KOSPI기온분석","5도↓",0.31
"2026-06-02 19:12:05","KOSPI기온분석","5~15도",0.3417647058823529
"2026-06-02 19:12:05","KOSPI기온분석","15~22도",-0.010869565217391314
"2026-06-02 19:12:05","KOSPI기온분석","22~28도",0.34675
"2026-06-02 19:12:05","KOSPI기온분석","28도↑",0.09466666666666662
"2026-06-02 19:12:05","KOSPI기온분석","5도↓",0.31
"2026-06-02 19:12:05","KOSPI기온분석","5~15도",0.3417647058823529
"2026-06-02 19:12:05","KOSPI기온분석","15~22도",-0.010869565217391314
"2026-06-02 19:12:05","KOSPI기온분석","22~28도",0.3743902439024391
"2026-06-02 19:12:05","KOSPI기온분석","28도↑",0.09466666666666662
"2026-06-02 19:12:05","KOSPI기온분석","5도↓",0.31
"2026-06-02 19:12:05","KOSPI기온분석","5~15도",0.3417647058823529
"2026-06-02 19:12:05","KOSPI기온분석","15~22도",-0.020416666666666677
"2026-06-02 19:12:05","KOSPI기온분석","22~28도",0.3743902439024391
"2026-06-02 19:12:05","KOSPI기온분석","28도↑",0.09466666666666662
"2026-06-02 19:12:05","KOSPI기온분석","5도↓",0.31
"2026-06-02 19:12:05","KOSPI기온분석","5~15도",0.3417647058823529
"2026-06-02 19:12:05","KOSPI기온분석","15~22도",0.09879999999999999
"2026-06-02 19:12:05","KOSPI기온분석","22~28도",0.3743902439024391
"2026-06-02 19:12:05","KOSPI기온분석","28도↑",0.09466666666666662
"2026-06-02 19:12:05","KOSPI기온분석","5도↓",0.31
"2026-06-02 19:12:05","KOSPI기온분석","5~15도",0.3417647058823529
"2026-06-02 19:12:05","KOSPI기온분석","15~22도",0.09879999999999999
"2026-06-02 19:12:05","KOSPI기온분석","22~28도",0.36904761904761907
"2026-06-02 19:12:05","KOSPI기온분석","28도↑",0.09466666666666662
"2026-06-02 19:12:05","KOSPI기온분석","5도↓",0.31
"2026-06-02 19:12:05","KOSPI기온분석","5~15도",0.3417647058823529
"2026-06-02 19:12:05","KOSPI기온분석","15~22도",0.05961538461538461
"2026-06-02 19:12:05","KOSPI기온분석","22~28도",0.36904761904761907
"2026-06-02 19:12:05","KOSPI기온분석","28도↑",0.09466666666666662
"2026-06-02 19:12:05","KOSPI기온분석","5도↓",0.31
"2026-06-02 19:12:05","KOSPI기온분석","5~15도",0.3417647058823529
"2026-06-02 19:12:05","KOSPI기온분석","15~22도",0.05961538461538461
"2026-06-02 19:12:05","KOSPI기온분석","22~28도",0.3425581395348838
"2026-06-02 19:12:05","KOSPI기온분석","28도↑",0.09466666666666662
"2026-06-02 19:12:05","KOSPI기온분석","5도↓",0.31
"2026-06-02 19:12:05","KOSPI기온분석","5~15도",0.3417647058823529
"2026-06-02 19:12:05","KOSPI기온분석","15~22도",0.07666666666666666
"2026-06-02 19:12:05","KOSPI기온분석","22~28도",0.3425581395348838
"2026-06-02 19:12:05","KOSPI기온분석","28도↑",0.09466666666666662
"2026-06-02 19:12:06","KOSPI기온분석","5도↓",0.31
"2026-06-02 19:12:06","KOSPI기온분석","5~15도",0.3417647058823529
"2026-06-02 19:12:06","KOSPI기온분석","15~22도",0.09464285714285714
"2026-06-02 19:12:06","KOSPI기온분석","22~28도",0.3425581395348838
"2026-06-02 19:12:06","KOSPI기온분석","28도↑",0.09466666666666662
"2026-06-02 19:12:06","KOSPI기온분석","5도↓",0.31
"2026-06-02 19:12:06","KOSPI기온분석","5~15도",0.3417647058823529
"2026-06-02 19:12:06","KOSPI기온분석","15~22도",0.07517241379310344
"2026-06-02 19:12:06","KOSPI기온분석","22~28도",0.3425581395348838
"2026-06-02 19:12:06","KOSPI기온분석","28도↑",0.09466666666666662
"2026-06-02 19:12:06","KOSPI기온분석","5도↓",0.31
"2026-06-02 19:12:06","KOSPI기온분석","5~15도",0.3417647058823529
"2026-06-02 19:12:06","KOSPI기온분석","15~22도",0.11733333333333332
"2026-06-02 19:12:06","KOSPI기온분석","22~28도",0.3425581395348838
"2026-06-02 19:12:06","KOSPI기온분석","28도↑",0.09466666666666662
"2026-06-02 19:12:06","KOSPI기온분석","5도↓",0.31
"2026-06-02 19:12:06","KOSPI기온분석","5~15도",0.3417647058823529
"2026-06-02 19:12:06","KOSPI기온분석","15~22도",0.049354838709677405
"2026-06-02 19:12:06","KOSPI기온분석","22~28도",0.3425581395348838
"2026-06-02 19:12:06","KOSPI기온분석","28도↑",0.09466666666666662
"2026-06-02 19:12:06","KOSPI기온분석","5도↓",0.31
"2026-06-02 19:12:06","KOSPI기온분석","5~15도",0.3417647058823529
"2026-06-02 19:12:06","KOSPI기온분석","15~22도",0.053124999999999985
"2026-06-02 19:12:06","KOSPI기온분석","22~28도",0.3425581395348838
"2026-06-02 19:12:06","KOSPI기온분석","28도↑",0.09466666666666662
"2026-06-02 19:12:06","KOSPI기온분석","5도↓",0.31
"2026-06-02 19:12:06","KOSPI기온분석","5~15도",0.3417647058823529
"2026-06-02 19:12:06","KOSPI기온분석","15~22도",0.10636363636363635
"2026-06-02 19:12:06","KOSPI기온분석","22~28도",0.3425581395348838
"2026-06-02 19:12:06","KOSPI기온분석","28도↑",0.09466666666666662
"2026-06-02 19:12:06","KOSPI기온분석","5도↓",0.31
"2026-06-02 19:12:06","KOSPI기온분석","5~15도",0.3417647058823529
"2026-06-02 19:12:06","KOSPI기온분석","15~22도",0.12088235294117645
"2026-06-02 19:12:06","KOSPI기온분석","22~28도",0.3425581395348838
"2026-06-02 19:12:06","KOSPI기온분석","28도↑",0.09466666666666662
"2026-06-02 19:12:06","KOSPI기온분석","5도↓",0.31
"2026-06-02 19:12:06","KOSPI기온분석","5~15도",0.3417647058823529
"2026-06-02 19:12:06","KOSPI기온분석","15~22도",0.16257142857142856
"2026-06-02 19:12:06","KOSPI기온분석","22~28도",0.3425581395348838
"2026-06-02 19:12:06","KOSPI기온분석","28도↑",0.09466666666666662
"2026-06-02 19:12:06","KOSPI기온분석","5도↓",0.31
"2026-06-02 19:12:06","KOSPI기온분석","5~15도",0.3417647058823529
"2026-06-02 19:12:06","KOSPI기온분석","15~22도",0.15166666666666664
"2026-06-02 19:12:06","KOSPI기온분석","22~28도",0.3425581395348838
"2026-06-02 19:12:06","KOSPI기온분석","28도↑",0.09466666666666662
"2026-06-02 19:12:06","KOSPI기온분석","5도↓",0.31
"2026-06-02 19:12:06","KOSPI기온분석","5~15도",0.3417647058823529
"2026-06-02 19:12:06","KOSPI기온분석","15~22도",0.16999999999999998
"2026-06-02 19:12:06","KOSPI기온분석","22~28도",0.3425581395348838
"2026-06-02 19:12:06","KOSPI기온분석","28도↑",0.09466666666666662
"2026-06-02 19:12:07","KOSPI기온분석","5도↓",0.31
"2026-06-02 19:12:07","KOSPI기온분석","5~15도",0.3417647058823529
"2026-06-02 19:12:07","KOSPI기온분석","15~22도",0.1763157894736842
"2026-06-02 19:12:07","KOSPI기온분석","22~28도",0.3425581395348838
"2026-06-02 19:12:07","KOSPI기온분석","28도↑",0.09466666666666662
"2026-06-02 19:12:07","KOSPI기온분석","5도↓",0.31
"2026-06-02 19:12:07","KOSPI기온분석","5~15도",0.3417647058823529
"2026-06-02 19:12:07","KOSPI기온분석","15~22도",0.1487179487179487
"2026-06-02 19:12:07","KOSPI기온분석","22~28도",0.3425581395348838
"2026-06-02 19:12:07","KOSPI기온분석","28도↑",0.09466666666666662
"2026-06-02 19:12:07","KOSPI기온분석","5도↓",0.31
"2026-06-02 19:12:07","KOSPI기온분석","5~15도",0.3417647058823529
"2026-06-02 19:12:07","KOSPI기온분석","15~22도",0.14975
"2026-06-02 19:12:07","KOSPI기온분석","22~28도",0.3425581395348838
"2026-06-02 19:12:07","KOSPI기온분석","28도↑",0.09466666666666662
"2026-06-02 19:12:07","KOSPI기온분석","5도↓",0.31
"2026-06-02 19:12:07","KOSPI기온분석","5~15도",0.3417647058823529
"2026-06-02 19:12:07","KOSPI기온분석","15~22도",0.14292682926829267
"2026-06-02 19:12:07","KOSPI기온분석","22~28도",0.3425581395348838
"2026-06-02 19:12:07","KOSPI기온분석","28도↑",0.09466666666666662
"2026-06-02 19:12:07","KOSPI기온분석","5도↓",0.31
"2026-06-02 19:12:07","KOSPI기온분석","5~15도",0.3622222222222222
"2026-06-02 19:12:07","KOSPI기온분석","15~22도",0.14292682926829267
"2026-06-02 19:12:07","KOSPI기온분석","22~28도",0.3425581395348838
"2026-06-02 19:12:07","KOSPI기온분석","28도↑",0.09466666666666662
"2026-06-02 19:12:07","KOSPI기온분석","5도↓",0.31
"2026-06-02 19:12:07","KOSPI기온분석","5~15도",0.27631578947368424
"2026-06-02 19:12:07","KOSPI기온분석","15~22도",0.14292682926829267
"2026-06-02 19:12:07","KOSPI기온분석","22~28도",0.3425581395348838
"2026-06-02 19:12:07","KOSPI기온분석","28도↑",0.09466666666666662
"2026-06-02 19:12:07","KOSPI기온분석","5도↓",0.31
"2026-06-02 19:12:07","KOSPI기온분석","5~15도",0.28450000000000003
"2026-06-02 19:12:07","KOSPI기온분석","15~22도",0.14292682926829267
"2026-06-02 19:12:07","KOSPI기온분석","22~28도",0.3425581395348838
"2026-06-02 19:12:07","KOSPI기온분석","28도↑",0.09466666666666662
"2026-06-02 19:12:07","KOSPI기온분석","5도↓",0.31
"2026-06-02 19:12:07","KOSPI기온분석","5~15도",0.28095238095238095
"2026-06-02 19:12:07","KOSPI기온분석","15~22도",0.14292682926829267
"2026-06-02 19:12:07","KOSPI기온분석","22~28도",0.3425581395348838
"2026-06-02 19:12:07","KOSPI기온분석","28도↑",0.09466666666666662
"2026-06-02 19:12:07","KOSPI기온분석","5도↓",0.31
"2026-06-02 19:12:07","KOSPI기온분석","5~15도",0.27636363636363637
"2026-06-02 19:12:07","KOSPI기온분석","15~22도",0.14292682926829267
"2026-06-02 19:12:07","KOSPI기온분석","22~28도",0.3425581395348838
"2026-06-02 19:12:07","KOSPI기온분석","28도↑",0.09466666666666662
"2026-06-02 19:12:07","KOSPI기온분석","5도↓",0.31
"2026-06-02 19:12:07","KOSPI기온분석","5~15도",0.2826086956521739
"2026-06-02 19:12:07","KOSPI기온분석","15~22도",0.14292682926829267
"2026-06-02 19:12:07","KOSPI기온분석","22~28도",0.3425581395348838
"2026-06-02 19:12:07","KOSPI기온분석","28도↑",0.09466666666666662
"2026-06-02 19:12:08","KOSPI기온분석","5도↓",0.31
"2026-06-02 19:12:08","KOSPI기온분석","5~15도",0.29833333333333334
"2026-06-02 19:12:08","KOSPI기온분석","15~22도",0.14292682926829267
"2026-06-02 19:12:08","KOSPI기온분석","22~28도",0.3425581395348838
"2026-06-02 19:12:08","KOSPI기온분석","28도↑",0.09466666666666662
"2026-06-02 19:12:08","KOSPI기온분석","5도↓",0.31
"2026-06-02 19:12:08","KOSPI기온분석","5~15도",0.316
"2026-06-02 19:12:08","KOSPI기온분석","15~22도",0.14292682926829267
"2026-06-02 19:12:08","KOSPI기온분석","22~28도",0.3425581395348838
"2026-06-02 19:12:08","KOSPI기온분석","28도↑",0.09466666666666662
"2026-06-02 19:12:08","KOSPI기온분석","5도↓",0.31
"2026-06-02 19:12:08","KOSPI기온분석","5~15도",0.29307692307692307
"2026-06-02 19:12:08","KOSPI기온분석","15~22도",0.14292682926829267
"2026-06-02 19:12:08","KOSPI기온분석","22~28도",0.3425581395348838
"2026-06-02 19:12:08","KOSPI기온분석","28도↑",0.09466666666666662
"2026-06-02 19:12:08","KOSPI기온분석","5도↓",0.31
"2026-06-02 19:12:08","KOSPI기온분석","5~15도",0.1385185185185185
"2026-06-02 19:12:08","KOSPI기온분석","15~22도",0.14292682926829267
"2026-06-02 19:12:08","KOSPI기온분석","22~28도",0.3425581395348838
"2026-06-02 19:12:08","KOSPI기온분석","28도↑",0.09466666666666662
"2026-06-02 19:12:08","KOSPI기온분석","5도↓",0.31
"2026-06-02 19:12:08","KOSPI기온분석","5~15도",0.1660714285714286
"2026-06-02 19:12:08","KOSPI기온분석","15~22도",0.14292682926829267
"2026-06-02 19:12:08","KOSPI기온분석","22~28도",0.3425581395348838
"2026-06-02 19:12:08","KOSPI기온분석","28도↑",0.09466666666666662
"2026-06-02 19:12:08","KOSPI기온분석","5도↓",0.31
"2026-06-02 19:12:08","KOSPI기온분석","5~15도",0.21551724137931033
"2026-06-02 19:12:08","KOSPI기온분석","15~22도",0.14292682926829267
"2026-06-02 19:12:08","KOSPI기온분석","22~28도",0.3425581395348838
"2026-06-02 19:12:08","KOSPI기온분석","28도↑",0.09466666666666662
"2026-06-02 19:12:08","KOSPI기온분석","5도↓",0.31
"2026-06-02 19:12:08","KOSPI기온분석","5~15도",0.20833333333333334
"2026-06-02 19:12:08","KOSPI기온분석","15~22도",0.14292682926829267
"2026-06-02 19:12:08","KOSPI기온분석","22~28도",0.3425581395348838
"2026-06-02 19:12:08","KOSPI기온분석","28도↑",0.09466666666666662
"2026-06-02 19:12:08","KOSPI기온분석","5도↓",0.31
"2026-06-02 19:12:08","KOSPI기온분석","5~15도",0.23129032258064516
"2026-06-02 19:12:08","KOSPI기온분석","15~22도",0.14292682926829267
"2026-06-02 19:12:08","KOSPI기온분석","22~28도",0.3425581395348838
"2026-06-02 19:12:08","KOSPI기온분석","28도↑",0.09466666666666662
"2026-06-02 19:12:08","KOSPI기온분석","5도↓",0.31
"2026-06-02 19:12:08","KOSPI기온분석","5~15도",0.206875
"2026-06-02 19:12:08","KOSPI기온분석","15~22도",0.14292682926829267
"2026-06-02 19:12:08","KOSPI기온분석","22~28도",0.3425581395348838
"2026-06-02 19:12:08","KOSPI기온분석","28도↑",0.09466666666666662
"2026-06-02 19:12:08","KOSPI기온분석","5도↓",0.31
"2026-06-02 19:12:08","KOSPI기온분석","5~15도",0.1975757575757576
"2026-06-02 19:12:08","KOSPI기온분석","15~22도",0.14292682926829267
"2026-06-02 19:12:08","KOSPI기온분석","22~28도",0.3425581395348838
"2026-06-02 19:12:08","KOSPI기온분석","28도↑",0.09466666666666662
"2026-06-02 19:12:09","KOSPI기온분석","5도↓",0.31
"2026-06-02 19:12:09","KOSPI기온분석","5~15도",0.1761764705882353
"2026-06-02 19:12:09","KOSPI기온분석","15~22도",0.14292682926829267
"2026-06-02 19:12:09","KOSPI기온분석","22~28도",0.3425581395348838
"2026-06-02 19:12:09","KOSPI기온분석","28도↑",0.09466666666666662
"2026-06-02 19:12:09","KOSPI기온분석","5도↓",0.31
"2026-06-02 19:12:09","KOSPI기온분석","5~15도",0.202
"2026-06-02 19:12:09","KOSPI기온분석","15~22도",0.14292682926829267
"2026-06-02 19:12:09","KOSPI기온분석","22~28도",0.3425581395348838
"2026-06-02 19:12:09","KOSPI기온분석","28도↑",0.09466666666666662
"2026-06-02 19:12:09","KOSPI기온분석","5도↓",0.31
"2026-06-02 19:12:09","KOSPI기온분석","5~15도",0.1975
"2026-06-02 19:12:09","KOSPI기온분석","15~22도",0.14292682926829267
"2026-06-02 19:12:09","KOSPI기온분석","22~28도",0.3425581395348838
"2026-06-02 19:12:09","KOSPI기온분석","28도↑",0.09466666666666662
"2026-06-02 19:12:09","KOSPI기온분석","5도↓",0.31
"2026-06-02 19:12:09","KOSPI기온분석","5~15도",0.15162162162162163
"2026-06-02 19:12:09","KOSPI기온분석","15~22도",0.14292682926829267
"2026-06-02 19:12:09","KOSPI기온분석","22~28도",0.3425581395348838
"2026-06-02 19:12:09","KOSPI기온분석","28도↑",0.09466666666666662
"2026-06-02 19:12:09","KOSPI기온분석","5도↓",-0.25
"2026-06-02 19:12:09","KOSPI기온분석","5~15도",0.15162162162162163
"2026-06-02 19:12:09","KOSPI기온분석","15~22도",0.14292682926829267
"2026-06-02 19:12:09","KOSPI기온분석","22~28도",0.3425581395348838
"2026-06-02 19:12:09","KOSPI기온분석","28도↑",0.09466666666666662
"2026-06-02 19:12:09","KOSPI기온분석","5도↓",-0.39333333333333337
"2026-06-02 19:12:09","KOSPI기온분석","5~15도",0.15162162162162163
"2026-06-02 19:12:09","KOSPI기온분석","15~22도",0.14292682926829267
"2026-06-02 19:12:09","KOSPI기온분석","22~28도",0.3425581395348838
"2026-06-02 19:12:09","KOSPI기온분석","28도↑",0.09466666666666662
"2026-06-02 19:12:09","KOSPI기온분석","5도↓",-0.20250000000000004
"2026-06-02 19:12:09","KOSPI기온분석","5~15도",0.15162162162162163
"2026-06-02 19:12:09","KOSPI기온분석","15~22도",0.14292682926829267
"2026-06-02 19:12:09","KOSPI기온분석","22~28도",0.3425581395348838
"2026-06-02 19:12:09","KOSPI기온분석","28도↑",0.09466666666666662
"2026-06-02 19:12:09","KOSPI기온분석","5도↓",-0.20250000000000004
"2026-06-02 19:12:09","KOSPI기온분석","5~15도",0.17026315789473687
"2026-06-02 19:12:09","KOSPI기온분석","15~22도",0.14292682926829267
"2026-06-02 19:12:09","KOSPI기온분석","22~28도",0.3425581395348838
"2026-06-02 19:12:09","KOSPI기온분석","28도↑",0.09466666666666662
"2026-06-02 19:12:09","KOSPI기온분석","5도↓",-0.20250000000000004
"2026-06-02 19:12:09","KOSPI기온분석","5~15도",0.19923076923076924
"2026-06-02 19:12:09","KOSPI기온분석","15~22도",0.14292682926829267
"2026-06-02 19:12:09","KOSPI기온분석","22~28도",0.3425581395348838
"2026-06-02 19:12:09","KOSPI기온분석","28도↑",0.09466666666666662
"2026-06-02 19:12:09","KOSPI기온분석","5도↓",-0.20250000000000004
"2026-06-02 19:12:09","KOSPI기온분석","5~15도",0.1705
"2026-06-02 19:12:09","KOSPI기온분석","15~22도",0.14292682926829267
"2026-06-02 19:12:09","KOSPI기온분석","22~28도",0.3425581395348838
"2026-06-02 19:12:09","KOSPI기온분석","28도↑",0.09466666666666662
"2026-06-02 19:12:10","KOSPI기온분석","5도↓",-0.20250000000000004
"2026-06-02 19:12:10","KOSPI기온분석","5~15도",0.17243902439024392
"2026-06-02 19:12:10","KOSPI기온분석","15~22도",0.14292682926829267
"2026-06-02 19:12:10","KOSPI기온분석","22~28도",0.3425581395348838
"2026-06-02 19:12:10","KOSPI기온분석","28도↑",0.09466666666666662
"2026-06-02 19:12:10","KOSPI기온분석","5도↓",-0.20250000000000004
"2026-06-02 19:12:10","KOSPI기온분석","5~15도",0.17523809523809525
"2026-06-02 19:12:10","KOSPI기온분석","15~22도",0.14292682926829267
"2026-06-02 19:12:10","KOSPI기온분석","22~28도",0.3425581395348838
"2026-06-02 19:12:10","KOSPI기온분석","28도↑",0.09466666666666662
"2026-06-02 19:12:10","KOSPI기온분석","5도↓",-0.20250000000000004
"2026-06-02 19:12:10","KOSPI기온분석","5~15도",0.16372093023255815
"2026-06-02 19:12:10","KOSPI기온분석","15~22도",0.14292682926829267
"2026-06-02 19:12:10","KOSPI기온분석","22~28도",0.3425581395348838
"2026-06-02 19:12:10","KOSPI기온분석","28도↑",0.09466666666666662
"2026-06-02 19:12:10","KOSPI기온분석","5도↓",-0.20250000000000004
"2026-06-02 19:12:10","KOSPI기온분석","5~15도",0.1293181818181818
"2026-06-02 19:12:10","KOSPI기온분석","15~22도",0.14292682926829267
"2026-06-02 19:12:10","KOSPI기온분석","22~28도",0.3425581395348838
"2026-06-02 19:12:10","KOSPI기온분석","28도↑",0.09466666666666662
"2026-06-02 19:12:10","KOSPI기온분석","5도↓",-0.20250000000000004
"2026-06-02 19:12:10","KOSPI기온분석","5~15도",0.14733333333333332
"2026-06-02 19:12:10","KOSPI기온분석","15~22도",0.14292682926829267
"2026-06-02 19:12:10","KOSPI기온분석","22~28도",0.3425581395348838
"2026-06-02 19:12:10","KOSPI기온분석","28도↑",0.09466666666666662
"2026-06-02 19:12:10","KOSPI기온분석","5도↓",-0.08600000000000003
"2026-06-02 19:12:10","KOSPI기온분석","5~15도",0.14733333333333332
"2026-06-02 19:12:10","KOSPI기온분석","15~22도",0.14292682926829267
"2026-06-02 19:12:10","KOSPI기온분석","22~28도",0.3425581395348838
"2026-06-02 19:12:10","KOSPI기온분석","28도↑",0.09466666666666662
"2026-06-02 19:12:10","KOSPI기온분석","5도↓",0.014999999999999977
"2026-06-02 19:12:10","KOSPI기온분석","5~15도",0.14733333333333332
"2026-06-02 19:12:10","KOSPI기온분석","15~22도",0.14292682926829267
"2026-06-02 19:12:10","KOSPI기온분석","22~28도",0.3425581395348838
"2026-06-02 19:12:10","KOSPI기온분석","28도↑",0.09466666666666662
"2026-06-02 19:12:10","KOSPI기온분석","5도↓",0.03142857142857141
"2026-06-02 19:12:10","KOSPI기온분석","5~15도",0.14733333333333332
"2026-06-02 19:12:10","KOSPI기온분석","15~22도",0.14292682926829267
"2026-06-02 19:12:10","KOSPI기온분석","22~28도",0.3425581395348838
"2026-06-02 19:12:10","KOSPI기온분석","28도↑",0.09466666666666662
"2026-06-02 19:12:10","KOSPI기온분석","5도↓",0.03142857142857141
"2026-06-02 19:12:10","KOSPI기온분석","5~15도",0.15391304347826085
"2026-06-02 19:12:10","KOSPI기온분석","15~22도",0.14292682926829267
"2026-06-02 19:12:10","KOSPI기온분석","22~28도",0.3425581395348838
"2026-06-02 19:12:10","KOSPI기온분석","28도↑",0.09466666666666662
"2026-06-02 19:12:10","KOSPI기온분석","5도↓",0.185
"2026-06-02 19:12:10","KOSPI기온분석","5~15도",0.15391304347826085
"2026-06-02 19:12:10","KOSPI기온분석","15~22도",0.14292682926829267
"2026-06-02 19:12:10","KOSPI기온분석","22~28도",0.3425581395348838
"2026-06-02 19:12:10","KOSPI기온분석","28도↑",0.09466666666666662
"2026-06-02 19:12:11","KOSPI기온분석","5도↓",0.35
"2026-06-02 19:12:11","KOSPI기온분석","5~15도",0.15391304347826085
"2026-06-02 19:12:11","KOSPI기온분석","15~22도",0.14292682926829267
"2026-06-02 19:12:11","KOSPI기온분석","22~28도",0.3425581395348838
"2026-06-02 19:12:11","KOSPI기온분석","28도↑",0.09466666666666662
"2026-06-02 19:12:11","KOSPI기온분석","5도↓",0.40499999999999997
"2026-06-02 19:12:11","KOSPI기온분석","5~15도",0.15391304347826085
"2026-06-02 19:12:11","KOSPI기온분석","15~22도",0.14292682926829267
"2026-06-02 19:12:11","KOSPI기온분석","22~28도",0.3425581395348838
"2026-06-02 19:12:11","KOSPI기온분석","28도↑",0.09466666666666662
"2026-06-02 19:12:11","KOSPI기온분석","5도↓",0.5081818181818182
"2026-06-02 19:12:11","KOSPI기온분석","5~15도",0.15391304347826085
"2026-06-02 19:12:11","KOSPI기온분석","15~22도",0.14292682926829267
"2026-06-02 19:12:11","KOSPI기온분석","22~28도",0.3425581395348838
"2026-06-02 19:12:11","KOSPI기온분석","28도↑",0.09466666666666662
"2026-06-02 19:12:11","KOSPI기온분석","5도↓",0.49499999999999994
"2026-06-02 19:12:11","KOSPI기온분석","5~15도",0.15391304347826085
"2026-06-02 19:12:11","KOSPI기온분석","15~22도",0.14292682926829267
"2026-06-02 19:12:11","KOSPI기온분석","22~28도",0.3425581395348838
"2026-06-02 19:12:11","KOSPI기온분석","28도↑",0.09466666666666662
"2026-06-02 19:12:11","KOSPI기온분석","5도↓",0.5523076923076923
"2026-06-02 19:12:11","KOSPI기온분석","5~15도",0.15391304347826085
"2026-06-02 19:12:11","KOSPI기온분석","15~22도",0.14292682926829267
"2026-06-02 19:12:11","KOSPI기온분석","22~28도",0.3425581395348838
"2026-06-02 19:12:11","KOSPI기온분석","28도↑",0.09466666666666662
"2026-06-02 19:12:11","KOSPI기온분석","5도↓",0.43785714285714283
"2026-06-02 19:12:11","KOSPI기온분석","5~15도",0.15391304347826085
"2026-06-02 19:12:11","KOSPI기온분석","15~22도",0.14292682926829267
"2026-06-02 19:12:11","KOSPI기온분석","22~28도",0.3425581395348838
"2026-06-02 19:12:11","KOSPI기온분석","28도↑",0.09466666666666662
"2026-06-02 19:12:11","KOSPI기온분석","5도↓",0.502
"2026-06-02 19:12:11","KOSPI기온분석","5~15도",0.15391304347826085
"2026-06-02 19:12:11","KOSPI기온분석","15~22도",0.14292682926829267
"2026-06-02 19:12:11","KOSPI기온분석","22~28도",0.3425581395348838
"2026-06-02 19:12:11","KOSPI기온분석","28도↑",0.09466666666666662
"2026-06-02 19:12:11","KOSPI기온분석","5도↓",0.44187499999999996
"2026-06-02 19:12:11","KOSPI기온분석","5~15도",0.15391304347826085
"2026-06-02 19:12:11","KOSPI기온분석","15~22도",0.14292682926829267
"2026-06-02 19:12:11","KOSPI기온분석","22~28도",0.3425581395348838
"2026-06-02 19:12:11","KOSPI기온분석","28도↑",0.09466666666666662
"2026-06-02 19:12:11","KOSPI기온분석","5도↓",0.4558823529411764
"2026-06-02 19:12:11","KOSPI기온분석","5~15도",0.15391304347826085
"2026-06-02 19:12:11","KOSPI기온분석","15~22도",0.14292682926829267
"2026-06-02 19:12:11","KOSPI기온분석","22~28도",0.3425581395348838
"2026-06-02 19:12:11","KOSPI기온분석","28도↑",0.09466666666666662
"2026-06-02 19:12:11","KOSPI기온분석","5도↓",0.4588888888888889
"2026-06-02 19:12:11","KOSPI기온분석","5~15도",0.15391304347826085
"2026-06-02 19:12:11","KOSPI기온분석","15~22도",0.14292682926829267
"2026-06-02 19:12:11","KOSPI기온분석","22~28도",0.3425581395348838
"2026-06-02 19:12:11","KOSPI기온분석","28도↑",0.09466666666666662
"2026-06-02 19:12:12","KOSPI기온분석","5도↓",0.41368421052631577
"2026-06-02 19:12:12","KOSPI기온분석","5~15도",0.15391304347826085
"2026-06-02 19:12:12","KOSPI기온분석","15~22도",0.14292682926829267
"2026-06-02 19:12:12","KOSPI기온분석","22~28도",0.3425581395348838
"2026-06-02 19:12:12","KOSPI기온분석","28도↑",0.09466666666666662
"2026-06-02 19:12:12","KOSPI기온분석","5도↓",0.39149999999999996
"2026-06-02 19:12:12","KOSPI기온분석","5~15도",0.15391304347826085
"2026-06-02 19:12:12","KOSPI기온분석","15~22도",0.14292682926829267
"2026-06-02 19:12:12","KOSPI기온분석","22~28도",0.3425581395348838
"2026-06-02 19:12:12","KOSPI기온분석","28도↑",0.09466666666666662
"2026-06-02 19:12:12","KOSPI기온분석","5도↓",0.25619047619047614
"2026-06-02 19:12:12","KOSPI기온분석","5~15도",0.15391304347826085
"2026-06-02 19:12:12","KOSPI기온분석","15~22도",0.14292682926829267
"2026-06-02 19:12:12","KOSPI기온분석","22~28도",0.3425581395348838
"2026-06-02 19:12:12","KOSPI기온분석","28도↑",0.09466666666666662
"2026-06-02 19:12:12","KOSPI기온분석","5도↓",0.30499999999999994
"2026-06-02 19:12:12","KOSPI기온분석","5~15도",0.15391304347826085
"2026-06-02 19:12:12","KOSPI기온분석","15~22도",0.14292682926829267
"2026-06-02 19:12:12","KOSPI기온분석","22~28도",0.3425581395348838
"2026-06-02 19:12:12","KOSPI기온분석","28도↑",0.09466666666666662
"2026-06-02 19:12:12","KOSPI기온분석","5도↓",0.2834782608695652
"2026-06-02 19:12:12","KOSPI기온분석","5~15도",0.15391304347826085
"2026-06-02 19:12:12","KOSPI기온분석","15~22도",0.14292682926829267
"2026-06-02 19:12:12","KOSPI기온분석","22~28도",0.3425581395348838
"2026-06-02 19:12:12","KOSPI기온분석","28도↑",0.09466666666666662
"2026-06-02 19:12:12","KOSPI기온분석","5도↓",0.30958333333333327
"2026-06-02 19:12:12","KOSPI기온분석","5~15도",0.15391304347826085
"2026-06-02 19:12:12","KOSPI기온분석","15~22도",0.14292682926829267
"2026-06-02 19:12:12","KOSPI기온분석","22~28도",0.3425581395348838
"2026-06-02 19:12:12","KOSPI기온분석","28도↑",0.09466666666666662
"2026-06-02 19:12:12","KOSPI기온분석","5도↓",0.40519999999999995
"2026-06-02 19:12:12","KOSPI기온분석","5~15도",0.15391304347826085
"2026-06-02 19:12:12","KOSPI기온분석","15~22도",0.14292682926829267
"2026-06-02 19:12:12","KOSPI기온분석","22~28도",0.3425581395348838
"2026-06-02 19:12:12","KOSPI기온분석","28도↑",0.09466666666666662
"2026-06-02 19:12:12","KOSPI기온분석","5도↓",0.3896153846153846
"2026-06-02 19:12:12","KOSPI기온분석","5~15도",0.15391304347826085
"2026-06-02 19:12:12","KOSPI기온분석","15~22도",0.14292682926829267
"2026-06-02 19:12:12","KOSPI기온분석","22~28도",0.3425581395348838
"2026-06-02 19:12:12","KOSPI기온분석","28도↑",0.09466666666666662
"2026-06-02 19:12:12","KOSPI기온분석","5도↓",0.43925925925925924
"2026-06-02 19:12:12","KOSPI기온분석","5~15도",0.15391304347826085
"2026-06-02 19:12:12","KOSPI기온분석","15~22도",0.14292682926829267
"2026-06-02 19:12:12","KOSPI기온분석","22~28도",0.3425581395348838
"2026-06-02 19:12:12","KOSPI기온분석","28도↑",0.09466666666666662
"2026-06-02 19:12:12","KOSPI기온분석","5도↓",0.3978571428571428
"2026-06-02 19:12:12","KOSPI기온분석","5~15도",0.15391304347826085
"2026-06-02 19:12:12","KOSPI기온분석","15~22도",0.14292682926829267
"2026-06-02 19:12:12","KOSPI기온분석","22~28도",0.3425581395348838
"2026-06-02 19:12:12","KOSPI기온분석","28도↑",0.09466666666666662
"2026-06-02 19:12:13","KOSPI기온분석","5도↓",0.36241379310344823
"2026-06-02 19:12:13","KOSPI기온분석","5~15도",0.15391304347826085
"2026-06-02 19:12:13","KOSPI기온분석","15~22도",0.14292682926829267
"2026-06-02 19:12:13","KOSPI기온분석","22~28도",0.3425581395348838
"2026-06-02 19:12:13","KOSPI기온분석","28도↑",0.09466666666666662
"2026-06-02 19:12:13","KOSPI기온분석","5도↓",0.4396666666666666
"2026-06-02 19:12:13","KOSPI기온분석","5~15도",0.15391304347826085
"2026-06-02 19:12:13","KOSPI기온분석","15~22도",0.14292682926829267
"2026-06-02 19:12:13","KOSPI기온분석","22~28도",0.3425581395348838
"2026-06-02 19:12:13","KOSPI기온분석","28도↑",0.09466666666666662
"2026-06-02 19:12:13","KOSPI기온분석","5도↓",0.5058064516129032
"2026-06-02 19:12:13","KOSPI기온분석","5~15도",0.15391304347826085
"2026-06-02 19:12:13","KOSPI기온분석","15~22도",0.14292682926829267
"2026-06-02 19:12:13","KOSPI기온분석","22~28도",0.3425581395348838
"2026-06-02 19:12:13","KOSPI기온분석","28도↑",0.09466666666666662
"2026-06-02 19:12:13","KOSPI기온분석","5도↓",0.49031249999999993
"2026-06-02 19:12:13","KOSPI기온분석","5~15도",0.15391304347826085
"2026-06-02 19:12:13","KOSPI기온분석","15~22도",0.14292682926829267
"2026-06-02 19:12:13","KOSPI기온분석","22~28도",0.3425581395348838
"2026-06-02 19:12:13","KOSPI기온분석","28도↑",0.09466666666666662
"2026-06-02 19:12:13","KOSPI기온분석","5도↓",0.5287878787878788
"2026-06-02 19:12:13","KOSPI기온분석","5~15도",0.15391304347826085
"2026-06-02 19:12:13","KOSPI기온분석","15~22도",0.14292682926829267
"2026-06-02 19:12:13","KOSPI기온분석","22~28도",0.3425581395348838
"2026-06-02 19:12:13","KOSPI기온분석","28도↑",0.09466666666666662
"2026-06-02 19:12:13","KOSPI기온분석","5도↓",0.5202941176470588
"2026-06-02 19:12:13","KOSPI기온분석","5~15도",0.15391304347826085
"2026-06-02 19:12:13","KOSPI기온분석","15~22도",0.14292682926829267
"2026-06-02 19:12:13","KOSPI기온분석","22~28도",0.3425581395348838
"2026-06-02 19:12:13","KOSPI기온분석","28도↑",0.09466666666666662
"2026-06-02 19:12:13","KOSPI기온분석","5도↓",0.5499999999999999
"2026-06-02 19:12:13","KOSPI기온분석","5~15도",0.15391304347826085
"2026-06-02 19:12:13","KOSPI기온분석","15~22도",0.14292682926829267
"2026-06-02 19:12:13","KOSPI기온분석","22~28도",0.3425581395348838
"2026-06-02 19:12:13","KOSPI기온분석","28도↑",0.09466666666666662
"2026-06-02 19:12:13","KOSPI기온분석","5도↓",0.5074999999999998
"2026-06-02 19:12:13","KOSPI기온분석","5~15도",0.15391304347826085
"2026-06-02 19:12:13","KOSPI기온분석","15~22도",0.14292682926829267
"2026-06-02 19:12:13","KOSPI기온분석","22~28도",0.3425581395348838
"2026-06-02 19:12:13","KOSPI기온분석","28도↑",0.09466666666666662
"2026-06-02 19:12:13","KOSPI기온분석","5도↓",0.5613513513513513
"2026-06-02 19:12:13","KOSPI기온분석","5~15도",0.15391304347826085
"2026-06-02 19:12:13","KOSPI기온분석","15~22도",0.14292682926829267
"2026-06-02 19:12:13","KOSPI기온분석","22~28도",0.3425581395348838
"2026-06-02 19:12:13","KOSPI기온분석","28도↑",0.09466666666666662
"2026-06-02 19:12:13","KOSPI기온분석","5도↓",0.6142105263157894
"2026-06-02 19:12:13","KOSPI기온분석","5~15도",0.15391304347826085
"2026-06-02 19:12:13","KOSPI기온분석","15~22도",0.14292682926829267
"2026-06-02 19:12:13","KOSPI기온분석","22~28도",0.3425581395348838
"2026-06-02 19:12:13","KOSPI기온분석","28도↑",0.09466666666666662
"2026-06-02 19:12:14","KOSPI기온분석","5도↓",0.5779487179487178
"2026-06-02 19:12:14","KOSPI기온분석","5~15도",0.15391304347826085
"2026-06-02 19:12:14","KOSPI기온분석","15~22도",0.14292682926829267
"2026-06-02 19:12:14","KOSPI기온분석","22~28도",0.3425581395348838
"2026-06-02 19:12:14","KOSPI기온분석","28도↑",0.09466666666666662
"2026-06-02 19:12:14","KOSPI기온분석","5도↓",0.6074999999999999
"2026-06-02 19:12:14","KOSPI기온분석","5~15도",0.15391304347826085
"2026-06-02 19:12:14","KOSPI기온분석","15~22도",0.14292682926829267
"2026-06-02 19:12:14","KOSPI기온분석","22~28도",0.3425581395348838
"2026-06-02 19:12:14","KOSPI기온분석","28도↑",0.09466666666666662
"2026-06-02 19:12:14","KOSPI기온분석","5도↓",0.5960975609756097
"2026-06-02 19:12:14","KOSPI기온분석","5~15도",0.15391304347826085
"2026-06-02 19:12:14","KOSPI기온분석","15~22도",0.14292682926829267
"2026-06-02 19:12:14","KOSPI기온분석","22~28도",0.3425581395348838
"2026-06-02 19:12:14","KOSPI기온분석","28도↑",0.09466666666666662
"2026-06-02 19:12:14","KOSPI기온분석","5도↓",0.5938095238095238
"2026-06-02 19:12:14","KOSPI기온분석","5~15도",0.15391304347826085
"2026-06-02 19:12:14","KOSPI기온분석","15~22도",0.14292682926829267
"2026-06-02 19:12:14","KOSPI기온분석","22~28도",0.3425581395348838
"2026-06-02 19:12:14","KOSPI기온분석","28도↑",0.09466666666666662
"2026-06-02 19:12:14","KOSPI기온분석","5도↓",0.6446511627906977
"2026-06-02 19:12:14","KOSPI기온분석","5~15도",0.15391304347826085
"2026-06-02 19:12:14","KOSPI기온분석","15~22도",0.14292682926829267
"2026-06-02 19:12:14","KOSPI기온분석","22~28도",0.3425581395348838
"2026-06-02 19:12:14","KOSPI기온분석","28도↑",0.09466666666666662
"2026-06-02 19:12:14","KOSPI기온분석","5도↓",0.5761363636363636
"2026-06-02 19:12:14","KOSPI기온분석","5~15도",0.15391304347826085
"2026-06-02 19:12:14","KOSPI기온분석","15~22도",0.14292682926829267
"2026-06-02 19:12:14","KOSPI기온분석","22~28도",0.3425581395348838
"2026-06-02 19:12:14","KOSPI기온분석","28도↑",0.09466666666666662
"2026-06-02 19:12:14","KOSPI기온분석","5도↓",0.49999999999999994
"2026-06-02 19:12:14","KOSPI기온분석","5~15도",0.15391304347826085
"2026-06-02 19:12:14","KOSPI기온분석","15~22도",0.14292682926829267
"2026-06-02 19:12:14","KOSPI기온분석","22~28도",0.3425581395348838
"2026-06-02 19:12:14","KOSPI기온분석","28도↑",0.09466666666666662
"2026-06-02 19:12:14","KOSPI기온분석","5도↓",0.5010869565217391
"2026-06-02 19:12:14","KOSPI기온분석","5~15도",0.15391304347826085
"2026-06-02 19:12:14","KOSPI기온분석","15~22도",0.14292682926829267
"2026-06-02 19:12:14","KOSPI기온분석","22~28도",0.3425581395348838
"2026-06-02 19:12:14","KOSPI기온분석","28도↑",0.09466666666666662
"2026-06-02 19:12:14","KOSPI기온분석","5도↓",0.45191489361702125
"2026-06-02 19:12:14","KOSPI기온분석","5~15도",0.15391304347826085
"2026-06-02 19:12:14","KOSPI기온분석","15~22도",0.14292682926829267
"2026-06-02 19:12:14","KOSPI기온분석","22~28도",0.3425581395348838
"2026-06-02 19:12:14","KOSPI기온분석","28도↑",0.09466666666666662
"2026-06-02 19:12:14","KOSPI기온분석","5도↓",0.5054166666666666
"2026-06-02 19:12:14","KOSPI기온분석","5~15도",0.15391304347826085
"2026-06-02 19:12:14","KOSPI기온분석","15~22도",0.14292682926829267
"2026-06-02 19:12:14","KOSPI기온분석","22~28도",0.3425581395348838
"2026-06-02 19:12:14","KOSPI기온분석","28도↑",0.09466666666666662
"2026-06-02 19:12:15","KOSPI기온분석","5도↓",0.5116326530612244
"2026-06-02 19:12:15","KOSPI기온분석","5~15도",0.15391304347826085
"2026-06-02 19:12:15","KOSPI기온분석","15~22도",0.14292682926829267
"2026-06-02 19:12:15","KOSPI기온분석","22~28도",0.3425581395348838
"2026-06-02 19:12:15","KOSPI기온분석","28도↑",0.09466666666666662
"2026-06-02 19:12:15","KOSPI기온분석","5도↓",0.5227999999999999
"2026-06-02 19:12:15","KOSPI기온분석","5~15도",0.15391304347826085
"2026-06-02 19:12:15","KOSPI기온분석","15~22도",0.14292682926829267
"2026-06-02 19:12:15","KOSPI기온분석","22~28도",0.3425581395348838
"2026-06-02 19:12:15","KOSPI기온분석","28도↑",0.09466666666666662
"2026-06-02 19:12:15","KOSPI기온분석","5도↓",0.522156862745098
"2026-06-02 19:12:15","KOSPI기온분석","5~15도",0.15391304347826085
"2026-06-02 19:12:15","KOSPI기온분석","15~22도",0.14292682926829267
"2026-06-02 19:12:15","KOSPI기온분석","22~28도",0.3425581395348838
"2026-06-02 19:12:15","KOSPI기온분석","28도↑",0.09466666666666662
"2026-06-02 19:12:15","KOSPI기온분석","5도↓",0.4388461538461538
"2026-06-02 19:12:15","KOSPI기온분석","5~15도",0.15391304347826085
"2026-06-02 19:12:15","KOSPI기온분석","15~22도",0.14292682926829267
"2026-06-02 19:12:15","KOSPI기온분석","22~28도",0.3425581395348838
"2026-06-02 19:12:15","KOSPI기온분석","28도↑",0.09466666666666662
"2026-06-02 19:12:15","KOSPI기온분석","5도↓",0.4388461538461538
"2026-06-02 19:12:15","KOSPI기온분석","5~15도",0.19191489361702127
"2026-06-02 19:12:15","KOSPI기온분석","15~22도",0.14292682926829267
"2026-06-02 19:12:15","KOSPI기온분석","22~28도",0.3425581395348838
"2026-06-02 19:12:15","KOSPI기온분석","28도↑",0.09466666666666662
"2026-06-02 19:12:15","KOSPI기온분석","5도↓",0.3679245283018867
"2026-06-02 19:12:15","KOSPI기온분석","5~15도",0.19191489361702127
"2026-06-02 19:12:15","KOSPI기온분석","15~22도",0.14292682926829267
"2026-06-02 19:12:15","KOSPI기온분석","22~28도",0.3425581395348838
"2026-06-02 19:12:15","KOSPI기온분석","28도↑",0.09466666666666662
"2026-06-02 19:12:15","KOSPI기온분석","5도↓",0.34981481481481475
"2026-06-02 19:12:15","KOSPI기온분석","5~15도",0.19191489361702127
"2026-06-02 19:12:15","KOSPI기온분석","15~22도",0.14292682926829267
"2026-06-02 19:12:15","KOSPI기온분석","22~28도",0.3425581395348838
"2026-06-02 19:12:15","KOSPI기온분석","28도↑",0.09466666666666662
"2026-06-02 19:12:15","KOSPI기온분석","5도↓",0.3783636363636363
"2026-06-02 19:12:15","KOSPI기온분석","5~15도",0.19191489361702127
"2026-06-02 19:12:15","KOSPI기온분석","15~22도",0.14292682926829267
"2026-06-02 19:12:15","KOSPI기온분석","22~28도",0.3425581395348838
"2026-06-02 19:12:15","KOSPI기온분석","28도↑",0.09466666666666662
"2026-06-02 19:12:15","KOSPI기온분석","5도↓",0.3039285714285714
"2026-06-02 19:12:15","KOSPI기온분석","5~15도",0.19191489361702127
"2026-06-02 19:12:15","KOSPI기온분석","15~22도",0.14292682926829267
"2026-06-02 19:12:15","KOSPI기온분석","22~28도",0.3425581395348838
"2026-06-02 19:12:15","KOSPI기온분석","28도↑",0.09466666666666662
"2026-06-02 19:12:15","KOSPI기온분석","5도↓",0.3039285714285714
"2026-06-02 19:12:15","KOSPI기온분석","5~15도",0.18395833333333333
"2026-06-02 19:12:15","KOSPI기온분석","15~22도",0.14292682926829267
"2026-06-02 19:12:15","KOSPI기온분석","22~28도",0.3425581395348838
"2026-06-02 19:12:15","KOSPI기온분석","28도↑",0.09466666666666662
"2026-06-02 19:12:16","KOSPI기온분석","5도↓",0.30385964912280694
"2026-06-02 19:12:16","KOSPI기온분석","5~15도",0.18395833333333333
"2026-06-02 19:12:16","KOSPI기온분석","15~22도",0.14292682926829267
"2026-06-02 19:12:16","KOSPI기온분석","22~28도",0.3425581395348838
"2026-06-02 19:12:16","KOSPI기온분석","28도↑",0.09466666666666662
"2026-06-02 19:12:16","KOSPI기온분석","5도↓",0.344655172413793
"2026-06-02 19:12:16","KOSPI기온분석","5~15도",0.18395833333333333
"2026-06-02 19:12:16","KOSPI기온분석","15~22도",0.14292682926829267
"2026-06-02 19:12:16","KOSPI기온분석","22~28도",0.3425581395348838
"2026-06-02 19:12:16","KOSPI기온분석","28도↑",0.09466666666666662
"2026-06-02 19:12:16","KOSPI기온분석","5도↓",0.344655172413793
"2026-06-02 19:12:16","KOSPI기온분석","5~15도",0.1936734693877551
"2026-06-02 19:12:16","KOSPI기온분석","15~22도",0.14292682926829267
"2026-06-02 19:12:16","KOSPI기온분석","22~28도",0.3425581395348838
"2026-06-02 19:12:16","KOSPI기온분석","28도↑",0.09466666666666662
"2026-06-02 19:12:16","KOSPI기온분석","5도↓",0.344655172413793
"2026-06-02 19:12:16","KOSPI기온분석","5~15도",0.15960000000000002
"2026-06-02 19:12:16","KOSPI기온분석","15~22도",0.14292682926829267
"2026-06-02 19:12:16","KOSPI기온분석","22~28도",0.3425581395348838
"2026-06-02 19:12:16","KOSPI기온분석","28도↑",0.09466666666666662
"2026-06-02 19:12:16","KOSPI기온분석","5도↓",0.344655172413793
"2026-06-02 19:12:16","KOSPI기온분석","5~15도",0.15333333333333335
"2026-06-02 19:12:16","KOSPI기온분석","15~22도",0.14292682926829267
"2026-06-02 19:12:16","KOSPI기온분석","22~28도",0.3425581395348838
"2026-06-02 19:12:16","KOSPI기온분석","28도↑",0.09466666666666662
"2026-06-02 19:12:16","KOSPI기온분석","5도↓",0.37101694915254224
"2026-06-02 19:12:16","KOSPI기온분석","5~15도",0.15333333333333335
"2026-06-02 19:12:16","KOSPI기온분석","15~22도",0.14292682926829267
"2026-06-02 19:12:16","KOSPI기온분석","22~28도",0.3425581395348838
"2026-06-02 19:12:16","KOSPI기온분석","28도↑",0.09466666666666662
"2026-06-02 19:12:16","KOSPI기온분석","5도↓",0.37101694915254224
"2026-06-02 19:12:16","KOSPI기온분석","5~15도",0.17038461538461538
"2026-06-02 19:12:16","KOSPI기온분석","15~22도",0.14292682926829267
"2026-06-02 19:12:16","KOSPI기온분석","22~28도",0.3425581395348838
"2026-06-02 19:12:16","KOSPI기온분석","28도↑",0.09466666666666662
"2026-06-02 19:12:16","KOSPI기온분석","5도↓",0.37101694915254224
"2026-06-02 19:12:16","KOSPI기온분석","5~15도",0.16358490566037737
"2026-06-02 19:12:16","KOSPI기온분석","15~22도",0.14292682926829267
"2026-06-02 19:12:16","KOSPI기온분석","22~28도",0.3425581395348838
"2026-06-02 19:12:16","KOSPI기온분석","28도↑",0.09466666666666662
"2026-06-02 19:12:16","KOSPI기온분석","5도↓",0.37101694915254224
"2026-06-02 19:12:16","KOSPI기온분석","5~15도",0.1935185185185185
"2026-06-02 19:12:16","KOSPI기온분석","15~22도",0.14292682926829267
"2026-06-02 19:12:16","KOSPI기온분석","22~28도",0.3425581395348838
"2026-06-02 19:12:16","KOSPI기온분석","28도↑",0.09466666666666662
"2026-06-02 19:12:16","KOSPI기온분석","5도↓",0.38716666666666655
"2026-06-02 19:12:16","KOSPI기온분석","5~15도",0.1935185185185185
"2026-06-02 19:12:16","KOSPI기온분석","15~22도",0.14292682926829267
"2026-06-02 19:12:16","KOSPI기온분석","22~28도",0.3425581395348838
"2026-06-02 19:12:16","KOSPI기온분석","28도↑",0.09466666666666662
"2026-06-02 19:12:17","KOSPI기온분석","5도↓",0.3763934426229507
"2026-06-02 19:12:17","KOSPI기온분석","5~15도",0.1935185185185185
"2026-06-02 19:12:17","KOSPI기온분석","15~22도",0.14292682926829267
"2026-06-02 19:12:17","KOSPI기온분석","22~28도",0.3425581395348838
"2026-06-02 19:12:17","KOSPI기온분석","28도↑",0.09466666666666662
"2026-06-02 19:12:17","KOSPI기온분석","5도↓",0.36693548387096764
"2026-06-02 19:12:17","KOSPI기온분석","5~15도",0.1935185185185185
"2026-06-02 19:12:17","KOSPI기온분석","15~22도",0.14292682926829267
"2026-06-02 19:12:17","KOSPI기온분석","22~28도",0.3425581395348838
"2026-06-02 19:12:17","KOSPI기온분석","28도↑",0.09466666666666662
"2026-06-02 19:12:17","KOSPI기온분석","5도↓",0.35174603174603164
"2026-06-02 19:12:17","KOSPI기온분석","5~15도",0.1935185185185185
"2026-06-02 19:12:17","KOSPI기온분석","15~22도",0.14292682926829267
"2026-06-02 19:12:17","KOSPI기온분석","22~28도",0.3425581395348838
"2026-06-02 19:12:17","KOSPI기온분석","28도↑",0.09466666666666662
"2026-06-02 19:12:17","KOSPI기온분석","5도↓",0.35174603174603164
"2026-06-02 19:12:17","KOSPI기온분석","5~15도",0.21509090909090905
"2026-06-02 19:12:17","KOSPI기온분석","15~22도",0.14292682926829267
"2026-06-02 19:12:17","KOSPI기온분석","22~28도",0.3425581395348838
"2026-06-02 19:12:17","KOSPI기온분석","28도↑",0.09466666666666662
"2026-06-02 19:12:17","KOSPI기온분석","5도↓",0.35174603174603164
"2026-06-02 19:12:17","KOSPI기온분석","5~15도",0.1783928571428571
"2026-06-02 19:12:17","KOSPI기온분석","15~22도",0.14292682926829267
"2026-06-02 19:12:17","KOSPI기온분석","22~28도",0.3425581395348838
"2026-06-02 19:12:17","KOSPI기온분석","28도↑",0.09466666666666662
"2026-06-02 19:12:17","KOSPI기온분석","5도↓",0.35174603174603164
"2026-06-02 19:12:17","KOSPI기온분석","5~15도",0.13596491228070173
"2026-06-02 19:12:17","KOSPI기온분석","15~22도",0.14292682926829267
"2026-06-02 19:12:17","KOSPI기온분석","22~28도",0.3425581395348838
"2026-06-02 19:12:17","KOSPI기온분석","28도↑",0.09466666666666662
"2026-06-02 19:12:17","KOSPI기온분석","5도↓",0.35174603174603164
"2026-06-02 19:12:17","KOSPI기온분석","5~15도",0.1582758620689655
"2026-06-02 19:12:17","KOSPI기온분석","15~22도",0.14292682926829267
"2026-06-02 19:12:17","KOSPI기온분석","22~28도",0.3425581395348838
"2026-06-02 19:12:17","KOSPI기온분석","28도↑",0.09466666666666662
"2026-06-02 19:12:17","KOSPI기온분석","5도↓",0.35174603174603164
"2026-06-02 19:12:17","KOSPI기온분석","5~15도",0.1296610169491525
"2026-06-02 19:12:17","KOSPI기온분석","15~22도",0.14292682926829267
"2026-06-02 19:12:17","KOSPI기온분석","22~28도",0.3425581395348838
"2026-06-02 19:12:17","KOSPI기온분석","28도↑",0.09466666666666662
"2026-06-02 19:12:17","KOSPI기온분석","5도↓",0.35174603174603164
"2026-06-02 19:12:17","KOSPI기온분석","5~15도",0.13833333333333328
"2026-06-02 19:12:17","KOSPI기온분석","15~22도",0.14292682926829267
"2026-06-02 19:12:17","KOSPI기온분석","22~28도",0.3425581395348838
"2026-06-02 19:12:17","KOSPI기온분석","28도↑",0.09466666666666662
"2026-06-02 19:12:17","KOSPI기온분석","5도↓",0.35174603174603164
"2026-06-02 19:12:17","KOSPI기온분석","5~15도",0.17081967213114752
"2026-06-02 19:12:17","KOSPI기온분석","15~22도",0.14292682926829267
"2026-06-02 19:12:17","KOSPI기온분석","22~28도",0.3425581395348838
"2026-06-02 19:12:17","KOSPI기온분석","28도↑",0.09466666666666662
"2026-06-02 19:12:18","KOSPI기온분석","5도↓",0.35174603174603164
"2026-06-02 19:12:18","KOSPI기온분석","5~15도",0.1725806451612903
"2026-06-02 19:12:18","KOSPI기온분석","15~22도",0.14292682926829267
"2026-06-02 19:12:18","KOSPI기온분석","22~28도",0.3425581395348838
"2026-06-02 19:12:18","KOSPI기온분석","28도↑",0.09466666666666662
"2026-06-02 19:12:18","KOSPI기온분석","5도↓",0.35174603174603164
"2026-06-02 19:12:18","KOSPI기온분석","5~15도",0.16650793650793647
"2026-06-02 19:12:18","KOSPI기온분석","15~22도",0.14292682926829267
"2026-06-02 19:12:18","KOSPI기온분석","22~28도",0.3425581395348838
"2026-06-02 19:12:18","KOSPI기온분석","28도↑",0.09466666666666662
"2026-06-02 19:12:18","KOSPI기온분석","5도↓",0.35174603174603164
"2026-06-02 19:12:18","KOSPI기온분석","5~15도",0.17187499999999994
"2026-06-02 19:12:18","KOSPI기온분석","15~22도",0.14292682926829267
"2026-06-02 19:12:18","KOSPI기온분석","22~28도",0.3425581395348838
"2026-06-02 19:12:18","KOSPI기온분석","28도↑",0.09466666666666662
"2026-06-02 19:12:18","KOSPI기온분석","5도↓",0.35174603174603164
"2026-06-02 19:12:18","KOSPI기온분석","5~15도",0.20307692307692302
"2026-06-02 19:12:18","KOSPI기온분석","15~22도",0.14292682926829267
"2026-06-02 19:12:18","KOSPI기온분석","22~28도",0.3425581395348838
"2026-06-02 19:12:18","KOSPI기온분석","28도↑",0.09466666666666662
"2026-06-02 19:12:18","KOSPI기온분석","5도↓",0.35174603174603164
"2026-06-02 19:12:18","KOSPI기온분석","5~15도",0.20307692307692302
"2026-06-02 19:12:18","KOSPI기온분석","15~22도",0.13595238095238094
"2026-06-02 19:12:18","KOSPI기온분석","22~28도",0.3425581395348838
"2026-06-02 19:12:18","KOSPI기온분석","28도↑",0.09466666666666662
"2026-06-02 19:12:23","KOSPI기온분석","5도↓",0.0
"2026-06-02 19:12:23","KOSPI기온분석","5~15도",-0.02
"2026-06-02 19:12:23","KOSPI기온분석","15~22도",0.0
"2026-06-02 19:12:23","KOSPI기온분석","22~28도",0.0
"2026-06-02 19:12:23","KOSPI기온분석","28도↑",0.0
"2026-06-02 19:12:23","KOSPI기온분석","5도↓",0.0
"2026-06-02 19:12:23","KOSPI기온분석","5~15도",0.885
"2026-06-02 19:12:23","KOSPI기온분석","15~22도",0.0
"2026-06-02 19:12:23","KOSPI기온분석","22~28도",0.0
"2026-06-02 19:12:23","KOSPI기온분석","28도↑",0.0
"2026-06-02 19:12:23","KOSPI기온분석","5도↓",0.0
"2026-06-02 19:12:23","KOSPI기온분석","5~15도",1.2266666666666666
"2026-06-02 19:12:23","KOSPI기온분석","15~22도",0.0
"2026-06-02 19:12:23","KOSPI기온분석","22~28도",0.0
"2026-06-02 19:12:23","KOSPI기온분석","28도↑",0.0
"2026-06-02 19:12:23","KOSPI기온분석","5도↓",0.0
"2026-06-02 19:12:23","KOSPI기온분석","5~15도",0.955
"2026-06-02 19:12:23","KOSPI기온분석","15~22도",0.0
"2026-06-02 19:12:23","KOSPI기온분석","22~28도",0.0
"2026-06-02 19:12:23","KOSPI기온분석","28도↑",0.0
"2026-06-02 19:12:23","KOSPI기온분석","5도↓",0.0
"2026-06-02 19:12:23","KOSPI기온분석","5~15도",0.9959999999999999
"2026-06-02 19:12:23","KOSPI기온분석","15~22도",0.0
"2026-06-02 19:12:23","KOSPI기온분석","22~28도",0.0
"2026-06-02 19:12:23","KOSPI기온분석","28도↑",0.0
"2026-06-02 19:12:23","KOSPI기온분석","5도↓",0.0
"2026-06-02 19:12:23","KOSPI기온분석","5~15도",0.835
"2026-06-02 19:12:23","KOSPI기온분석","15~22도",0.0
"2026-06-02 19:12:23","KOSPI기온분석","22~28도",0.0
"2026-06-02 19:12:23","KOSPI기온분석","28도↑",0.0
"2026-06-02 19:12:23","KOSPI기온분석","5도↓",0.0
"2026-06-02 19:12:23","KOSPI기온분석","5~15도",0.6814285714285714
"2026-06-02 19:12:23","KOSPI기온분석","15~22도",0.0
"2026-06-02 19:12:23","KOSPI기온분석","22~28도",0.0
"2026-06-02 19:12:23","KOSPI기온분석","28도↑",0.0
"2026-06-02 19:12:24","KOSPI기온분석","5도↓",0.0
"2026-06-02 19:12:24","KOSPI기온분석","5~15도",0.46624999999999994
"2026-06-02 19:12:24","KOSPI기온분석","15~22도",0.0
"2026-06-02 19:12:24","KOSPI기온분석","22~28도",0.0
"2026-06-02 19:12:24","KOSPI기온분석","28도↑",0.0
"2026-06-02 19:12:24","KOSPI기온분석","5도↓",0.31
"2026-06-02 19:12:24","KOSPI기온분석","5~15도",0.46624999999999994
"2026-06-02 19:12:24","KOSPI기온분석","15~22도",0.0
"2026-06-02 19:12:24","KOSPI기온분석","22~28도",0.0
"2026-06-02 19:12:24","KOSPI기온분석","28도↑",0.0
"2026-06-02 19:12:24","KOSPI기온분석","5도↓",0.31
"2026-06-02 19:12:24","KOSPI기온분석","5~15도",0.41222222222222216
"2026-06-02 19:12:24","KOSPI기온분석","15~22도",0.0
"2026-06-02 19:12:24","KOSPI기온분석","22~28도",0.0
"2026-06-02 19:12:24","KOSPI기온분석","28도↑",0.0
"2026-06-02 19:12:24","KOSPI기온분석","5도↓",0.31
"2026-06-02 19:12:24","KOSPI기온분석","5~15도",0.49399999999999994
"2026-06-02 19:12:24","KOSPI기온분석","15~22도",0.0
"2026-06-02 19:12:24","KOSPI기온분석","22~28도",0.0
"2026-06-02 19:12:24","KOSPI기온분석","28도↑",0.0
"2026-06-02 19:12:24","KOSPI기온분석","5도↓",0.31
"2026-06-02 19:12:24","KOSPI기온분석","5~15도",0.49399999999999994
"2026-06-02 19:12:24","KOSPI기온분석","15~22도",-0.16
"2026-06-02 19:12:24","KOSPI기온분석","22~28도",0.0
"2026-06-02 19:12:24","KOSPI기온분석","28도↑",0.0
"2026-06-02 19:12:24","KOSPI기온분석","5도↓",0.31
"2026-06-02 19:12:24","KOSPI기온분석","5~15도",0.49399999999999994
"2026-06-02 19:12:24","KOSPI기온분석","15~22도",-0.15000000000000002
"2026-06-02 19:12:24","KOSPI기온분석","22~28도",0.0
"2026-06-02 19:12:24","KOSPI기온분석","28도↑",0.0
"2026-06-02 19:12:24","KOSPI기온분석","5도↓",0.31
"2026-06-02 19:12:24","KOSPI기온분석","5~15도",0.49399999999999994
"2026-06-02 19:12:24","KOSPI기온분석","15~22도",-0.12666666666666668
"2026-06-02 19:12:24","KOSPI기온분석","22~28도",0.0
"2026-06-02 19:12:24","KOSPI기온분석","28도↑",0.0
"2026-06-02 19:12:24","KOSPI기온분석","5도↓",0.31
"2026-06-02 19:12:24","KOSPI기온분석","5~15도",0.49399999999999994
"2026-06-02 19:12:24","KOSPI기온분석","15~22도",0.19249999999999995
"2026-06-02 19:12:24","KOSPI기온분석","22~28도",0.0
"2026-06-02 19:12:24","KOSPI기온분석","28도↑",0.0
"2026-06-02 19:12:24","KOSPI기온분석","5도↓",0.31
"2026-06-02 19:12:24","KOSPI기온분석","5~15도",0.49399999999999994
"2026-06-02 19:12:24","KOSPI기온분석","15~22도",-0.09400000000000004
"2026-06-02 19:12:24","KOSPI기온분석","22~28도",0.0
"2026-06-02 19:12:24","KOSPI기온분석","28도↑",0.0
"2026-06-02 19:12:24","KOSPI기온분석","5도↓",0.31
"2026-06-02 19:12:24","KOSPI기온분석","5~15도",0.5263636363636363
"2026-06-02 19:12:24","KOSPI기온분석","15~22도",-0.09400000000000004
"2026-06-02 19:12:24","KOSPI기온분석","22~28도",0.0
"2026-06-02 19:12:24","KOSPI기온분석","28도↑",0.0
"2026-06-02 19:12:25","KOSPI기온분석","5도↓",0.31
"2026-06-02 19:12:25","KOSPI기온분석","5~15도",0.4183333333333333
"2026-06-02 19:12:25","KOSPI기온분석","15~22도",-0.09400000000000004
"2026-06-02 19:12:25","KOSPI기온분석","22~28도",0.0
"2026-06-02 19:12:25","KOSPI기온분석","28도↑",0.0
"2026-06-02 19:12:25","KOSPI기온분석","5도↓",0.31
"2026-06-02 19:12:25","KOSPI기온분석","5~15도",0.19230769230769226
"2026-06-02 19:12:25","KOSPI기온분석","15~22도",-0.09400000000000004
"2026-06-02 19:12:25","KOSPI기온분석","22~28도",0.0
"2026-06-02 19:12:25","KOSPI기온분석","28도↑",0.0
"2026-06-02 19:12:25","KOSPI기온분석","5도↓",0.31
"2026-06-02 19:12:25","KOSPI기온분석","5~15도",0.25928571428571423
"2026-06-02 19:12:25","KOSPI기온분석","15~22도",-0.09400000000000004
"2026-06-02 19:12:25","KOSPI기온분석","22~28도",0.0
"2026-06-02 19:12:25","KOSPI기온분석","28도↑",0.0
"2026-06-02 19:12:25","KOSPI기온분석","5도↓",0.31
"2026-06-02 19:12:25","KOSPI기온분석","5~15도",0.31599999999999995
"2026-06-02 19:12:25","KOSPI기온분석","15~22도",-0.09400000000000004
"2026-06-02 19:12:25","KOSPI기온분석","22~28도",0.0
"2026-06-02 19:12:25","KOSPI기온분석","28도↑",0.0
"2026-06-02 19:12:25","KOSPI기온분석","5도↓",0.31
"2026-06-02 19:12:25","KOSPI기온분석","5~15도",0.365
"2026-06-02 19:12:25","KOSPI기온분석","15~22도",-0.09400000000000004
"2026-06-02 19:12:25","KOSPI기온분석","22~28도",0.0
"2026-06-02 19:12:25","KOSPI기온분석","28도↑",0.0
"2026-06-02 19:12:25","KOSPI기온분석","5도↓",0.31
"2026-06-02 19:12:25","KOSPI기온분석","5~15도",0.365
"2026-06-02 19:12:25","KOSPI기온분석","15~22도",-0.17500000000000004
"2026-06-02 19:12:25","KOSPI기온분석","22~28도",0.0
"2026-06-02 19:12:25","KOSPI기온분석","28도↑",0.0
"2026-06-02 19:12:25","KOSPI기온분석","5도↓",0.31
"2026-06-02 19:12:25","KOSPI기온분석","5~15도",0.3417647058823529
"2026-06-02 19:12:25","KOSPI기온분석","15~22도",-0.17500000000000004
"2026-06-02 19:12:25","KOSPI기온분석","22~28도",0.0
"2026-06-02 19:12:25","KOSPI기온분석","28도↑",0.0
"2026-06-02 19:12:25","KOSPI기온분석","5도↓",0.31
"2026-06-02 19:12:25","KOSPI기온분석","5~15도",0.3417647058823529
"2026-06-02 19:12:25","KOSPI기온분석","15~22도",-0.04857142857142861
"2026-06-02 19:12:25","KOSPI기온분석","22~28도",0.0
"2026-06-02 19:12:25","KOSPI기온분석","28도↑",0.0
"2026-06-02 19:12:25","KOSPI기온분석","5도↓",0.31
"2026-06-02 19:12:25","KOSPI기온분석","5~15도",0.3417647058823529
"2026-06-02 19:12:25","KOSPI기온분석","15~22도",0.0037499999999999617
"2026-06-02 19:12:25","KOSPI기온분석","22~28도",0.0
"2026-06-02 19:12:25","KOSPI기온분석","28도↑",0.0
"2026-06-02 19:12:25","KOSPI기온분석","5도↓",0.31
"2026-06-02 19:12:25","KOSPI기온분석","5~15도",0.3417647058823529
"2026-06-02 19:12:25","KOSPI기온분석","15~22도",0.1544444444444444
"2026-06-02 19:12:25","KOSPI기온분석","22~28도",0.0
"2026-06-02 19:12:25","KOSPI기온분석","28도↑",0.0
"2026-06-02 19:21:33","KOSPI기온분석","5도↓",0.0
"2026-06-02 19:21:33","KOSPI기온분석","5~15도",-0.02
"2026-06-02 19:21:33","KOSPI기온분석","15~22도",0.0
"2026-06-02 19:21:33","KOSPI기온분석","22~28도",0.0
"2026-06-02 19:21:33","KOSPI기온분석","28도↑",0.0
"2026-06-02 19:21:33","KOSPI기온분석","5도↓",0.0
"2026-06-02 19:21:33","KOSPI기온분석","5~15도",0.885
"2026-06-02 19:21:33","KOSPI기온분석","15~22도",0.0
"2026-06-02 19:21:33","KOSPI기온분석","22~28도",0.0
"2026-06-02 19:21:33","KOSPI기온분석","28도↑",0.0
"2026-06-02 19:21:33","KOSPI기온분석","5도↓",0.0
"2026-06-02 19:21:33","KOSPI기온분석","5~15도",1.2266666666666666
"2026-06-02 19:21:33","KOSPI기온분석","15~22도",0.0
"2026-06-02 19:21:33","KOSPI기온분석","22~28도",0.0
"2026-06-02 19:21:33","KOSPI기온분석","28도↑",0.0
"2026-06-02 19:21:33","KOSPI기온분석","5도↓",0.0
"2026-06-02 19:21:33","KOSPI기온분석","5~15도",0.955
"2026-06-02 19:21:33","KOSPI기온분석","15~22도",0.0
"2026-06-02 19:21:33","KOSPI기온분석","22~28도",0.0
"2026-06-02 19:21:33","KOSPI기온분석","28도↑",0.0
"2026-06-02 19:21:33","KOSPI기온분석","5도↓",0.0
"2026-06-02 19:21:33","KOSPI기온분석","5~15도",0.9959999999999999
"2026-06-02 19:21:33","KOSPI기온분석","15~22도",0.0
"2026-06-02 19:21:33","KOSPI기온분석","22~28도",0.0
"2026-06-02 19:21:33","KOSPI기온분석","28도↑",0.0
"2026-06-02 19:21:33","KOSPI기온분석","5도↓",0.0
"2026-06-02 19:21:33","KOSPI기온분석","5~15도",0.835
"2026-06-02 19:21:33","KOSPI기온분석","15~22도",0.0
"2026-06-02 19:21:33","KOSPI기온분석","22~28도",0.0
"2026-06-02 19:21:33","KOSPI기온분석","28도↑",0.0
"2026-06-02 19:21:34","KOSPI기온분석","5도↓",0.0
"2026-06-02 19:21:34","KOSPI기온분석","5~15도",0.6814285714285714
"2026-06-02 19:21:34","KOSPI기온분석","15~22도",0.0
"2026-06-02 19:21:34","KOSPI기온분석","22~28도",0.0
"2026-06-02 19:21:34","KOSPI기온분석","28도↑",0.0
"2026-06-02 19:21:34","KOSPI기온분석","5도↓",0.0
"2026-06-02 19:21:34","KOSPI기온분석","5~15도",0.46624999999999994
"2026-06-02 19:21:34","KOSPI기온분석","15~22도",0.0
"2026-06-02 19:21:34","KOSPI기온분석","22~28도",0.0
"2026-06-02 19:21:34","KOSPI기온분석","28도↑",0.0
"2026-06-02 19:21:34","KOSPI기온분석","5도↓",0.31
"2026-06-02 19:21:34","KOSPI기온분석","5~15도",0.46624999999999994
"2026-06-02 19:21:34","KOSPI기온분석","15~22도",0.0
"2026-06-02 19:21:34","KOSPI기온분석","22~28도",0.0
"2026-06-02 19:21:34","KOSPI기온분석","28도↑",0.0
"2026-06-02 19:21:34","KOSPI기온분석","5도↓",0.31
"2026-06-02 19:21:34","KOSPI기온분석","5~15도",0.41222222222222216
"2026-06-02 19:21:34","KOSPI기온분석","15~22도",0.0
"2026-06-02 19:21:34","KOSPI기온분석","22~28도",0.0
"2026-06-02 19:21:34","KOSPI기온분석","28도↑",0.0
"2026-06-02 19:21:34","KOSPI기온분석","5도↓",0.31
"2026-06-02 19:21:34","KOSPI기온분석","5~15도",0.49399999999999994
"2026-06-02 19:21:34","KOSPI기온분석","15~22도",0.0
"2026-06-02 19:21:34","KOSPI기온분석","22~28도",0.0
"2026-06-02 19:21:34","KOSPI기온분석","28도↑",0.0
"2026-06-02 19:21:34","KOSPI기온분석","5도↓",0.31
"2026-06-02 19:21:34","KOSPI기온분석","5~15도",0.49399999999999994
"2026-06-02 19:21:34","KOSPI기온분석","15~22도",-0.16
"2026-06-02 19:21:34","KOSPI기온분석","22~28도",0.0
"2026-06-02 19:21:34","KOSPI기온분석","28도↑",0.0
"2026-06-02 19:21:34","KOSPI기온분석","5도↓",0.31
"2026-06-02 19:21:34","KOSPI기온분석","5~15도",0.49399999999999994
"2026-06-02 19:21:34","KOSPI기온분석","15~22도",-0.15000000000000002
"2026-06-02 19:21:34","KOSPI기온분석","22~28도",0.0
"2026-06-02 19:21:34","KOSPI기온분석","28도↑",0.0
"2026-06-02 19:21:34","KOSPI기온분석","5도↓",0.31
"2026-06-02 19:21:34","KOSPI기온분석","5~15도",0.49399999999999994
"2026-06-02 19:21:34","KOSPI기온분석","15~22도",-0.12666666666666668
"2026-06-02 19:21:34","KOSPI기온분석","22~28도",0.0
"2026-06-02 19:21:34","KOSPI기온분석","28도↑",0.0
"2026-06-02 19:21:34","KOSPI기온분석","5도↓",0.31
"2026-06-02 19:21:34","KOSPI기온분석","5~15도",0.49399999999999994
"2026-06-02 19:21:34","KOSPI기온분석","15~22도",0.19249999999999995
"2026-06-02 19:21:34","KOSPI기온분석","22~28도",0.0
"2026-06-02 19:21:34","KOSPI기온분석","28도↑",0.0
"2026-06-02 19:21:34","KOSPI기온분석","5도↓",0.31
"2026-06-02 19:21:34","KOSPI기온분석","5~15도",0.49399999999999994
"2026-06-02 19:21:34","KOSPI기온분석","15~22도",-0.09400000000000004
"2026-06-02 19:21:34","KOSPI기온분석","22~28도",0.0
"2026-06-02 19:21:34","KOSPI기온분석","28도↑",0.0
"2026-06-02 19:21:35","KOSPI기온분석","5도↓",0.31
"2026-06-02 19:21:35","KOSPI기온분석","5~15도",0.5263636363636363
"2026-06-02 19:21:35","KOSPI기온분석","15~22도",-0.09400000000000004
"2026-06-02 19:21:35","KOSPI기온분석","22~28도",0.0
"2026-06-02 19:21:35","KOSPI기온분석","28도↑",0.0
"2026-06-02 19:21:35","KOSPI기온분석","5도↓",0.31
"2026-06-02 19:21:35","KOSPI기온분석","5~15도",0.4183333333333333
"2026-06-02 19:21:35","KOSPI기온분석","15~22도",-0.09400000000000004
"2026-06-02 19:21:35","KOSPI기온분석","22~28도",0.0
"2026-06-02 19:21:35","KOSPI기온분석","28도↑",0.0
"2026-06-02 19:21:35","KOSPI기온분석","5도↓",0.31
"2026-06-02 19:21:35","KOSPI기온분석","5~15도",0.19230769230769226
"2026-06-02 19:21:35","KOSPI기온분석","15~22도",-0.09400000000000004
"2026-06-02 19:21:35","KOSPI기온분석","22~28도",0.0
"2026-06-02 19:21:35","KOSPI기온분석","28도↑",0.0
"2026-06-02 19:21:35","KOSPI기온분석","5도↓",0.31
"2026-06-02 19:21:35","KOSPI기온분석","5~15도",0.25928571428571423
"2026-06-02 19:21:35","KOSPI기온분석","15~22도",-0.09400000000000004
"2026-06-02 19:21:35","KOSPI기온분석","22~28도",0.0
"2026-06-02 19:21:35","KOSPI기온분석","28도↑",0.0
"2026-06-02 19:21:35","KOSPI기온분석","5도↓",0.31
"2026-06-02 19:21:35","KOSPI기온분석","5~15도",0.31599999999999995
"2026-06-02 19:21:35","KOSPI기온분석","15~22도",-0.09400000000000004
"2026-06-02 19:21:35","KOSPI기온분석","22~28도",0.0
"2026-06-02 19:21:35","KOSPI기온분석","28도↑",0.0
"2026-06-02 19:21:35","KOSPI기온분석","5도↓",0.31
"2026-06-02 19:21:35","KOSPI기온분석","5~15도",0.365
"2026-06-02 19:21:35","KOSPI기온분석","15~22도",-0.09400000000000004
"2026-06-02 19:21:35","KOSPI기온분석","22~28도",0.0
"2026-06-02 19:21:35","KOSPI기온분석","28도↑",0.0
"2026-06-02 19:21:35","KOSPI기온분석","5도↓",0.31
"2026-06-02 19:21:35","KOSPI기온분석","5~15도",0.365
"2026-06-02 19:21:35","KOSPI기온분석","15~22도",-0.17500000000000004
"2026-06-02 19:21:35","KOSPI기온분석","22~28도",0.0
"2026-06-02 19:21:35","KOSPI기온분석","28도↑",0.0
"2026-06-02 19:21:35","KOSPI기온분석","5도↓",0.31
"2026-06-02 19:21:35","KOSPI기온분석","5~15도",0.3417647058823529
"2026-06-02 19:21:35","KOSPI기온분석","15~22도",-0.17500000000000004
"2026-06-02 19:21:35","KOSPI기온분석","22~28도",0.0
"2026-06-02 19:21:35","KOSPI기온분석","28도↑",0.0
"2026-06-02 19:21:35","KOSPI기온분석","5도↓",0.31
"2026-06-02 19:21:35","KOSPI기온분석","5~15도",0.3417647058823529
"2026-06-02 19:21:35","KOSPI기온분석","15~22도",-0.04857142857142861
"2026-06-02 19:21:35","KOSPI기온분석","22~28도",0.0
"2026-06-02 19:21:35","KOSPI기온분석","28도↑",0.0
"2026-06-02 19:21:35","KOSPI기온분석","5도↓",0.31
"2026-06-02 19:21:35","KOSPI기온분석","5~15도",0.3417647058823529
"2026-06-02 19:21:35","KOSPI기온분석","15~22도",0.0037499999999999617
"2026-06-02 19:21:35","KOSPI기온분석","22~28도",0.0
"2026-06-02 19:21:35","KOSPI기온분석","28도↑",0.0
"2026-06-02 19:21:36","KOSPI기온분석","5도↓",0.31
"2026-06-02 19:21:36","KOSPI기온분석","5~15도",0.3417647058823529
"2026-06-02 19:21:36","KOSPI기온분석","15~22도",0.1544444444444444
"2026-06-02 19:21:36","KOSPI기온분석","22~28도",0.0
"2026-06-02 19:21:36","KOSPI기온분석","28도↑",0.0
"2026-06-02 19:21:36","KOSPI기온분석","5도↓",0.31
"2026-06-02 19:21:36","KOSPI기온분석","5~15도",0.3417647058823529
"2026-06-02 19:21:36","KOSPI기온분석","15~22도",0.16999999999999998
"2026-06-02 19:21:36","KOSPI기온분석","22~28도",0.0
"2026-06-02 19:21:36","KOSPI기온분석","28도↑",0.0
"2026-06-02 19:21:36","KOSPI기온분석","5도↓",0.31
"2026-06-02 19:21:36","KOSPI기온분석","5~15도",0.3417647058823529
"2026-06-02 19:21:36","KOSPI기온분석","15~22도",0.2227272727272727
"2026-06-02 19:21:36","KOSPI기온분석","22~28도",0.0
"2026-06-02 19:21:36","KOSPI기온분석","28도↑",0.0
"2026-06-02 19:21:36","KOSPI기온분석","5도↓",0.31
"2026-06-02 19:21:36","KOSPI기온분석","5~15도",0.3417647058823529
"2026-06-02 19:21:36","KOSPI기온분석","15~22도",0.25666666666666665
"2026-06-02 19:21:36","KOSPI기온분석","22~28도",0.0
"2026-06-02 19:21:36","KOSPI기온분석","28도↑",0.0
"2026-06-02 19:21:36","KOSPI기온분석","5도↓",0.31
"2026-06-02 19:21:36","KOSPI기온분석","5~15도",0.3417647058823529
"2026-06-02 19:21:36","KOSPI기온분석","15~22도",0.25666666666666665
"2026-06-02 19:21:36","KOSPI기온분석","22~28도",1.7
"2026-06-02 19:21:36","KOSPI기온분석","28도↑",0.0
"2026-06-02 19:21:36","KOSPI기온분석","5도↓",0.31
"2026-06-02 19:21:36","KOSPI기온분석","5~15도",0.3417647058823529
"2026-06-02 19:21:36","KOSPI기온분석","15~22도",0.25666666666666665
"2026-06-02 19:21:36","KOSPI기온분석","22~28도",0.5249999999999999
"2026-06-02 19:21:36","KOSPI기온분석","28도↑",0.0
"2026-06-02 19:21:36","KOSPI기온분석","5도↓",0.31
"2026-06-02 19:21:36","KOSPI기온분석","5~15도",0.3417647058823529
"2026-06-02 19:21:36","KOSPI기온분석","15~22도",0.25666666666666665
"2026-06-02 19:21:36","KOSPI기온분석","22~28도",0.35666666666666663
"2026-06-02 19:21:36","KOSPI기온분석","28도↑",0.0
"2026-06-02 19:21:36","KOSPI기온분석","5도↓",0.31
"2026-06-02 19:21:36","KOSPI기온분석","5~15도",0.3417647058823529
"2026-06-02 19:21:36","KOSPI기온분석","15~22도",0.20999999999999996
"2026-06-02 19:21:36","KOSPI기온분석","22~28도",0.35666666666666663
"2026-06-02 19:21:36","KOSPI기온분석","28도↑",0.0
"2026-06-02 19:21:36","KOSPI기온분석","5도↓",0.31
"2026-06-02 19:21:36","KOSPI기온분석","5~15도",0.3417647058823529
"2026-06-02 19:21:36","KOSPI기온분석","15~22도",0.15428571428571428
"2026-06-02 19:21:36","KOSPI기온분석","22~28도",0.35666666666666663
"2026-06-02 19:21:36","KOSPI기온분석","28도↑",0.0
"2026-06-02 19:21:36","KOSPI기온분석","5도↓",0.31
"2026-06-02 19:21:36","KOSPI기온분석","5~15도",0.3417647058823529
"2026-06-02 19:21:36","KOSPI기온분석","15~22도",0.1713333333333333
"2026-06-02 19:21:36","KOSPI기온분석","22~28도",0.35666666666666663
"2026-06-02 19:21:36","KOSPI기온분석","28도↑",0.0
"2026-06-02 19:21:37","KOSPI기온분석","5도↓",0.31
"2026-06-02 19:21:37","KOSPI기온분석","5~15도",0.3417647058823529
"2026-06-02 19:21:37","KOSPI기온분석","15~22도",0.11499999999999999
"2026-06-02 19:21:37","KOSPI기온분석","22~28도",0.35666666666666663
"2026-06-02 19:21:37","KOSPI기온분석","28도↑",0.0
"2026-06-02 19:21:37","KOSPI기온분석","5도↓",0.31
"2026-06-02 19:21:37","KOSPI기온분석","5~15도",0.3417647058823529
"2026-06-02 19:21:37","KOSPI기온분석","15~22도",-0.0911764705882353
"2026-06-02 19:21:37","KOSPI기온분석","22~28도",0.35666666666666663
"2026-06-02 19:21:37","KOSPI기온분석","28도↑",0.0
"2026-06-02 19:21:37","KOSPI기온분석","5도↓",0.31
"2026-06-02 19:21:37","KOSPI기온분석","5~15도",0.3417647058823529
"2026-06-02 19:21:37","KOSPI기온분석","15~22도",-0.09444444444444446
"2026-06-02 19:21:37","KOSPI기온분석","22~28도",0.35666666666666663
"2026-06-02 19:21:37","KOSPI기온분석","28도↑",0.0
"2026-06-02 19:21:37","KOSPI기온분석","5도↓",0.31
"2026-06-02 19:21:37","KOSPI기온분석","5~15도",0.3417647058823529
"2026-06-02 19:21:37","KOSPI기온분석","15~22도",-0.02842105263157896
"2026-06-02 19:21:37","KOSPI기온분석","22~28도",0.35666666666666663
"2026-06-02 19:21:37","KOSPI기온분석","28도↑",0.0
"2026-06-02 19:21:37","KOSPI기온분석","5도↓",0.31
"2026-06-02 19:21:37","KOSPI기온분석","5~15도",0.3417647058823529
"2026-06-02 19:21:37","KOSPI기온분석","15~22도",0.007999999999999985
"2026-06-02 19:21:37","KOSPI기온분석","22~28도",0.35666666666666663
"2026-06-02 19:21:37","KOSPI기온분석","28도↑",0.0
"2026-06-02 19:21:37","KOSPI기온분석","5도↓",0.31
"2026-06-02 19:21:37","KOSPI기온분석","5~15도",0.3417647058823529
"2026-06-02 19:21:37","KOSPI기온분석","15~22도",-0.01571428571428573
"2026-06-02 19:21:37","KOSPI기온분석","22~28도",0.35666666666666663
"2026-06-02 19:21:37","KOSPI기온분석","28도↑",0.0
"2026-06-02 19:21:37","KOSPI기온분석","5도↓",0.31
"2026-06-02 19:21:37","KOSPI기온분석","5~15도",0.3417647058823529
"2026-06-02 19:21:37","KOSPI기온분석","15~22도",-0.01571428571428573
"2026-06-02 19:21:37","KOSPI기온분석","22~28도",0.33499999999999996
"2026-06-02 19:21:37","KOSPI기온분석","28도↑",0.0
"2026-06-02 19:21:37","KOSPI기온분석","5도↓",0.31
"2026-06-02 19:21:37","KOSPI기온분석","5~15도",0.3417647058823529
"2026-06-02 19:21:37","KOSPI기온분석","15~22도",-0.01571428571428573
"2026-06-02 19:21:37","KOSPI기온분석","22~28도",0.011999999999999966
"2026-06-02 19:21:37","KOSPI기온분석","28도↑",0.0
"2026-06-02 19:21:37","KOSPI기온분석","5도↓",0.31
"2026-06-02 19:21:37","KOSPI기온분석","5~15도",0.3417647058823529
"2026-06-02 19:21:37","KOSPI기온분석","15~22도",0.051818181818181805
"2026-06-02 19:21:37","KOSPI기온분석","22~28도",0.011999999999999966
"2026-06-02 19:21:37","KOSPI기온분석","28도↑",0.0
"2026-06-02 19:21:37","KOSPI기온분석","5도↓",0.31
"2026-06-02 19:21:37","KOSPI기온분석","5~15도",0.3417647058823529
"2026-06-02 19:21:37","KOSPI기온분석","15~22도",0.051818181818181805
"2026-06-02 19:21:37","KOSPI기온분석","22~28도",0.0016666666666666382
"2026-06-02 19:21:37","KOSPI기온분석","28도↑",0.0
"2026-06-02 19:21:38","KOSPI기온분석","5도↓",0.31
"2026-06-02 19:21:38","KOSPI기온분석","5~15도",0.3417647058823529
"2026-06-02 19:21:38","KOSPI기온분석","15~22도",0.051818181818181805
"2026-06-02 19:21:38","KOSPI기온분석","22~28도",-0.0385714285714286
"2026-06-02 19:21:38","KOSPI기온분석","28도↑",0.0
"2026-06-02 19:21:38","KOSPI기온분석","5도↓",0.31
"2026-06-02 19:21:38","KOSPI기온분석","5~15도",0.3417647058823529
"2026-06-02 19:21:38","KOSPI기온분석","15~22도",0.051818181818181805
"2026-06-02 19:21:38","KOSPI기온분석","22~28도",0.18249999999999997
"2026-06-02 19:21:38","KOSPI기온분석","28도↑",0.0
"2026-06-02 19:21:38","KOSPI기온분석","5도↓",0.31
"2026-06-02 19:21:38","KOSPI기온분석","5~15도",0.3417647058823529
"2026-06-02 19:21:38","KOSPI기온분석","15~22도",0.051818181818181805
"2026-06-02 19:21:38","KOSPI기온분석","22~28도",0.16888888888888887
"2026-06-02 19:21:38","KOSPI기온분석","28도↑",0.0
"2026-06-02 19:21:38","KOSPI기온분석","5도↓",0.31
"2026-06-02 19:21:38","KOSPI기온분석","5~15도",0.3417647058823529
"2026-06-02 19:21:38","KOSPI기온분석","15~22도",0.051818181818181805
"2026-06-02 19:21:38","KOSPI기온분석","22~28도",0.21399999999999997
"2026-06-02 19:21:38","KOSPI기온분석","28도↑",0.0
"2026-06-02 19:21:38","KOSPI기온분석","5도↓",0.31
"2026-06-02 19:21:38","KOSPI기온분석","5~15도",0.3417647058823529
"2026-06-02 19:21:38","KOSPI기온분석","15~22도",0.051818181818181805
"2026-06-02 19:21:38","KOSPI기온분석","22~28도",0.2236363636363636
"2026-06-02 19:21:38","KOSPI기온분석","28도↑",0.0
"2026-06-02 19:21:38","KOSPI기온분석","5도↓",0.31
"2026-06-02 19:21:38","KOSPI기온분석","5~15도",0.3417647058823529
"2026-06-02 19:21:38","KOSPI기온분석","15~22도",0.051818181818181805
"2026-06-02 19:21:38","KOSPI기온분석","22~28도",0.2236363636363636
"2026-06-02 19:21:38","KOSPI기온분석","28도↑",0.23
"2026-06-02 19:21:38","KOSPI기온분석","5도↓",0.31
"2026-06-02 19:21:38","KOSPI기온분석","5~15도",0.3417647058823529
"2026-06-02 19:21:38","KOSPI기온분석","15~22도",0.051818181818181805
"2026-06-02 19:21:38","KOSPI기온분석","22~28도",0.16999999999999996
"2026-06-02 19:21:38","KOSPI기온분석","28도↑",0.23
"2026-06-02 19:21:38","KOSPI기온분석","5도↓",0.31
"2026-06-02 19:21:38","KOSPI기온분석","5~15도",0.3417647058823529
"2026-06-02 19:21:38","KOSPI기온분석","15~22도",0.051818181818181805
"2026-06-02 19:21:38","KOSPI기온분석","22~28도",0.10923076923076919
"2026-06-02 19:21:38","KOSPI기온분석","28도↑",0.23
"2026-06-02 19:21:38","KOSPI기온분석","5도↓",0.31
"2026-06-02 19:21:38","KOSPI기온분석","5~15도",0.3417647058823529
"2026-06-02 19:21:38","KOSPI기온분석","15~22도",0.051818181818181805
"2026-06-02 19:21:38","KOSPI기온분석","22~28도",0.17857142857142855
"2026-06-02 19:21:38","KOSPI기온분석","28도↑",0.23
"2026-06-02 19:21:38","KOSPI기온분석","5도↓",0.31
"2026-06-02 19:21:38","KOSPI기온분석","5~15도",0.3417647058823529
"2026-06-02 19:21:38","KOSPI기온분석","15~22도",-0.010869565217391314
"2026-06-02 19:21:38","KOSPI기온분석","22~28도",0.17857142857142855
"2026-06-02 19:21:38","KOSPI기온분석","28도↑",0.23
"2026-06-02 19:21:39","KOSPI기온분석","5도↓",0.31
"2026-06-02 19:21:39","KOSPI기온분석","5~15도",0.3417647058823529
"2026-06-02 19:21:39","KOSPI기온분석","15~22도",-0.010869565217391314
"2026-06-02 19:21:39","KOSPI기온분석","22~28도",0.04066666666666664
"2026-06-02 19:21:39","KOSPI기온분석","28도↑",0.23
"2026-06-02 19:21:39","KOSPI기온분석","5도↓",0.31
"2026-06-02 19:21:39","KOSPI기온분석","5~15도",0.3417647058823529
"2026-06-02 19:21:39","KOSPI기온분석","15~22도",-0.010869565217391314
"2026-06-02 19:21:39","KOSPI기온분석","22~28도",-0.14937500000000004
"2026-06-02 19:21:39","KOSPI기온분석","28도↑",0.23
"2026-06-02 19:21:39","KOSPI기온분석","5도↓",0.31
"2026-06-02 19:21:39","KOSPI기온분석","5~15도",0.3417647058823529
"2026-06-02 19:21:39","KOSPI기온분석","15~22도",-0.010869565217391314
"2026-06-02 19:21:39","KOSPI기온분석","22~28도",-0.14937500000000004
"2026-06-02 19:21:39","KOSPI기온분석","28도↑",0.925
"2026-06-02 19:21:39","KOSPI기온분석","5도↓",0.31
"2026-06-02 19:21:39","KOSPI기온분석","5~15도",0.3417647058823529
"2026-06-02 19:21:39","KOSPI기온분석","15~22도",-0.010869565217391314
"2026-06-02 19:21:39","KOSPI기온분석","22~28도",-0.14937500000000004
"2026-06-02 19:21:39","KOSPI기온분석","28도↑",0.41
"2026-06-02 19:21:39","KOSPI기온분석","5도↓",0.31
"2026-06-02 19:21:39","KOSPI기온분석","5~15도",0.3417647058823529
"2026-06-02 19:21:39","KOSPI기온분석","15~22도",-0.010869565217391314
"2026-06-02 19:21:39","KOSPI기온분석","22~28도",-0.14937500000000004
"2026-06-02 19:21:39","KOSPI기온분석","28도↑",0.1175
"2026-06-02 19:21:39","KOSPI기온분석","5도↓",0.31
"2026-06-02 19:21:39","KOSPI기온분석","5~15도",0.3417647058823529
"2026-06-02 19:21:39","KOSPI기온분석","15~22도",-0.010869565217391314
"2026-06-02 19:21:39","KOSPI기온분석","22~28도",-0.14937500000000004
"2026-06-02 19:21:39","KOSPI기온분석","28도↑",-0.078
"2026-06-02 19:21:39","KOSPI기온분석","5도↓",0.31
"2026-06-02 19:21:39","KOSPI기온분석","5~15도",0.3417647058823529
"2026-06-02 19:21:39","KOSPI기온분석","15~22도",-0.010869565217391314
"2026-06-02 19:21:39","KOSPI기온분석","22~28도",-0.14937500000000004
"2026-06-02 19:21:39","KOSPI기온분석","28도↑",-0.9933333333333333
"2026-06-02 19:21:39","KOSPI기온분석","5도↓",0.31
"2026-06-02 19:21:39","KOSPI기온분석","5~15도",0.3417647058823529
"2026-06-02 19:21:39","KOSPI기온분석","15~22도",-0.010869565217391314
"2026-06-02 19:21:39","KOSPI기온분석","22~28도",-0.14937500000000004
"2026-06-02 19:21:39","KOSPI기온분석","28도↑",-0.8142857142857143
"2026-06-02 19:21:39","KOSPI기온분석","5도↓",0.31
"2026-06-02 19:21:39","KOSPI기온분석","5~15도",0.3417647058823529
"2026-06-02 19:21:39","KOSPI기온분석","15~22도",-0.010869565217391314
"2026-06-02 19:21:39","KOSPI기온분석","22~28도",-0.14937500000000004
"2026-06-02 19:21:39","KOSPI기온분석","28도↑",-0.93
"2026-06-02 19:21:39","KOSPI기온분석","5도↓",0.31
"2026-06-02 19:21:39","KOSPI기온분석","5~15도",0.3417647058823529
"2026-06-02 19:21:39","KOSPI기온분석","15~22도",-0.010869565217391314
"2026-06-02 19:21:39","KOSPI기온분석","22~28도",-0.14937500000000004
"2026-06-02 19:21:39","KOSPI기온분석","28도↑",-0.09333333333333342
"2026-06-02 19:21:40","KOSPI기온분석","5도↓",0.31
"2026-06-02 19:21:40","KOSPI기온분석","5~15도",0.3417647058823529
"2026-06-02 19:21:40","KOSPI기온분석","15~22도",-0.010869565217391314
"2026-06-02 19:21:40","KOSPI기온분석","22~28도",-0.14937500000000004
"2026-06-02 19:21:40","KOSPI기온분석","28도↑",-0.13400000000000006
"2026-06-02 19:21:40","KOSPI기온분석","5도↓",0.31
"2026-06-02 19:21:40","KOSPI기온분석","5~15도",0.3417647058823529
"2026-06-02 19:21:40","KOSPI기온분석","15~22도",-0.010869565217391314
"2026-06-02 19:21:40","KOSPI기온분석","22~28도",-0.08470588235294121
"2026-06-02 19:21:40","KOSPI기온분석","28도↑",-0.13400000000000006
"2026-06-02 19:21:40","KOSPI기온분석","5도↓",0.31
"2026-06-02 19:21:40","KOSPI기온분석","5~15도",0.3417647058823529
"2026-06-02 19:21:40","KOSPI기온분석","15~22도",-0.010869565217391314
"2026-06-02 19:21:40","KOSPI기온분석","22~28도",-0.031111111111111145
"2026-06-02 19:21:40","KOSPI기온분석","28도↑",-0.13400000000000006
"2026-06-02 19:21:40","KOSPI기온분석","5도↓",0.31
"2026-06-02 19:21:40","KOSPI기온분석","5~15도",0.3417647058823529
"2026-06-02 19:21:40","KOSPI기온분석","15~22도",-0.010869565217391314
"2026-06-02 19:21:40","KOSPI기온분석","22~28도",-0.09315789473684213
"2026-06-02 19:21:40","KOSPI기온분석","28도↑",-0.13400000000000006
"2026-06-02 19:21:40","KOSPI기온분석","5도↓",0.31
"2026-06-02 19:21:40","KOSPI기온분석","5~15도",0.3417647058823529
"2026-06-02 19:21:40","KOSPI기온분석","15~22도",-0.010869565217391314
"2026-06-02 19:21:40","KOSPI기온분석","22~28도",-0.04150000000000002
"2026-06-02 19:21:40","KOSPI기온분석","28도↑",-0.13400000000000006
"2026-06-02 19:21:40","KOSPI기온분석","5도↓",0.31
"2026-06-02 19:21:40","KOSPI기온분석","5~15도",0.3417647058823529
"2026-06-02 19:21:40","KOSPI기온분석","15~22도",-0.010869565217391314
"2026-06-02 19:21:40","KOSPI기온분석","22~28도",-0.01428571428571431
"2026-06-02 19:21:40","KOSPI기온분석","28도↑",-0.13400000000000006
"2026-06-02 19:21:40","KOSPI기온분석","5도↓",0.31
"2026-06-02 19:21:40","KOSPI기온분석","5~15도",0.3417647058823529
"2026-06-02 19:21:40","KOSPI기온분석","15~22도",-0.010869565217391314
"2026-06-02 19:21:40","KOSPI기온분석","22~28도",-0.004545454545454567
"2026-06-02 19:21:40","KOSPI기온분석","28도↑",-0.13400000000000006
"2026-06-02 19:21:40","KOSPI기온분석","5도↓",0.31
"2026-06-02 19:21:40","KOSPI기온분석","5~15도",0.3417647058823529
"2026-06-02 19:21:40","KOSPI기온분석","15~22도",-0.010869565217391314
"2026-06-02 19:21:40","KOSPI기온분석","22~28도",-0.004545454545454567
"2026-06-02 19:21:40","KOSPI기온분석","28도↑",-0.12818181818181826
"2026-06-02 19:21:40","KOSPI기온분석","5도↓",0.31
"2026-06-02 19:21:40","KOSPI기온분석","5~15도",0.3417647058823529
"2026-06-02 19:21:40","KOSPI기온분석","15~22도",-0.010869565217391314
"2026-06-02 19:21:40","KOSPI기온분석","22~28도",-0.004545454545454567
"2026-06-02 19:21:40","KOSPI기온분석","28도↑",0.013333333333333272
"2026-06-02 19:21:40","KOSPI기온분석","5도↓",0.31
"2026-06-02 19:21:40","KOSPI기온분석","5~15도",0.3417647058823529
"2026-06-02 19:21:40","KOSPI기온분석","15~22도",-0.010869565217391314
"2026-06-02 19:21:40","KOSPI기온분석","22~28도",-0.004545454545454567
"2026-06-02 19:21:40","KOSPI기온분석","28도↑",0.00230769230769225
"2026-06-02 19:21:41","KOSPI기온분석","5도↓",0.31
"2026-06-02 19:21:41","KOSPI기온분석","5~15도",0.3417647058823529
"2026-06-02 19:21:41","KOSPI기온분석","15~22도",-0.010869565217391314
"2026-06-02 19:21:41","KOSPI기온분석","22~28도",-0.004545454545454567
"2026-06-02 19:21:41","KOSPI기온분석","28도↑",0.06999999999999994
"2026-06-02 19:21:41","KOSPI기온분석","5도↓",0.31
"2026-06-02 19:21:41","KOSPI기온분석","5~15도",0.3417647058823529
"2026-06-02 19:21:41","KOSPI기온분석","15~22도",-0.010869565217391314
"2026-06-02 19:21:41","KOSPI기온분석","22~28도",-0.004545454545454567
"2026-06-02 19:21:41","KOSPI기온분석","28도↑",0.07199999999999994
"2026-06-02 19:21:41","KOSPI기온분석","5도↓",0.31
"2026-06-02 19:21:41","KOSPI기온분석","5~15도",0.3417647058823529
"2026-06-02 19:21:41","KOSPI기온분석","15~22도",-0.010869565217391314
"2026-06-02 19:21:41","KOSPI기온분석","22~28도",-0.004545454545454567
"2026-06-02 19:21:41","KOSPI기온분석","28도↑",0.10812499999999994
"2026-06-02 19:21:41","KOSPI기온분석","5도↓",0.31
"2026-06-02 19:21:41","KOSPI기온분석","5~15도",0.3417647058823529
"2026-06-02 19:21:41","KOSPI기온분석","15~22도",-0.010869565217391314
"2026-06-02 19:21:41","KOSPI기온분석","22~28도",-0.004545454545454567
"2026-06-02 19:21:41","KOSPI기온분석","28도↑",0.08176470588235288
"2026-06-02 19:21:41","KOSPI기온분석","5도↓",0.31
"2026-06-02 19:21:41","KOSPI기온분석","5~15도",0.3417647058823529
"2026-06-02 19:21:41","KOSPI기온분석","15~22도",-0.010869565217391314
"2026-06-02 19:21:41","KOSPI기온분석","22~28도",-0.004545454545454567
"2026-06-02 19:21:41","KOSPI기온분석","28도↑",0.08388888888888883
"2026-06-02 19:21:41","KOSPI기온분석","5도↓",0.31
"2026-06-02 19:21:41","KOSPI기온분석","5~15도",0.3417647058823529
"2026-06-02 19:21:41","KOSPI기온분석","15~22도",-0.010869565217391314
"2026-06-02 19:21:41","KOSPI기온분석","22~28도",-0.004545454545454567
"2026-06-02 19:21:41","KOSPI기온분석","28도↑",0.10842105263157888
"2026-06-02 19:21:41","KOSPI기온분석","5도↓",0.31
"2026-06-02 19:21:41","KOSPI기온분석","5~15도",0.3417647058823529
"2026-06-02 19:21:41","KOSPI기온분석","15~22도",-0.010869565217391314
"2026-06-02 19:21:41","KOSPI기온분석","22~28도",0.005217391304347806
"2026-06-02 19:21:41","KOSPI기온분석","28도↑",0.10842105263157888
"2026-06-02 19:21:41","KOSPI기온분석","5도↓",0.31
"2026-06-02 19:21:41","KOSPI기온분석","5~15도",0.3417647058823529
"2026-06-02 19:21:41","KOSPI기온분석","15~22도",-0.010869565217391314
"2026-06-02 19:21:41","KOSPI기온분석","22~28도",0.005217391304347806
"2026-06-02 19:21:41","KOSPI기온분석","28도↑",0.09849999999999993
"2026-06-02 19:21:41","KOSPI기온분석","5도↓",0.31
"2026-06-02 19:21:41","KOSPI기온분석","5~15도",0.3417647058823529
"2026-06-02 19:21:41","KOSPI기온분석","15~22도",-0.010869565217391314
"2026-06-02 19:21:41","KOSPI기온분석","22~28도",0.05374999999999997
"2026-06-02 19:21:41","KOSPI기온분석","28도↑",0.09849999999999993
"2026-06-02 19:21:41","KOSPI기온분석","5도↓",0.31
"2026-06-02 19:21:41","KOSPI기온분석","5~15도",0.3417647058823529
"2026-06-02 19:21:41","KOSPI기온분석","15~22도",-0.010869565217391314
"2026-06-02 19:21:41","KOSPI기온분석","22~28도",0.053199999999999976
"2026-06-02 19:21:41","KOSPI기온분석","28도↑",0.09849999999999993
"2026-06-02 19:21:42","KOSPI기온분석","5도↓",0.31
"2026-06-02 19:21:42","KOSPI기온분석","5~15도",0.3417647058823529
"2026-06-02 19:21:42","KOSPI기온분석","15~22도",-0.010869565217391314
"2026-06-02 19:21:42","KOSPI기온분석","22~28도",0.053199999999999976
"2026-06-02 19:21:42","KOSPI기온분석","28도↑",0.1523809523809523
"2026-06-02 19:21:42","KOSPI기온분석","5도↓",0.31
"2026-06-02 19:21:42","KOSPI기온분석","5~15도",0.3417647058823529
"2026-06-02 19:21:42","KOSPI기온분석","15~22도",-0.010869565217391314
"2026-06-02 19:21:42","KOSPI기온분석","22~28도",0.023076923076923054
"2026-06-02 19:21:42","KOSPI기온분석","28도↑",0.1523809523809523
"2026-06-02 19:21:42","KOSPI기온분석","5도↓",0.31
"2026-06-02 19:21:42","KOSPI기온분석","5~15도",0.3417647058823529
"2026-06-02 19:21:42","KOSPI기온분석","15~22도",-0.010869565217391314
"2026-06-02 19:21:42","KOSPI기온분석","22~28도",0.029999999999999978
"2026-06-02 19:21:42","KOSPI기온분석","28도↑",0.1523809523809523
"2026-06-02 19:21:42","KOSPI기온분석","5도↓",0.31
"2026-06-02 19:21:42","KOSPI기온분석","5~15도",0.3417647058823529
"2026-06-02 19:21:42","KOSPI기온분석","15~22도",-0.010869565217391314
"2026-06-02 19:21:42","KOSPI기온분석","22~28도",0.029999999999999978
"2026-06-02 19:21:42","KOSPI기온분석","28도↑",0.10499999999999993
"2026-06-02 19:21:42","KOSPI기온분석","5도↓",0.31
"2026-06-02 19:21:42","KOSPI기온분석","5~15도",0.3417647058823529
"2026-06-02 19:21:42","KOSPI기온분석","15~22도",-0.010869565217391314
"2026-06-02 19:21:42","KOSPI기온분석","22~28도",0.029999999999999978
"2026-06-02 19:21:42","KOSPI기온분석","28도↑",0.09782608695652166
"2026-06-02 19:21:42","KOSPI기온분석","5도↓",0.31
"2026-06-02 19:21:42","KOSPI기온분석","5~15도",0.3417647058823529
"2026-06-02 19:21:42","KOSPI기온분석","15~22도",-0.010869565217391314
"2026-06-02 19:21:42","KOSPI기온분석","22~28도",0.029999999999999978
"2026-06-02 19:21:42","KOSPI기온분석","28도↑",0.1316666666666666
"2026-06-02 19:21:42","KOSPI기온분석","5도↓",0.31
"2026-06-02 19:21:42","KOSPI기온분석","5~15도",0.3417647058823529
"2026-06-02 19:21:42","KOSPI기온분석","15~22도",-0.010869565217391314
"2026-06-02 19:21:42","KOSPI기온분석","22~28도",0.029999999999999978
"2026-06-02 19:21:42","KOSPI기온분석","28도↑",0.07759999999999993
"2026-06-02 19:21:42","KOSPI기온분석","5도↓",0.31
"2026-06-02 19:21:42","KOSPI기온분석","5~15도",0.3417647058823529
"2026-06-02 19:21:42","KOSPI기온분석","15~22도",-0.010869565217391314
"2026-06-02 19:21:42","KOSPI기온분석","22~28도",0.029999999999999978
"2026-06-02 19:21:42","KOSPI기온분석","28도↑",0.07230769230769224
"2026-06-02 19:21:42","KOSPI기온분석","5도↓",0.31
"2026-06-02 19:21:42","KOSPI기온분석","5~15도",0.3417647058823529
"2026-06-02 19:21:42","KOSPI기온분석","15~22도",-0.010869565217391314
"2026-06-02 19:21:42","KOSPI기온분석","22~28도",0.029999999999999978
"2026-06-02 19:21:42","KOSPI기온분석","28도↑",0.1444444444444444
"2026-06-02 19:21:42","KOSPI기온분석","5도↓",0.31
"2026-06-02 19:21:42","KOSPI기온분석","5~15도",0.3417647058823529
"2026-06-02 19:21:42","KOSPI기온분석","15~22도",-0.010869565217391314
"2026-06-02 19:21:42","KOSPI기온분석","22~28도",0.029999999999999978
"2026-06-02 19:21:42","KOSPI기온분석","28도↑",0.1296428571428571
"2026-06-02 19:21:43","KOSPI기온분석","5도↓",0.31
"2026-06-02 19:21:43","KOSPI기온분석","5~15도",0.3417647058823529
"2026-06-02 19:21:43","KOSPI기온분석","15~22도",-0.010869565217391314
"2026-06-02 19:21:43","KOSPI기온분석","22~28도",0.07357142857142855
"2026-06-02 19:21:43","KOSPI기온분석","28도↑",0.1296428571428571
"2026-06-02 19:21:43","KOSPI기온분석","5도↓",0.31
"2026-06-02 19:21:43","KOSPI기온분석","5~15도",0.3417647058823529
"2026-06-02 19:21:43","KOSPI기온분석","15~22도",-0.010869565217391314
"2026-06-02 19:21:43","KOSPI기온분석","22~28도",0.1362068965517241
"2026-06-02 19:21:43","KOSPI기온분석","28도↑",0.1296428571428571
"2026-06-02 19:21:43","KOSPI기온분석","5도↓",0.31
"2026-06-02 19:21:43","KOSPI기온분석","5~15도",0.3417647058823529
"2026-06-02 19:21:43","KOSPI기온분석","15~22도",-0.010869565217391314
"2026-06-02 19:21:43","KOSPI기온분석","22~28도",0.1362068965517241
"2026-06-02 19:21:43","KOSPI기온분석","28도↑",0.0962068965517241
"2026-06-02 19:21:43","KOSPI기온분석","5도↓",0.31
"2026-06-02 19:21:43","KOSPI기온분석","5~15도",0.3417647058823529
"2026-06-02 19:21:43","KOSPI기온분석","15~22도",-0.010869565217391314
"2026-06-02 19:21:43","KOSPI기온분석","22~28도",0.1362068965517241
"2026-06-02 19:21:43","KOSPI기온분석","28도↑",0.09466666666666662
"2026-06-02 19:21:43","KOSPI기온분석","5도↓",0.31
"2026-06-02 19:21:43","KOSPI기온분석","5~15도",0.3417647058823529
"2026-06-02 19:21:43","KOSPI기온분석","15~22도",-0.010869565217391314
"2026-06-02 19:21:43","KOSPI기온분석","22~28도",0.22033333333333333
"2026-06-02 19:21:43","KOSPI기온분석","28도↑",0.09466666666666662
"2026-06-02 19:21:43","KOSPI기온분석","5도↓",0.31
"2026-06-02 19:21:43","KOSPI기온분석","5~15도",0.3417647058823529
"2026-06-02 19:21:43","KOSPI기온분석","15~22도",-0.010869565217391314
"2026-06-02 19:21:43","KOSPI기온분석","22~28도",0.26129032258064516
"2026-06-02 19:21:43","KOSPI기온분석","28도↑",0.09466666666666662
"2026-06-02 19:21:43","KOSPI기온분석","5도↓",0.31
"2026-06-02 19:21:43","KOSPI기온분석","5~15도",0.3417647058823529
"2026-06-02 19:21:43","KOSPI기온분석","15~22도",-0.010869565217391314
"2026-06-02 19:21:43","KOSPI기온분석","22~28도",0.3015625
"2026-06-02 19:21:43","KOSPI기온분석","28도↑",0.09466666666666662
"2026-06-02 19:21:43","KOSPI기온분석","5도↓",0.31
"2026-06-02 19:21:43","KOSPI기온분석","5~15도",0.3417647058823529
"2026-06-02 19:21:43","KOSPI기온분석","15~22도",-0.010869565217391314
"2026-06-02 19:21:43","KOSPI기온분석","22~28도",0.30939393939393944
"2026-06-02 19:21:43","KOSPI기온분석","28도↑",0.09466666666666662
"2026-06-02 19:21:43","KOSPI기온분석","5도↓",0.31
"2026-06-02 19:21:43","KOSPI기온분석","5~15도",0.3417647058823529
"2026-06-02 19:21:43","KOSPI기온분석","15~22도",-0.010869565217391314
"2026-06-02 19:21:43","KOSPI기온분석","22~28도",0.33647058823529413
"2026-06-02 19:21:43","KOSPI기온분석","28도↑",0.09466666666666662
"2026-06-02 19:21:43","KOSPI기온분석","5도↓",0.31
"2026-06-02 19:21:43","KOSPI기온분석","5~15도",0.3417647058823529
"2026-06-02 19:21:43","KOSPI기온분석","15~22도",-0.010869565217391314
"2026-06-02 19:21:43","KOSPI기온분석","22~28도",0.33971428571428575
"2026-06-02 19:21:43","KOSPI기온분석","28도↑",0.09466666666666662
"2026-06-02 19:21:44","KOSPI기온분석","5도↓",0.31
"2026-06-02 19:21:44","KOSPI기온분석","5~15도",0.3417647058823529
"2026-06-02 19:21:44","KOSPI기온분석","15~22도",-0.010869565217391314
"2026-06-02 19:21:44","KOSPI기온분석","22~28도",0.30611111111111117
"2026-06-02 19:21:44","KOSPI기온분석","28도↑",0.09466666666666662
"2026-06-02 19:21:44","KOSPI기온분석","5도↓",0.31
"2026-06-02 19:21:44","KOSPI기온분석","5~15도",0.3417647058823529
"2026-06-02 19:21:44","KOSPI기온분석","15~22도",-0.010869565217391314
"2026-06-02 19:21:44","KOSPI기온분석","22~28도",0.34648648648648656
"2026-06-02 19:21:44","KOSPI기온분석","28도↑",0.09466666666666662
"2026-06-02 19:21:44","KOSPI기온분석","5도↓",0.31
"2026-06-02 19:21:44","KOSPI기온분석","5~15도",0.3417647058823529
"2026-06-02 19:21:44","KOSPI기온분석","15~22도",-0.010869565217391314
"2026-06-02 19:21:44","KOSPI기온분석","22~28도",0.34052631578947373
"2026-06-02 19:21:44","KOSPI기온분석","28도↑",0.09466666666666662
"2026-06-02 19:21:44","KOSPI기온분석","5도↓",0.31
"2026-06-02 19:21:44","KOSPI기온분석","5~15도",0.3417647058823529
"2026-06-02 19:21:44","KOSPI기온분석","15~22도",-0.010869565217391314
"2026-06-02 19:21:44","KOSPI기온분석","22~28도",0.35076923076923083
"2026-06-02 19:21:44","KOSPI기온분석","28도↑",0.09466666666666662
"2026-06-02 19:21:44","KOSPI기온분석","5도↓",0.31
"2026-06-02 19:21:44","KOSPI기온분석","5~15도",0.3417647058823529
"2026-06-02 19:21:44","KOSPI기온분석","15~22도",-0.010869565217391314
"2026-06-02 19:21:44","KOSPI기온분석","22~28도",0.34675
"2026-06-02 19:21:44","KOSPI기온분석","28도↑",0.09466666666666662
"2026-06-02 19:21:44","KOSPI기온분석","5도↓",0.31
"2026-06-02 19:21:44","KOSPI기온분석","5~15도",0.3417647058823529
"2026-06-02 19:21:44","KOSPI기온분석","15~22도",-0.010869565217391314
"2026-06-02 19:21:44","KOSPI기온분석","22~28도",0.3743902439024391
"2026-06-02 19:21:44","KOSPI기온분석","28도↑",0.09466666666666662
"2026-06-02 19:21:44","KOSPI기온분석","5도↓",0.31
"2026-06-02 19:21:44","KOSPI기온분석","5~15도",0.3417647058823529
"2026-06-02 19:21:44","KOSPI기온분석","15~22도",-0.020416666666666677
"2026-06-02 19:21:44","KOSPI기온분석","22~28도",0.3743902439024391
"2026-06-02 19:21:44","KOSPI기온분석","28도↑",0.09466666666666662
"2026-06-02 19:21:44","KOSPI기온분석","5도↓",0.31
"2026-06-02 19:21:44","KOSPI기온분석","5~15도",0.3417647058823529
"2026-06-02 19:21:44","KOSPI기온분석","15~22도",0.09879999999999999
"2026-06-02 19:21:44","KOSPI기온분석","22~28도",0.3743902439024391
"2026-06-02 19:21:44","KOSPI기온분석","28도↑",0.09466666666666662
"2026-06-02 19:21:44","KOSPI기온분석","5도↓",0.31
"2026-06-02 19:21:44","KOSPI기온분석","5~15도",0.3417647058823529
"2026-06-02 19:21:44","KOSPI기온분석","15~22도",0.09879999999999999
"2026-06-02 19:21:44","KOSPI기온분석","22~28도",0.36904761904761907
"2026-06-02 19:21:44","KOSPI기온분석","28도↑",0.09466666666666662
"2026-06-02 19:21:44","KOSPI기온분석","5도↓",0.31
"2026-06-02 19:21:44","KOSPI기온분석","5~15도",0.3417647058823529
"2026-06-02 19:21:44","KOSPI기온분석","15~22도",0.05961538461538461
"2026-06-02 19:21:44","KOSPI기온분석","22~28도",0.36904761904761907
"2026-06-02 19:21:44","KOSPI기온분석","28도↑",0.09466666666666662
"2026-06-02 19:21:45","KOSPI기온분석","5도↓",0.31
"2026-06-02 19:21:45","KOSPI기온분석","5~15도",0.3417647058823529
"2026-06-02 19:21:45","KOSPI기온분석","15~22도",0.05961538461538461
"2026-06-02 19:21:45","KOSPI기온분석","22~28도",0.3425581395348838
"2026-06-02 19:21:45","KOSPI기온분석","28도↑",0.09466666666666662
"2026-06-02 19:21:45","KOSPI기온분석","5도↓",0.31
"2026-06-02 19:21:45","KOSPI기온분석","5~15도",0.3417647058823529
"2026-06-02 19:21:45","KOSPI기온분석","15~22도",0.07666666666666666
"2026-06-02 19:21:45","KOSPI기온분석","22~28도",0.3425581395348838
"2026-06-02 19:21:45","KOSPI기온분석","28도↑",0.09466666666666662
"2026-06-02 19:21:45","KOSPI기온분석","5도↓",0.31
"2026-06-02 19:21:45","KOSPI기온분석","5~15도",0.3417647058823529
"2026-06-02 19:21:45","KOSPI기온분석","15~22도",0.09464285714285714
"2026-06-02 19:21:45","KOSPI기온분석","22~28도",0.3425581395348838
"2026-06-02 19:21:45","KOSPI기온분석","28도↑",0.09466666666666662
"2026-06-02 19:21:45","KOSPI기온분석","5도↓",0.31
"2026-06-02 19:21:45","KOSPI기온분석","5~15도",0.3417647058823529
"2026-06-02 19:21:45","KOSPI기온분석","15~22도",0.07517241379310344
"2026-06-02 19:21:45","KOSPI기온분석","22~28도",0.3425581395348838
"2026-06-02 19:21:45","KOSPI기온분석","28도↑",0.09466666666666662
"2026-06-02 19:21:45","KOSPI기온분석","5도↓",0.31
"2026-06-02 19:21:45","KOSPI기온분석","5~15도",0.3417647058823529
"2026-06-02 19:21:45","KOSPI기온분석","15~22도",0.11733333333333332
"2026-06-02 19:21:45","KOSPI기온분석","22~28도",0.3425581395348838
"2026-06-02 19:21:45","KOSPI기온분석","28도↑",0.09466666666666662
"2026-06-02 19:21:45","KOSPI기온분석","5도↓",0.31
"2026-06-02 19:21:45","KOSPI기온분석","5~15도",0.3417647058823529
"2026-06-02 19:21:45","KOSPI기온분석","15~22도",0.049354838709677405
"2026-06-02 19:21:45","KOSPI기온분석","22~28도",0.3425581395348838
"2026-06-02 19:21:45","KOSPI기온분석","28도↑",0.09466666666666662
"2026-06-02 19:21:45","KOSPI기온분석","5도↓",0.31
"2026-06-02 19:21:45","KOSPI기온분석","5~15도",0.3417647058823529
"2026-06-02 19:21:45","KOSPI기온분석","15~22도",0.053124999999999985
"2026-06-02 19:21:45","KOSPI기온분석","22~28도",0.3425581395348838
"2026-06-02 19:21:45","KOSPI기온분석","28도↑",0.09466666666666662
"2026-06-02 19:21:45","KOSPI기온분석","5도↓",0.31
"2026-06-02 19:21:45","KOSPI기온분석","5~15도",0.3417647058823529
"2026-06-02 19:21:45","KOSPI기온분석","15~22도",0.10636363636363635
"2026-06-02 19:21:45","KOSPI기온분석","22~28도",0.3425581395348838
"2026-06-02 19:21:45","KOSPI기온분석","28도↑",0.09466666666666662
"2026-06-02 19:21:45","KOSPI기온분석","5도↓",0.31
"2026-06-02 19:21:45","KOSPI기온분석","5~15도",0.3417647058823529
"2026-06-02 19:21:45","KOSPI기온분석","15~22도",0.12088235294117645
"2026-06-02 19:21:45","KOSPI기온분석","22~28도",0.3425581395348838
"2026-06-02 19:21:45","KOSPI기온분석","28도↑",0.09466666666666662
"2026-06-02 19:21:46","KOSPI기온분석","5도↓",0.31
"2026-06-02 19:21:46","KOSPI기온분석","5~15도",0.3417647058823529
"2026-06-02 19:21:46","KOSPI기온분석","15~22도",0.16257142857142856
"2026-06-02 19:21:46","KOSPI기온분석","22~28도",0.3425581395348838
"2026-06-02 19:21:46","KOSPI기온분석","28도↑",0.09466666666666662
"2026-06-02 19:21:46","KOSPI기온분석","5도↓",0.31
"2026-06-02 19:21:46","KOSPI기온분석","5~15도",0.3417647058823529
"2026-06-02 19:21:46","KOSPI기온분석","15~22도",0.15166666666666664
"2026-06-02 19:21:46","KOSPI기온분석","22~28도",0.3425581395348838
"2026-06-02 19:21:46","KOSPI기온분석","28도↑",0.09466666666666662
"2026-06-02 19:21:46","KOSPI기온분석","5도↓",0.31
"2026-06-02 19:21:46","KOSPI기온분석","5~15도",0.3417647058823529
"2026-06-02 19:21:46","KOSPI기온분석","15~22도",0.16999999999999998
"2026-06-02 19:21:46","KOSPI기온분석","22~28도",0.3425581395348838
"2026-06-02 19:21:46","KOSPI기온분석","28도↑",0.09466666666666662
"2026-06-02 19:21:46","KOSPI기온분석","5도↓",0.31
"2026-06-02 19:21:46","KOSPI기온분석","5~15도",0.3417647058823529
"2026-06-02 19:21:46","KOSPI기온분석","15~22도",0.1763157894736842
"2026-06-02 19:21:46","KOSPI기온분석","22~28도",0.3425581395348838
"2026-06-02 19:21:46","KOSPI기온분석","28도↑",0.09466666666666662
"2026-06-02 19:21:46","KOSPI기온분석","5도↓",0.31
"2026-06-02 19:21:46","KOSPI기온분석","5~15도",0.3417647058823529
"2026-06-02 19:21:46","KOSPI기온분석","15~22도",0.1487179487179487
"2026-06-02 19:21:46","KOSPI기온분석","22~28도",0.3425581395348838
"2026-06-02 19:21:46","KOSPI기온분석","28도↑",0.09466666666666662
"2026-06-02 19:21:46","KOSPI기온분석","5도↓",0.31
"2026-06-02 19:21:46","KOSPI기온분석","5~15도",0.3417647058823529
"2026-06-02 19:21:46","KOSPI기온분석","15~22도",0.14975
"2026-06-02 19:21:46","KOSPI기온분석","22~28도",0.3425581395348838
"2026-06-02 19:21:46","KOSPI기온분석","28도↑",0.09466666666666662
"2026-06-02 19:21:46","KOSPI기온분석","5도↓",0.31
"2026-06-02 19:21:46","KOSPI기온분석","5~15도",0.3417647058823529
"2026-06-02 19:21:46","KOSPI기온분석","15~22도",0.14292682926829267
"2026-06-02 19:21:46","KOSPI기온분석","22~28도",0.3425581395348838
"2026-06-02 19:21:46","KOSPI기온분석","28도↑",0.09466666666666662
"2026-06-02 19:21:46","KOSPI기온분석","5도↓",0.31
"2026-06-02 19:21:46","KOSPI기온분석","5~15도",0.3622222222222222
"2026-06-02 19:21:46","KOSPI기온분석","15~22도",0.14292682926829267
"2026-06-02 19:21:46","KOSPI기온분석","22~28도",0.3425581395348838
"2026-06-02 19:21:46","KOSPI기온분석","28도↑",0.09466666666666662
"2026-06-02 19:21:46","KOSPI기온분석","5도↓",0.31
"2026-06-02 19:21:46","KOSPI기온분석","5~15도",0.27631578947368424
"2026-06-02 19:21:46","KOSPI기온분석","15~22도",0.14292682926829267
"2026-06-02 19:21:46","KOSPI기온분석","22~28도",0.3425581395348838
"2026-06-02 19:21:46","KOSPI기온분석","28도↑",0.09466666666666662
"2026-06-02 19:21:46","KOSPI기온분석","5도↓",0.31
"2026-06-02 19:21:46","KOSPI기온분석","5~15도",0.28450000000000003
"2026-06-02 19:21:46","KOSPI기온분석","15~22도",0.14292682926829267
"2026-06-02 19:21:46","KOSPI기온분석","22~28도",0.3425581395348838
"2026-06-02 19:21:46","KOSPI기온분석","28도↑",0.09466666666666662
"2026-06-02 19:21:47","KOSPI기온분석","5도↓",0.31
"2026-06-02 19:21:47","KOSPI기온분석","5~15도",0.28095238095238095
"2026-06-02 19:21:47","KOSPI기온분석","15~22도",0.14292682926829267
"2026-06-02 19:21:47","KOSPI기온분석","22~28도",0.3425581395348838
"2026-06-02 19:21:47","KOSPI기온분석","28도↑",0.09466666666666662
"2026-06-02 19:21:47","KOSPI기온분석","5도↓",0.31
"2026-06-02 19:21:47","KOSPI기온분석","5~15도",0.27636363636363637
"2026-06-02 19:21:47","KOSPI기온분석","15~22도",0.14292682926829267
"2026-06-02 19:21:47","KOSPI기온분석","22~28도",0.3425581395348838
"2026-06-02 19:21:47","KOSPI기온분석","28도↑",0.09466666666666662
"2026-06-02 19:21:47","KOSPI기온분석","5도↓",0.31
"2026-06-02 19:21:47","KOSPI기온분석","5~15도",0.2826086956521739
"2026-06-02 19:21:47","KOSPI기온분석","15~22도",0.14292682926829267
"2026-06-02 19:21:47","KOSPI기온분석","22~28도",0.3425581395348838
"2026-06-02 19:21:47","KOSPI기온분석","28도↑",0.09466666666666662
"2026-06-02 19:21:47","KOSPI기온분석","5도↓",0.31
"2026-06-02 19:21:47","KOSPI기온분석","5~15도",0.29833333333333334
"2026-06-02 19:21:47","KOSPI기온분석","15~22도",0.14292682926829267
"2026-06-02 19:21:47","KOSPI기온분석","22~28도",0.3425581395348838
"2026-06-02 19:21:47","KOSPI기온분석","28도↑",0.09466666666666662
"2026-06-02 19:21:47","KOSPI기온분석","5도↓",0.31
"2026-06-02 19:21:47","KOSPI기온분석","5~15도",0.316
"2026-06-02 19:21:47","KOSPI기온분석","15~22도",0.14292682926829267
"2026-06-02 19:21:47","KOSPI기온분석","22~28도",0.3425581395348838
"2026-06-02 19:21:47","KOSPI기온분석","28도↑",0.09466666666666662
"2026-06-02 19:21:47","KOSPI기온분석","5도↓",0.31
"2026-06-02 19:21:47","KOSPI기온분석","5~15도",0.29307692307692307
"2026-06-02 19:21:47","KOSPI기온분석","15~22도",0.14292682926829267
"2026-06-02 19:21:47","KOSPI기온분석","22~28도",0.3425581395348838
"2026-06-02 19:21:47","KOSPI기온분석","28도↑",0.09466666666666662
"2026-06-02 19:21:47","KOSPI기온분석","5도↓",0.31
"2026-06-02 19:21:47","KOSPI기온분석","5~15도",0.1385185185185185
"2026-06-02 19:21:47","KOSPI기온분석","15~22도",0.14292682926829267
"2026-06-02 19:21:47","KOSPI기온분석","22~28도",0.3425581395348838
"2026-06-02 19:21:47","KOSPI기온분석","28도↑",0.09466666666666662
"2026-06-02 19:21:47","KOSPI기온분석","5도↓",0.31
"2026-06-02 19:21:47","KOSPI기온분석","5~15도",0.1660714285714286
"2026-06-02 19:21:47","KOSPI기온분석","15~22도",0.14292682926829267
"2026-06-02 19:21:47","KOSPI기온분석","22~28도",0.3425581395348838
"2026-06-02 19:21:47","KOSPI기온분석","28도↑",0.09466666666666662
"2026-06-02 19:21:47","KOSPI기온분석","5도↓",0.31
"2026-06-02 19:21:47","KOSPI기온분석","5~15도",0.21551724137931033
"2026-06-02 19:21:47","KOSPI기온분석","15~22도",0.14292682926829267
"2026-06-02 19:21:47","KOSPI기온분석","22~28도",0.3425581395348838
"2026-06-02 19:21:47","KOSPI기온분석","28도↑",0.09466666666666662
"2026-06-02 19:21:47","KOSPI기온분석","5도↓",0.31
"2026-06-02 19:21:47","KOSPI기온분석","5~15도",0.20833333333333334
"2026-06-02 19:21:47","KOSPI기온분석","15~22도",0.14292682926829267
"2026-06-02 19:21:47","KOSPI기온분석","22~28도",0.3425581395348838
"2026-06-02 19:21:47","KOSPI기온분석","28도↑",0.09466666666666662
"2026-06-02 19:21:48","KOSPI기온분석","5도↓",0.31
"2026-06-02 19:21:48","KOSPI기온분석","5~15도",0.23129032258064516
"2026-06-02 19:21:48","KOSPI기온분석","15~22도",0.14292682926829267
"2026-06-02 19:21:48","KOSPI기온분석","22~28도",0.3425581395348838
"2026-06-02 19:21:48","KOSPI기온분석","28도↑",0.09466666666666662
"2026-06-02 19:21:48","KOSPI기온분석","5도↓",0.31
"2026-06-02 19:21:48","KOSPI기온분석","5~15도",0.206875
"2026-06-02 19:21:48","KOSPI기온분석","15~22도",0.14292682926829267
"2026-06-02 19:21:48","KOSPI기온분석","22~28도",0.3425581395348838
"2026-06-02 19:21:48","KOSPI기온분석","28도↑",0.09466666666666662
"2026-06-02 19:21:48","KOSPI기온분석","5도↓",0.31
"2026-06-02 19:21:48","KOSPI기온분석","5~15도",0.1975757575757576
"2026-06-02 19:21:48","KOSPI기온분석","15~22도",0.14292682926829267
"2026-06-02 19:21:48","KOSPI기온분석","22~28도",0.3425581395348838
"2026-06-02 19:21:48","KOSPI기온분석","28도↑",0.09466666666666662
"2026-06-02 19:21:48","KOSPI기온분석","5도↓",0.31
"2026-06-02 19:21:48","KOSPI기온분석","5~15도",0.1761764705882353
"2026-06-02 19:21:48","KOSPI기온분석","15~22도",0.14292682926829267
"2026-06-02 19:21:48","KOSPI기온분석","22~28도",0.3425581395348838
"2026-06-02 19:21:48","KOSPI기온분석","28도↑",0.09466666666666662
"2026-06-02 19:21:48","KOSPI기온분석","5도↓",0.31
"2026-06-02 19:21:48","KOSPI기온분석","5~15도",0.202
"2026-06-02 19:21:48","KOSPI기온분석","15~22도",0.14292682926829267
"2026-06-02 19:21:48","KOSPI기온분석","22~28도",0.3425581395348838
"2026-06-02 19:21:48","KOSPI기온분석","28도↑",0.09466666666666662
"2026-06-02 19:21:48","KOSPI기온분석","5도↓",0.31
"2026-06-02 19:21:48","KOSPI기온분석","5~15도",0.1975
"2026-06-02 19:21:48","KOSPI기온분석","15~22도",0.14292682926829267
"2026-06-02 19:21:48","KOSPI기온분석","22~28도",0.3425581395348838
"2026-06-02 19:21:48","KOSPI기온분석","28도↑",0.09466666666666662
"2026-06-02 19:21:48","KOSPI기온분석","5도↓",0.31
"2026-06-02 19:21:48","KOSPI기온분석","5~15도",0.15162162162162163
"2026-06-02 19:21:48","KOSPI기온분석","15~22도",0.14292682926829267
"2026-06-02 19:21:48","KOSPI기온분석","22~28도",0.3425581395348838
"2026-06-02 19:21:48","KOSPI기온분석","28도↑",0.09466666666666662
"2026-06-02 19:21:48","KOSPI기온분석","5도↓",-0.25
"2026-06-02 19:21:48","KOSPI기온분석","5~15도",0.15162162162162163
"2026-06-02 19:21:48","KOSPI기온분석","15~22도",0.14292682926829267
"2026-06-02 19:21:48","KOSPI기온분석","22~28도",0.3425581395348838
"2026-06-02 19:21:48","KOSPI기온분석","28도↑",0.09466666666666662
"2026-06-02 19:21:48","KOSPI기온분석","5도↓",-0.39333333333333337
"2026-06-02 19:21:48","KOSPI기온분석","5~15도",0.15162162162162163
"2026-06-02 19:21:48","KOSPI기온분석","15~22도",0.14292682926829267
"2026-06-02 19:21:48","KOSPI기온분석","22~28도",0.3425581395348838
"2026-06-02 19:21:48","KOSPI기온분석","28도↑",0.09466666666666662
"2026-06-02 19:21:48","KOSPI기온분석","5도↓",-0.20250000000000004
"2026-06-02 19:21:48","KOSPI기온분석","5~15도",0.15162162162162163
"2026-06-02 19:21:48","KOSPI기온분석","15~22도",0.14292682926829267
"2026-06-02 19:21:48","KOSPI기온분석","22~28도",0.3425581395348838
"2026-06-02 19:21:48","KOSPI기온분석","28도↑",0.09466666666666662
"2026-06-02 19:21:49","KOSPI기온분석","5도↓",-0.20250000000000004
"2026-06-02 19:21:49","KOSPI기온분석","5~15도",0.17026315789473687
"2026-06-02 19:21:49","KOSPI기온분석","15~22도",0.14292682926829267
"2026-06-02 19:21:49","KOSPI기온분석","22~28도",0.3425581395348838
"2026-06-02 19:21:49","KOSPI기온분석","28도↑",0.09466666666666662
"2026-06-02 19:21:49","KOSPI기온분석","5도↓",-0.20250000000000004
"2026-06-02 19:21:49","KOSPI기온분석","5~15도",0.19923076923076924
"2026-06-02 19:21:49","KOSPI기온분석","15~22도",0.14292682926829267
"2026-06-02 19:21:49","KOSPI기온분석","22~28도",0.3425581395348838
"2026-06-02 19:21:49","KOSPI기온분석","28도↑",0.09466666666666662
"2026-06-02 19:21:49","KOSPI기온분석","5도↓",-0.20250000000000004
"2026-06-02 19:21:49","KOSPI기온분석","5~15도",0.1705
"2026-06-02 19:21:49","KOSPI기온분석","15~22도",0.14292682926829267
"2026-06-02 19:21:49","KOSPI기온분석","22~28도",0.3425581395348838
"2026-06-02 19:21:49","KOSPI기온분석","28도↑",0.09466666666666662
"2026-06-02 19:21:49","KOSPI기온분석","5도↓",-0.20250000000000004
"2026-06-02 19:21:49","KOSPI기온분석","5~15도",0.17243902439024392
"2026-06-02 19:21:49","KOSPI기온분석","15~22도",0.14292682926829267
"2026-06-02 19:21:49","KOSPI기온분석","22~28도",0.3425581395348838
"2026-06-02 19:21:49","KOSPI기온분석","28도↑",0.09466666666666662
"2026-06-02 19:21:49","KOSPI기온분석","5도↓",-0.20250000000000004
"2026-06-02 19:21:49","KOSPI기온분석","5~15도",0.17523809523809525
"2026-06-02 19:21:49","KOSPI기온분석","15~22도",0.14292682926829267
"2026-06-02 19:21:49","KOSPI기온분석","22~28도",0.3425581395348838
"2026-06-02 19:21:49","KOSPI기온분석","28도↑",0.09466666666666662
"2026-06-02 19:21:49","KOSPI기온분석","5도↓",-0.20250000000000004
"2026-06-02 19:21:49","KOSPI기온분석","5~15도",0.16372093023255815
"2026-06-02 19:21:49","KOSPI기온분석","15~22도",0.14292682926829267
"2026-06-02 19:21:49","KOSPI기온분석","22~28도",0.3425581395348838
"2026-06-02 19:21:49","KOSPI기온분석","28도↑",0.09466666666666662
"2026-06-02 19:21:49","KOSPI기온분석","5도↓",-0.20250000000000004
"2026-06-02 19:21:49","KOSPI기온분석","5~15도",0.1293181818181818
"2026-06-02 19:21:49","KOSPI기온분석","15~22도",0.14292682926829267
"2026-06-02 19:21:49","KOSPI기온분석","22~28도",0.3425581395348838
"2026-06-02 19:21:49","KOSPI기온분석","28도↑",0.09466666666666662
"2026-06-02 19:21:49","KOSPI기온분석","5도↓",-0.20250000000000004
"2026-06-02 19:21:49","KOSPI기온분석","5~15도",0.14733333333333332
"2026-06-02 19:21:49","KOSPI기온분석","15~22도",0.14292682926829267
"2026-06-02 19:21:49","KOSPI기온분석","22~28도",0.3425581395348838
"2026-06-02 19:21:49","KOSPI기온분석","28도↑",0.09466666666666662
"2026-06-02 19:21:49","KOSPI기온분석","5도↓",-0.08600000000000003
"2026-06-02 19:21:49","KOSPI기온분석","5~15도",0.14733333333333332
"2026-06-02 19:21:49","KOSPI기온분석","15~22도",0.14292682926829267
"2026-06-02 19:21:49","KOSPI기온분석","22~28도",0.3425581395348838
"2026-06-02 19:21:49","KOSPI기온분석","28도↑",0.09466666666666662
"2026-06-02 19:21:49","KOSPI기온분석","5도↓",0.014999999999999977
"2026-06-02 19:21:49","KOSPI기온분석","5~15도",0.14733333333333332
"2026-06-02 19:21:49","KOSPI기온분석","15~22도",0.14292682926829267
"2026-06-02 19:21:49","KOSPI기온분석","22~28도",0.3425581395348838
"2026-06-02 19:21:49","KOSPI기온분석","28도↑",0.09466666666666662
"2026-06-02 19:21:50","KOSPI기온분석","5도↓",0.03142857142857141
"2026-06-02 19:21:50","KOSPI기온분석","5~15도",0.14733333333333332
"2026-06-02 19:21:50","KOSPI기온분석","15~22도",0.14292682926829267
"2026-06-02 19:21:50","KOSPI기온분석","22~28도",0.3425581395348838
"2026-06-02 19:21:50","KOSPI기온분석","28도↑",0.09466666666666662
"2026-06-02 19:21:50","KOSPI기온분석","5도↓",0.03142857142857141
"2026-06-02 19:21:50","KOSPI기온분석","5~15도",0.15391304347826085
"2026-06-02 19:21:50","KOSPI기온분석","15~22도",0.14292682926829267
"2026-06-02 19:21:50","KOSPI기온분석","22~28도",0.3425581395348838
"2026-06-02 19:21:50","KOSPI기온분석","28도↑",0.09466666666666662
"2026-06-02 19:21:50","KOSPI기온분석","5도↓",0.185
"2026-06-02 19:21:50","KOSPI기온분석","5~15도",0.15391304347826085
"2026-06-02 19:21:50","KOSPI기온분석","15~22도",0.14292682926829267
"2026-06-02 19:21:50","KOSPI기온분석","22~28도",0.3425581395348838
"2026-06-02 19:21:50","KOSPI기온분석","28도↑",0.09466666666666662
"2026-06-02 19:21:50","KOSPI기온분석","5도↓",0.35
"2026-06-02 19:21:50","KOSPI기온분석","5~15도",0.15391304347826085
"2026-06-02 19:21:50","KOSPI기온분석","15~22도",0.14292682926829267
"2026-06-02 19:21:50","KOSPI기온분석","22~28도",0.3425581395348838
"2026-06-02 19:21:50","KOSPI기온분석","28도↑",0.09466666666666662
"2026-06-02 19:21:50","KOSPI기온분석","5도↓",0.40499999999999997
"2026-06-02 19:21:50","KOSPI기온분석","5~15도",0.15391304347826085
"2026-06-02 19:21:50","KOSPI기온분석","15~22도",0.14292682926829267
"2026-06-02 19:21:50","KOSPI기온분석","22~28도",0.3425581395348838
"2026-06-02 19:21:50","KOSPI기온분석","28도↑",0.09466666666666662
"2026-06-02 19:21:50","KOSPI기온분석","5도↓",0.5081818181818182
"2026-06-02 19:21:50","KOSPI기온분석","5~15도",0.15391304347826085
"2026-06-02 19:21:50","KOSPI기온분석","15~22도",0.14292682926829267
"2026-06-02 19:21:50","KOSPI기온분석","22~28도",0.3425581395348838
"2026-06-02 19:21:50","KOSPI기온분석","28도↑",0.09466666666666662
"2026-06-02 19:21:50","KOSPI기온분석","5도↓",0.49499999999999994
"2026-06-02 19:21:50","KOSPI기온분석","5~15도",0.15391304347826085
"2026-06-02 19:21:50","KOSPI기온분석","15~22도",0.14292682926829267
"2026-06-02 19:21:50","KOSPI기온분석","22~28도",0.3425581395348838
"2026-06-02 19:21:50","KOSPI기온분석","28도↑",0.09466666666666662
"2026-06-02 19:21:50","KOSPI기온분석","5도↓",0.5523076923076923
"2026-06-02 19:21:50","KOSPI기온분석","5~15도",0.15391304347826085
"2026-06-02 19:21:50","KOSPI기온분석","15~22도",0.14292682926829267
"2026-06-02 19:21:50","KOSPI기온분석","22~28도",0.3425581395348838
"2026-06-02 19:21:50","KOSPI기온분석","28도↑",0.09466666666666662
"2026-06-02 19:21:50","KOSPI기온분석","5도↓",0.43785714285714283
"2026-06-02 19:21:50","KOSPI기온분석","5~15도",0.15391304347826085
"2026-06-02 19:21:50","KOSPI기온분석","15~22도",0.14292682926829267
"2026-06-02 19:21:50","KOSPI기온분석","22~28도",0.3425581395348838
"2026-06-02 19:21:50","KOSPI기온분석","28도↑",0.09466666666666662
"2026-06-02 19:21:50","KOSPI기온분석","5도↓",0.502
"2026-06-02 19:21:50","KOSPI기온분석","5~15도",0.15391304347826085
"2026-06-02 19:21:50","KOSPI기온분석","15~22도",0.14292682926829267
"2026-06-02 19:21:50","KOSPI기온분석","22~28도",0.3425581395348838
"2026-06-02 19:21:50","KOSPI기온분석","28도↑",0.09466666666666662
"2026-06-02 19:21:51","KOSPI기온분석","5도↓",0.44187499999999996
"2026-06-02 19:21:51","KOSPI기온분석","5~15도",0.15391304347826085
"2026-06-02 19:21:51","KOSPI기온분석","15~22도",0.14292682926829267
"2026-06-02 19:21:51","KOSPI기온분석","22~28도",0.3425581395348838
"2026-06-02 19:21:51","KOSPI기온분석","28도↑",0.09466666666666662
"2026-06-02 19:21:51","KOSPI기온분석","5도↓",0.4558823529411764
"2026-06-02 19:21:51","KOSPI기온분석","5~15도",0.15391304347826085
"2026-06-02 19:21:51","KOSPI기온분석","15~22도",0.14292682926829267
"2026-06-02 19:21:51","KOSPI기온분석","22~28도",0.3425581395348838
"2026-06-02 19:21:51","KOSPI기온분석","28도↑",0.09466666666666662
"2026-06-02 19:21:51","KOSPI기온분석","5도↓",0.4588888888888889
"2026-06-02 19:21:51","KOSPI기온분석","5~15도",0.15391304347826085
"2026-06-02 19:21:51","KOSPI기온분석","15~22도",0.14292682926829267
"2026-06-02 19:21:51","KOSPI기온분석","22~28도",0.3425581395348838
"2026-06-02 19:21:51","KOSPI기온분석","28도↑",0.09466666666666662
"2026-06-02 19:21:51","KOSPI기온분석","5도↓",0.41368421052631577
"2026-06-02 19:21:51","KOSPI기온분석","5~15도",0.15391304347826085
"2026-06-02 19:21:51","KOSPI기온분석","15~22도",0.14292682926829267
"2026-06-02 19:21:51","KOSPI기온분석","22~28도",0.3425581395348838
"2026-06-02 19:21:51","KOSPI기온분석","28도↑",0.09466666666666662
"2026-06-02 19:21:51","KOSPI기온분석","5도↓",0.39149999999999996
"2026-06-02 19:21:51","KOSPI기온분석","5~15도",0.15391304347826085
"2026-06-02 19:21:51","KOSPI기온분석","15~22도",0.14292682926829267
"2026-06-02 19:21:51","KOSPI기온분석","22~28도",0.3425581395348838
"2026-06-02 19:21:51","KOSPI기온분석","28도↑",0.09466666666666662
"2026-06-02 19:21:51","KOSPI기온분석","5도↓",0.25619047619047614
"2026-06-02 19:21:51","KOSPI기온분석","5~15도",0.15391304347826085
"2026-06-02 19:21:51","KOSPI기온분석","15~22도",0.14292682926829267
"2026-06-02 19:21:51","KOSPI기온분석","22~28도",0.3425581395348838
"2026-06-02 19:21:51","KOSPI기온분석","28도↑",0.09466666666666662
"2026-06-02 19:21:51","KOSPI기온분석","5도↓",0.30499999999999994
"2026-06-02 19:21:51","KOSPI기온분석","5~15도",0.15391304347826085
"2026-06-02 19:21:51","KOSPI기온분석","15~22도",0.14292682926829267
"2026-06-02 19:21:51","KOSPI기온분석","22~28도",0.3425581395348838
"2026-06-02 19:21:51","KOSPI기온분석","28도↑",0.09466666666666662
"2026-06-02 19:21:51","KOSPI기온분석","5도↓",0.2834782608695652
"2026-06-02 19:21:51","KOSPI기온분석","5~15도",0.15391304347826085
"2026-06-02 19:21:51","KOSPI기온분석","15~22도",0.14292682926829267
"2026-06-02 19:21:51","KOSPI기온분석","22~28도",0.3425581395348838
"2026-06-02 19:21:51","KOSPI기온분석","28도↑",0.09466666666666662
"2026-06-02 19:21:51","KOSPI기온분석","5도↓",0.30958333333333327
"2026-06-02 19:21:51","KOSPI기온분석","5~15도",0.15391304347826085
"2026-06-02 19:21:51","KOSPI기온분석","15~22도",0.14292682926829267
"2026-06-02 19:21:51","KOSPI기온분석","22~28도",0.3425581395348838
"2026-06-02 19:21:51","KOSPI기온분석","28도↑",0.09466666666666662
"2026-06-02 19:21:51","KOSPI기온분석","5도↓",0.40519999999999995
"2026-06-02 19:21:51","KOSPI기온분석","5~15도",0.15391304347826085
"2026-06-02 19:21:51","KOSPI기온분석","15~22도",0.14292682926829267
"2026-06-02 19:21:51","KOSPI기온분석","22~28도",0.3425581395348838
"2026-06-02 19:21:51","KOSPI기온분석","28도↑",0.09466666666666662
"2026-06-02 19:21:52","KOSPI기온분석","5도↓",0.3896153846153846
"2026-06-02 19:21:52","KOSPI기온분석","5~15도",0.15391304347826085
"2026-06-02 19:21:52","KOSPI기온분석","15~22도",0.14292682926829267
"2026-06-02 19:21:52","KOSPI기온분석","22~28도",0.3425581395348838
"2026-06-02 19:21:52","KOSPI기온분석","28도↑",0.09466666666666662
"2026-06-02 19:21:52","KOSPI기온분석","5도↓",0.43925925925925924
"2026-06-02 19:21:52","KOSPI기온분석","5~15도",0.15391304347826085
"2026-06-02 19:21:52","KOSPI기온분석","15~22도",0.14292682926829267
"2026-06-02 19:21:52","KOSPI기온분석","22~28도",0.3425581395348838
"2026-06-02 19:21:52","KOSPI기온분석","28도↑",0.09466666666666662
"2026-06-02 19:21:52","KOSPI기온분석","5도↓",0.3978571428571428
"2026-06-02 19:21:52","KOSPI기온분석","5~15도",0.15391304347826085
"2026-06-02 19:21:52","KOSPI기온분석","15~22도",0.14292682926829267
"2026-06-02 19:21:52","KOSPI기온분석","22~28도",0.3425581395348838
"2026-06-02 19:21:52","KOSPI기온분석","28도↑",0.09466666666666662
"2026-06-02 19:21:52","KOSPI기온분석","5도↓",0.36241379310344823
"2026-06-02 19:21:52","KOSPI기온분석","5~15도",0.15391304347826085
"2026-06-02 19:21:52","KOSPI기온분석","15~22도",0.14292682926829267
"2026-06-02 19:21:52","KOSPI기온분석","22~28도",0.3425581395348838
"2026-06-02 19:21:52","KOSPI기온분석","28도↑",0.09466666666666662
"2026-06-02 19:21:52","KOSPI기온분석","5도↓",0.4396666666666666
"2026-06-02 19:21:52","KOSPI기온분석","5~15도",0.15391304347826085
"2026-06-02 19:21:52","KOSPI기온분석","15~22도",0.14292682926829267
"2026-06-02 19:21:52","KOSPI기온분석","22~28도",0.3425581395348838
"2026-06-02 19:21:52","KOSPI기온분석","28도↑",0.09466666666666662
"2026-06-02 19:21:52","KOSPI기온분석","5도↓",0.5058064516129032
"2026-06-02 19:21:52","KOSPI기온분석","5~15도",0.15391304347826085
"2026-06-02 19:21:52","KOSPI기온분석","15~22도",0.14292682926829267
"2026-06-02 19:21:52","KOSPI기온분석","22~28도",0.3425581395348838
"2026-06-02 19:21:52","KOSPI기온분석","28도↑",0.09466666666666662
"2026-06-02 19:21:52","KOSPI기온분석","5도↓",0.49031249999999993
"2026-06-02 19:21:52","KOSPI기온분석","5~15도",0.15391304347826085
"2026-06-02 19:21:52","KOSPI기온분석","15~22도",0.14292682926829267
"2026-06-02 19:21:52","KOSPI기온분석","22~28도",0.3425581395348838
"2026-06-02 19:21:52","KOSPI기온분석","28도↑",0.09466666666666662
"2026-06-02 19:21:52","KOSPI기온분석","5도↓",0.5287878787878788
"2026-06-02 19:21:52","KOSPI기온분석","5~15도",0.15391304347826085
"2026-06-02 19:21:52","KOSPI기온분석","15~22도",0.14292682926829267
"2026-06-02 19:21:52","KOSPI기온분석","22~28도",0.3425581395348838
"2026-06-02 19:21:52","KOSPI기온분석","28도↑",0.09466666666666662
"2026-06-02 19:21:52","KOSPI기온분석","5도↓",0.5202941176470588
"2026-06-02 19:21:52","KOSPI기온분석","5~15도",0.15391304347826085
"2026-06-02 19:21:52","KOSPI기온분석","15~22도",0.14292682926829267
"2026-06-02 19:21:52","KOSPI기온분석","22~28도",0.3425581395348838
"2026-06-02 19:21:52","KOSPI기온분석","28도↑",0.09466666666666662
"2026-06-02 19:21:52","KOSPI기온분석","5도↓",0.5499999999999999
"2026-06-02 19:21:52","KOSPI기온분석","5~15도",0.15391304347826085
"2026-06-02 19:21:52","KOSPI기온분석","15~22도",0.14292682926829267
"2026-06-02 19:21:52","KOSPI기온분석","22~28도",0.3425581395348838
"2026-06-02 19:21:52","KOSPI기온분석","28도↑",0.09466666666666662
"2026-06-02 19:21:53","KOSPI기온분석","5도↓",0.5074999999999998
"2026-06-02 19:21:53","KOSPI기온분석","5~15도",0.15391304347826085
"2026-06-02 19:21:53","KOSPI기온분석","15~22도",0.14292682926829267
"2026-06-02 19:21:53","KOSPI기온분석","22~28도",0.3425581395348838
"2026-06-02 19:21:53","KOSPI기온분석","28도↑",0.09466666666666662
"2026-06-02 19:21:53","KOSPI기온분석","5도↓",0.5613513513513513
"2026-06-02 19:21:53","KOSPI기온분석","5~15도",0.15391304347826085
"2026-06-02 19:21:53","KOSPI기온분석","15~22도",0.14292682926829267
"2026-06-02 19:21:53","KOSPI기온분석","22~28도",0.3425581395348838
"2026-06-02 19:21:53","KOSPI기온분석","28도↑",0.09466666666666662
"2026-06-02 19:21:53","KOSPI기온분석","5도↓",0.6142105263157894
"2026-06-02 19:21:53","KOSPI기온분석","5~15도",0.15391304347826085
"2026-06-02 19:21:53","KOSPI기온분석","15~22도",0.14292682926829267
"2026-06-02 19:21:53","KOSPI기온분석","22~28도",0.3425581395348838
"2026-06-02 19:21:53","KOSPI기온분석","28도↑",0.09466666666666662
"2026-06-02 19:21:53","KOSPI기온분석","5도↓",0.5779487179487178
"2026-06-02 19:21:53","KOSPI기온분석","5~15도",0.15391304347826085
"2026-06-02 19:21:53","KOSPI기온분석","15~22도",0.14292682926829267
"2026-06-02 19:21:53","KOSPI기온분석","22~28도",0.3425581395348838
"2026-06-02 19:21:53","KOSPI기온분석","28도↑",0.09466666666666662
"2026-06-02 19:21:53","KOSPI기온분석","5도↓",0.6074999999999999
"2026-06-02 19:21:53","KOSPI기온분석","5~15도",0.15391304347826085
"2026-06-02 19:21:53","KOSPI기온분석","15~22도",0.14292682926829267
"2026-06-02 19:21:53","KOSPI기온분석","22~28도",0.3425581395348838
"2026-06-02 19:21:53","KOSPI기온분석","28도↑",0.09466666666666662
"2026-06-02 19:21:53","KOSPI기온분석","5도↓",0.5960975609756097
"2026-06-02 19:21:53","KOSPI기온분석","5~15도",0.15391304347826085
"2026-06-02 19:21:53","KOSPI기온분석","15~22도",0.14292682926829267
"2026-06-02 19:21:53","KOSPI기온분석","22~28도",0.3425581395348838
"2026-06-02 19:21:53","KOSPI기온분석","28도↑",0.09466666666666662
"2026-06-02 19:21:53","KOSPI기온분석","5도↓",0.5938095238095238
"2026-06-02 19:21:53","KOSPI기온분석","5~15도",0.15391304347826085
"2026-06-02 19:21:53","KOSPI기온분석","15~22도",0.14292682926829267
"2026-06-02 19:21:53","KOSPI기온분석","22~28도",0.3425581395348838
"2026-06-02 19:21:53","KOSPI기온분석","28도↑",0.09466666666666662
"2026-06-02 19:21:53","KOSPI기온분석","5도↓",0.6446511627906977
"2026-06-02 19:21:53","KOSPI기온분석","5~15도",0.15391304347826085
"2026-06-02 19:21:53","KOSPI기온분석","15~22도",0.14292682926829267
"2026-06-02 19:21:53","KOSPI기온분석","22~28도",0.3425581395348838
"2026-06-02 19:21:53","KOSPI기온분석","28도↑",0.09466666666666662
"2026-06-02 19:21:53","KOSPI기온분석","5도↓",0.5761363636363636
"2026-06-02 19:21:53","KOSPI기온분석","5~15도",0.15391304347826085
"2026-06-02 19:21:53","KOSPI기온분석","15~22도",0.14292682926829267
"2026-06-02 19:21:53","KOSPI기온분석","22~28도",0.3425581395348838
"2026-06-02 19:21:53","KOSPI기온분석","28도↑",0.09466666666666662
"2026-06-02 19:21:53","KOSPI기온분석","5도↓",0.49999999999999994
"2026-06-02 19:21:53","KOSPI기온분석","5~15도",0.15391304347826085
"2026-06-02 19:21:53","KOSPI기온분석","15~22도",0.14292682926829267
"2026-06-02 19:21:53","KOSPI기온분석","22~28도",0.3425581395348838
"2026-06-02 19:21:53","KOSPI기온분석","28도↑",0.09466666666666662
"2026-06-02 19:21:54","KOSPI기온분석","5도↓",0.5010869565217391
"2026-06-02 19:21:54","KOSPI기온분석","5~15도",0.15391304347826085
"2026-06-02 19:21:54","KOSPI기온분석","15~22도",0.14292682926829267
"2026-06-02 19:21:54","KOSPI기온분석","22~28도",0.3425581395348838
"2026-06-02 19:21:54","KOSPI기온분석","28도↑",0.09466666666666662
"2026-06-02 19:21:54","KOSPI기온분석","5도↓",0.45191489361702125
"2026-06-02 19:21:54","KOSPI기온분석","5~15도",0.15391304347826085
"2026-06-02 19:21:54","KOSPI기온분석","15~22도",0.14292682926829267
"2026-06-02 19:21:54","KOSPI기온분석","22~28도",0.3425581395348838
"2026-06-02 19:21:54","KOSPI기온분석","28도↑",0.09466666666666662
"2026-06-02 19:21:54","KOSPI기온분석","5도↓",0.5054166666666666
"2026-06-02 19:21:54","KOSPI기온분석","5~15도",0.15391304347826085
"2026-06-02 19:21:54","KOSPI기온분석","15~22도",0.14292682926829267
"2026-06-02 19:21:54","KOSPI기온분석","22~28도",0.3425581395348838
"2026-06-02 19:21:54","KOSPI기온분석","28도↑",0.09466666666666662
"2026-06-02 19:21:54","KOSPI기온분석","5도↓",0.5116326530612244
"2026-06-02 19:21:54","KOSPI기온분석","5~15도",0.15391304347826085
"2026-06-02 19:21:54","KOSPI기온분석","15~22도",0.14292682926829267
"2026-06-02 19:21:54","KOSPI기온분석","22~28도",0.3425581395348838
"2026-06-02 19:21:54","KOSPI기온분석","28도↑",0.09466666666666662
"2026-06-02 19:21:54","KOSPI기온분석","5도↓",0.5227999999999999
"2026-06-02 19:21:54","KOSPI기온분석","5~15도",0.15391304347826085
"2026-06-02 19:21:54","KOSPI기온분석","15~22도",0.14292682926829267
"2026-06-02 19:21:54","KOSPI기온분석","22~28도",0.3425581395348838
"2026-06-02 19:21:54","KOSPI기온분석","28도↑",0.09466666666666662
"2026-06-02 19:21:54","KOSPI기온분석","5도↓",0.522156862745098
"2026-06-02 19:21:54","KOSPI기온분석","5~15도",0.15391304347826085
"2026-06-02 19:21:54","KOSPI기온분석","15~22도",0.14292682926829267
"2026-06-02 19:21:54","KOSPI기온분석","22~28도",0.3425581395348838
"2026-06-02 19:21:54","KOSPI기온분석","28도↑",0.09466666666666662
"2026-06-02 19:21:54","KOSPI기온분석","5도↓",0.4388461538461538
"2026-06-02 19:21:54","KOSPI기온분석","5~15도",0.15391304347826085
"2026-06-02 19:21:54","KOSPI기온분석","15~22도",0.14292682926829267
"2026-06-02 19:21:54","KOSPI기온분석","22~28도",0.3425581395348838
"2026-06-02 19:21:54","KOSPI기온분석","28도↑",0.09466666666666662
"2026-06-02 19:21:54","KOSPI기온분석","5도↓",0.4388461538461538
"2026-06-02 19:21:54","KOSPI기온분석","5~15도",0.19191489361702127
"2026-06-02 19:21:54","KOSPI기온분석","15~22도",0.14292682926829267
"2026-06-02 19:21:54","KOSPI기온분석","22~28도",0.3425581395348838
"2026-06-02 19:21:54","KOSPI기온분석","28도↑",0.09466666666666662
"2026-06-02 19:21:54","KOSPI기온분석","5도↓",0.3679245283018867
"2026-06-02 19:21:54","KOSPI기온분석","5~15도",0.19191489361702127
"2026-06-02 19:21:54","KOSPI기온분석","15~22도",0.14292682926829267
"2026-06-02 19:21:54","KOSPI기온분석","22~28도",0.3425581395348838
"2026-06-02 19:21:54","KOSPI기온분석","28도↑",0.09466666666666662
"2026-06-02 19:21:54","KOSPI기온분석","5도↓",0.34981481481481475
"2026-06-02 19:21:54","KOSPI기온분석","5~15도",0.19191489361702127
"2026-06-02 19:21:54","KOSPI기온분석","15~22도",0.14292682926829267
"2026-06-02 19:21:54","KOSPI기온분석","22~28도",0.3425581395348838
"2026-06-02 19:21:54","KOSPI기온분석","28도↑",0.09466666666666662
"2026-06-02 19:21:55","KOSPI기온분석","5도↓",0.3783636363636363
"2026-06-02 19:21:55","KOSPI기온분석","5~15도",0.19191489361702127
"2026-06-02 19:21:55","KOSPI기온분석","15~22도",0.14292682926829267
"2026-06-02 19:21:55","KOSPI기온분석","22~28도",0.3425581395348838
"2026-06-02 19:21:55","KOSPI기온분석","28도↑",0.09466666666666662
"2026-06-02 19:21:55","KOSPI기온분석","5도↓",0.3039285714285714
"2026-06-02 19:21:55","KOSPI기온분석","5~15도",0.19191489361702127
"2026-06-02 19:21:55","KOSPI기온분석","15~22도",0.14292682926829267
"2026-06-02 19:21:55","KOSPI기온분석","22~28도",0.3425581395348838
"2026-06-02 19:21:55","KOSPI기온분석","28도↑",0.09466666666666662
"2026-06-02 19:21:55","KOSPI기온분석","5도↓",0.3039285714285714
"2026-06-02 19:21:55","KOSPI기온분석","5~15도",0.18395833333333333
"2026-06-02 19:21:55","KOSPI기온분석","15~22도",0.14292682926829267
"2026-06-02 19:21:55","KOSPI기온분석","22~28도",0.3425581395348838
"2026-06-02 19:21:55","KOSPI기온분석","28도↑",0.09466666666666662
"2026-06-02 19:21:55","KOSPI기온분석","5도↓",0.30385964912280694
"2026-06-02 19:21:55","KOSPI기온분석","5~15도",0.18395833333333333
"2026-06-02 19:21:55","KOSPI기온분석","15~22도",0.14292682926829267
"2026-06-02 19:21:55","KOSPI기온분석","22~28도",0.3425581395348838
"2026-06-02 19:21:55","KOSPI기온분석","28도↑",0.09466666666666662
"2026-06-02 19:21:55","KOSPI기온분석","5도↓",0.344655172413793
"2026-06-02 19:21:55","KOSPI기온분석","5~15도",0.18395833333333333
"2026-06-02 19:21:55","KOSPI기온분석","15~22도",0.14292682926829267
"2026-06-02 19:21:55","KOSPI기온분석","22~28도",0.3425581395348838
"2026-06-02 19:21:55","KOSPI기온분석","28도↑",0.09466666666666662
"2026-06-02 19:21:55","KOSPI기온분석","5도↓",0.344655172413793
"2026-06-02 19:21:55","KOSPI기온분석","5~15도",0.1936734693877551
"2026-06-02 19:21:55","KOSPI기온분석","15~22도",0.14292682926829267
"2026-06-02 19:21:55","KOSPI기온분석","22~28도",0.3425581395348838
"2026-06-02 19:21:55","KOSPI기온분석","28도↑",0.09466666666666662
"2026-06-02 19:21:55","KOSPI기온분석","5도↓",0.344655172413793
"2026-06-02 19:21:55","KOSPI기온분석","5~15도",0.15960000000000002
"2026-06-02 19:21:55","KOSPI기온분석","15~22도",0.14292682926829267
"2026-06-02 19:21:55","KOSPI기온분석","22~28도",0.3425581395348838
"2026-06-02 19:21:55","KOSPI기온분석","28도↑",0.09466666666666662
"2026-06-02 19:21:55","KOSPI기온분석","5도↓",0.344655172413793
"2026-06-02 19:21:55","KOSPI기온분석","5~15도",0.15333333333333335
"2026-06-02 19:21:55","KOSPI기온분석","15~22도",0.14292682926829267
"2026-06-02 19:21:55","KOSPI기온분석","22~28도",0.3425581395348838
"2026-06-02 19:21:55","KOSPI기온분석","28도↑",0.09466666666666662
"2026-06-02 19:21:55","KOSPI기온분석","5도↓",0.37101694915254224
"2026-06-02 19:21:55","KOSPI기온분석","5~15도",0.15333333333333335
"2026-06-02 19:21:55","KOSPI기온분석","15~22도",0.14292682926829267
"2026-06-02 19:21:55","KOSPI기온분석","22~28도",0.3425581395348838
"2026-06-02 19:21:55","KOSPI기온분석","28도↑",0.09466666666666662
"2026-06-02 19:21:55","KOSPI기온분석","5도↓",0.37101694915254224
"2026-06-02 19:21:55","KOSPI기온분석","5~15도",0.17038461538461538
"2026-06-02 19:21:55","KOSPI기온분석","15~22도",0.14292682926829267
"2026-06-02 19:21:55","KOSPI기온분석","22~28도",0.3425581395348838
"2026-06-02 19:21:55","KOSPI기온분석","28도↑",0.09466666666666662
"2026-06-02 19:21:56","KOSPI기온분석","5도↓",0.37101694915254224
"2026-06-02 19:21:56","KOSPI기온분석","5~15도",0.16358490566037737
"2026-06-02 19:21:56","KOSPI기온분석","15~22도",0.14292682926829267
"2026-06-02 19:21:56","KOSPI기온분석","22~28도",0.3425581395348838
"2026-06-02 19:21:56","KOSPI기온분석","28도↑",0.09466666666666662
"2026-06-02 19:21:56","KOSPI기온분석","5도↓",0.37101694915254224
"2026-06-02 19:21:56","KOSPI기온분석","5~15도",0.1935185185185185
"2026-06-02 19:21:56","KOSPI기온분석","15~22도",0.14292682926829267
"2026-06-02 19:21:56","KOSPI기온분석","22~28도",0.3425581395348838
"2026-06-02 19:21:56","KOSPI기온분석","28도↑",0.09466666666666662
"2026-06-02 19:21:56","KOSPI기온분석","5도↓",0.38716666666666655
"2026-06-02 19:21:56","KOSPI기온분석","5~15도",0.1935185185185185
"2026-06-02 19:21:56","KOSPI기온분석","15~22도",0.14292682926829267
"2026-06-02 19:21:56","KOSPI기온분석","22~28도",0.3425581395348838
"2026-06-02 19:21:56","KOSPI기온분석","28도↑",0.09466666666666662
"2026-06-02 19:21:56","KOSPI기온분석","5도↓",0.3763934426229507
"2026-06-02 19:21:56","KOSPI기온분석","5~15도",0.1935185185185185
"2026-06-02 19:21:56","KOSPI기온분석","15~22도",0.14292682926829267
"2026-06-02 19:21:56","KOSPI기온분석","22~28도",0.3425581395348838
"2026-06-02 19:21:56","KOSPI기온분석","28도↑",0.09466666666666662
"2026-06-02 19:21:56","KOSPI기온분석","5도↓",0.36693548387096764
"2026-06-02 19:21:56","KOSPI기온분석","5~15도",0.1935185185185185
"2026-06-02 19:21:56","KOSPI기온분석","15~22도",0.14292682926829267
"2026-06-02 19:21:56","KOSPI기온분석","22~28도",0.3425581395348838
"2026-06-02 19:21:56","KOSPI기온분석","28도↑",0.09466666666666662
"2026-06-02 19:21:56","KOSPI기온분석","5도↓",0.35174603174603164
"2026-06-02 19:21:56","KOSPI기온분석","5~15도",0.1935185185185185
"2026-06-02 19:21:56","KOSPI기온분석","15~22도",0.14292682926829267
"2026-06-02 19:21:56","KOSPI기온분석","22~28도",0.3425581395348838
"2026-06-02 19:21:56","KOSPI기온분석","28도↑",0.09466666666666662
"2026-06-02 19:21:56","KOSPI기온분석","5도↓",0.35174603174603164
"2026-06-02 19:21:56","KOSPI기온분석","5~15도",0.21509090909090905
"2026-06-02 19:21:56","KOSPI기온분석","15~22도",0.14292682926829267
"2026-06-02 19:21:56","KOSPI기온분석","22~28도",0.3425581395348838
"2026-06-02 19:21:56","KOSPI기온분석","28도↑",0.09466666666666662
"2026-06-02 19:21:56","KOSPI기온분석","5도↓",0.35174603174603164
"2026-06-02 19:21:56","KOSPI기온분석","5~15도",0.1783928571428571
"2026-06-02 19:21:56","KOSPI기온분석","15~22도",0.14292682926829267
"2026-06-02 19:21:56","KOSPI기온분석","22~28도",0.3425581395348838
"2026-06-02 19:21:56","KOSPI기온분석","28도↑",0.09466666666666662
"2026-06-02 19:21:56","KOSPI기온분석","5도↓",0.35174603174603164
"2026-06-02 19:21:56","KOSPI기온분석","5~15도",0.13596491228070173
"2026-06-02 19:21:56","KOSPI기온분석","15~22도",0.14292682926829267
"2026-06-02 19:21:56","KOSPI기온분석","22~28도",0.3425581395348838
"2026-06-02 19:21:56","KOSPI기온분석","28도↑",0.09466666666666662
"2026-06-02 19:21:56","KOSPI기온분석","5도↓",0.35174603174603164
"2026-06-02 19:21:56","KOSPI기온분석","5~15도",0.1582758620689655
"2026-06-02 19:21:56","KOSPI기온분석","15~22도",0.14292682926829267
"2026-06-02 19:21:56","KOSPI기온분석","22~28도",0.3425581395348838
"2026-06-02 19:21:56","KOSPI기온분석","28도↑",0.09466666666666662
"2026-06-02 19:21:57","KOSPI기온분석","5도↓",0.35174603174603164
"2026-06-02 19:21:57","KOSPI기온분석","5~15도",0.1296610169491525
"2026-06-02 19:21:57","KOSPI기온분석","15~22도",0.14292682926829267
"2026-06-02 19:21:57","KOSPI기온분석","22~28도",0.3425581395348838
"2026-06-02 19:21:57","KOSPI기온분석","28도↑",0.09466666666666662
"2026-06-02 19:21:57","KOSPI기온분석","5도↓",0.35174603174603164
"2026-06-02 19:21:57","KOSPI기온분석","5~15도",0.13833333333333328
"2026-06-02 19:21:57","KOSPI기온분석","15~22도",0.14292682926829267
"2026-06-02 19:21:57","KOSPI기온분석","22~28도",0.3425581395348838
"2026-06-02 19:21:57","KOSPI기온분석","28도↑",0.09466666666666662
"2026-06-02 19:21:57","KOSPI기온분석","5도↓",0.35174603174603164
"2026-06-02 19:21:57","KOSPI기온분석","5~15도",0.17081967213114752
"2026-06-02 19:21:57","KOSPI기온분석","15~22도",0.14292682926829267
"2026-06-02 19:21:57","KOSPI기온분석","22~28도",0.3425581395348838
"2026-06-02 19:21:57","KOSPI기온분석","28도↑",0.09466666666666662
"2026-06-02 19:21:57","KOSPI기온분석","5도↓",0.35174603174603164
"2026-06-02 19:21:57","KOSPI기온분석","5~15도",0.1725806451612903
"2026-06-02 19:21:57","KOSPI기온분석","15~22도",0.14292682926829267
"2026-06-02 19:21:57","KOSPI기온분석","22~28도",0.3425581395348838
"2026-06-02 19:21:57","KOSPI기온분석","28도↑",0.09466666666666662
"2026-06-02 19:21:57","KOSPI기온분석","5도↓",0.35174603174603164
"2026-06-02 19:21:57","KOSPI기온분석","5~15도",0.16650793650793647
"2026-06-02 19:21:57","KOSPI기온분석","15~22도",0.14292682926829267
"2026-06-02 19:21:57","KOSPI기온분석","22~28도",0.3425581395348838
"2026-06-02 19:21:57","KOSPI기온분석","28도↑",0.09466666666666662
"2026-06-02 19:21:57","KOSPI기온분석","5도↓",0.35174603174603164
"2026-06-02 19:21:57","KOSPI기온분석","5~15도",0.17187499999999994
"2026-06-02 19:21:57","KOSPI기온분석","15~22도",0.14292682926829267
"2026-06-02 19:21:57","KOSPI기온분석","22~28도",0.3425581395348838
"2026-06-02 19:21:57","KOSPI기온분석","28도↑",0.09466666666666662
"2026-06-02 19:21:57","KOSPI기온분석","5도↓",0.35174603174603164
"2026-06-02 19:21:57","KOSPI기온분석","5~15도",0.20307692307692302
"2026-06-02 19:21:57","KOSPI기온분석","15~22도",0.14292682926829267
"2026-06-02 19:21:57","KOSPI기온분석","22~28도",0.3425581395348838
"2026-06-02 19:21:57","KOSPI기온분석","28도↑",0.09466666666666662
"2026-06-02 19:21:57","KOSPI기온분석","5도↓",0.35174603174603164
"2026-06-02 19:21:57","KOSPI기온분석","5~15도",0.20307692307692302
"2026-06-02 19:21:57","KOSPI기온분석","15~22도",0.13595238095238094
"2026-06-02 19:21:57","KOSPI기온분석","22~28도",0.3425581395348838
"2026-06-02 19:21:57","KOSPI기온분석","28도↑",0.09466666666666662
"2026-06-02 19:27:59","KOSPI기온분석","5도↓",0,0.0
"2026-06-02 19:27:59","KOSPI기온분석","5~15도",1,-0.02
"2026-06-02 19:27:59","KOSPI기온분석","15~22도",0,0.0
"2026-06-02 19:27:59","KOSPI기온분석","22~28도",0,0.0
"2026-06-02 19:27:59","KOSPI기온분석","28도↑",0,0.0
"2026-06-02 19:27:59","KOSPI기온분석","5도↓",0,0.0
"2026-06-02 19:27:59","KOSPI기온분석","5~15도",2,0.885
"2026-06-02 19:27:59","KOSPI기온분석","15~22도",0,0.0
"2026-06-02 19:27:59","KOSPI기온분석","22~28도",0,0.0
"2026-06-02 19:27:59","KOSPI기온분석","28도↑",0,0.0
"2026-06-02 19:27:59","KOSPI기온분석","5도↓",0,0.0
"2026-06-02 19:27:59","KOSPI기온분석","5~15도",3,1.2266666666666666
"2026-06-02 19:27:59","KOSPI기온분석","15~22도",0,0.0
"2026-06-02 19:27:59","KOSPI기온분석","22~28도",0,0.0
"2026-06-02 19:27:59","KOSPI기온분석","28도↑",0,0.0
"2026-06-02 19:27:59","KOSPI기온분석","5도↓",0,0.0
"2026-06-02 19:27:59","KOSPI기온분석","5~15도",4,0.955
"2026-06-02 19:27:59","KOSPI기온분석","15~22도",0,0.0
"2026-06-02 19:27:59","KOSPI기온분석","22~28도",0,0.0
"2026-06-02 19:27:59","KOSPI기온분석","28도↑",0,0.0
"2026-06-02 19:27:59","KOSPI기온분석","5도↓",0,0.0
"2026-06-02 19:27:59","KOSPI기온분석","5~15도",5,0.9959999999999999
"2026-06-02 19:27:59","KOSPI기온분석","15~22도",0,0.0
"2026-06-02 19:27:59","KOSPI기온분석","22~28도",0,0.0
"2026-06-02 19:27:59","KOSPI기온분석","28도↑",0,0.0
"2026-06-02 19:28:00","KOSPI기온분석","5도↓",0,0.0
"2026-06-02 19:28:00","KOSPI기온분석","5~15도",6,0.835
"2026-06-02 19:28:00","KOSPI기온분석","15~22도",0,0.0
"2026-06-02 19:28:00","KOSPI기온분석","22~28도",0,0.0
"2026-06-02 19:28:00","KOSPI기온분석","28도↑",0,0.0
"2026-06-02 19:28:00","KOSPI기온분석","5도↓",0,0.0
"2026-06-02 19:28:00","KOSPI기온분석","5~15도",7,0.6814285714285714
"2026-06-02 19:28:00","KOSPI기온분석","15~22도",0,0.0
"2026-06-02 19:28:00","KOSPI기온분석","22~28도",0,0.0
"2026-06-02 19:28:00","KOSPI기온분석","28도↑",0,0.0
"2026-06-02 19:28:00","KOSPI기온분석","5도↓",0,0.0
"2026-06-02 19:28:00","KOSPI기온분석","5~15도",8,0.46624999999999994
"2026-06-02 19:28:00","KOSPI기온분석","15~22도",0,0.0
"2026-06-02 19:28:00","KOSPI기온분석","22~28도",0,0.0
"2026-06-02 19:28:00","KOSPI기온분석","28도↑",0,0.0
"2026-06-02 19:28:00","KOSPI기온분석","5도↓",1,0.31
"2026-06-02 19:28:00","KOSPI기온분석","5~15도",8,0.46624999999999994
"2026-06-02 19:28:00","KOSPI기온분석","15~22도",0,0.0
"2026-06-02 19:28:00","KOSPI기온분석","22~28도",0,0.0
"2026-06-02 19:28:00","KOSPI기온분석","28도↑",0,0.0
"2026-06-02 19:28:00","KOSPI기온분석","5도↓",1,0.31
"2026-06-02 19:28:00","KOSPI기온분석","5~15도",9,0.41222222222222216
"2026-06-02 19:28:00","KOSPI기온분석","15~22도",0,0.0
"2026-06-02 19:28:00","KOSPI기온분석","22~28도",0,0.0
"2026-06-02 19:28:00","KOSPI기온분석","28도↑",0,0.0
"2026-06-02 19:28:00","KOSPI기온분석","5도↓",1,0.31
"2026-06-02 19:28:00","KOSPI기온분석","5~15도",10,0.49399999999999994
"2026-06-02 19:28:00","KOSPI기온분석","15~22도",0,0.0
"2026-06-02 19:28:00","KOSPI기온분석","22~28도",0,0.0
"2026-06-02 19:28:00","KOSPI기온분석","28도↑",0,0.0
"2026-06-02 19:28:00","KOSPI기온분석","5도↓",1,0.31
"2026-06-02 19:28:00","KOSPI기온분석","5~15도",10,0.49399999999999994
"2026-06-02 19:28:00","KOSPI기온분석","15~22도",1,-0.16
"2026-06-02 19:28:00","KOSPI기온분석","22~28도",0,0.0
"2026-06-02 19:28:00","KOSPI기온분석","28도↑",0,0.0
"2026-06-02 19:28:00","KOSPI기온분석","5도↓",1,0.31
"2026-06-02 19:28:00","KOSPI기온분석","5~15도",10,0.49399999999999994
"2026-06-02 19:28:00","KOSPI기온분석","15~22도",2,-0.15000000000000002
"2026-06-02 19:28:00","KOSPI기온분석","22~28도",0,0.0
"2026-06-02 19:28:00","KOSPI기온분석","28도↑",0,0.0
"2026-06-02 19:28:00","KOSPI기온분석","5도↓",1,0.31
"2026-06-02 19:28:00","KOSPI기온분석","5~15도",10,0.49399999999999994
"2026-06-02 19:28:00","KOSPI기온분석","15~22도",3,-0.12666666666666668
"2026-06-02 19:28:00","KOSPI기온분석","22~28도",0,0.0
"2026-06-02 19:28:00","KOSPI기온분석","28도↑",0,0.0
"2026-06-02 19:28:00","KOSPI기온분석","5도↓",1,0.31
"2026-06-02 19:28:00","KOSPI기온분석","5~15도",10,0.49399999999999994
"2026-06-02 19:28:00","KOSPI기온분석","15~22도",4,0.19249999999999995
"2026-06-02 19:28:00","KOSPI기온분석","22~28도",0,0.0
"2026-06-02 19:28:00","KOSPI기온분석","28도↑",0,0.0
"2026-06-02 19:28:01","KOSPI기온분석","5도↓",1,0.31
"2026-06-02 19:28:01","KOSPI기온분석","5~15도",10,0.49399999999999994
"2026-06-02 19:28:01","KOSPI기온분석","15~22도",5,-0.09400000000000004
"2026-06-02 19:28:01","KOSPI기온분석","22~28도",0,0.0
"2026-06-02 19:28:01","KOSPI기온분석","28도↑",0,0.0
"2026-06-02 19:28:01","KOSPI기온분석","5도↓",1,0.31
"2026-06-02 19:28:01","KOSPI기온분석","5~15도",11,0.5263636363636363
"2026-06-02 19:28:01","KOSPI기온분석","15~22도",5,-0.09400000000000004
"2026-06-02 19:28:01","KOSPI기온분석","22~28도",0,0.0
"2026-06-02 19:28:01","KOSPI기온분석","28도↑",0,0.0
"2026-06-02 19:28:01","KOSPI기온분석","5도↓",1,0.31
"2026-06-02 19:28:01","KOSPI기온분석","5~15도",12,0.4183333333333333
"2026-06-02 19:28:01","KOSPI기온분석","15~22도",5,-0.09400000000000004
"2026-06-02 19:28:01","KOSPI기온분석","22~28도",0,0.0
"2026-06-02 19:28:01","KOSPI기온분석","28도↑",0,0.0
"2026-06-02 19:28:01","KOSPI기온분석","5도↓",1,0.31
"2026-06-02 19:28:01","KOSPI기온분석","5~15도",13,0.19230769230769226
"2026-06-02 19:28:01","KOSPI기온분석","15~22도",5,-0.09400000000000004
"2026-06-02 19:28:01","KOSPI기온분석","22~28도",0,0.0
"2026-06-02 19:28:01","KOSPI기온분석","28도↑",0,0.0
"2026-06-02 19:28:01","KOSPI기온분석","5도↓",1,0.31
"2026-06-02 19:28:01","KOSPI기온분석","5~15도",14,0.25928571428571423
"2026-06-02 19:28:01","KOSPI기온분석","15~22도",5,-0.09400000000000004
"2026-06-02 19:28:01","KOSPI기온분석","22~28도",0,0.0
"2026-06-02 19:28:01","KOSPI기온분석","28도↑",0,0.0
"2026-06-02 19:28:01","KOSPI기온분석","5도↓",1,0.31
"2026-06-02 19:28:01","KOSPI기온분석","5~15도",15,0.31599999999999995
"2026-06-02 19:28:01","KOSPI기온분석","15~22도",5,-0.09400000000000004
"2026-06-02 19:28:01","KOSPI기온분석","22~28도",0,0.0
"2026-06-02 19:28:01","KOSPI기온분석","28도↑",0,0.0
"2026-06-02 19:28:01","KOSPI기온분석","5도↓",1,0.31
"2026-06-02 19:28:01","KOSPI기온분석","5~15도",16,0.365
"2026-06-02 19:28:01","KOSPI기온분석","15~22도",5,-0.09400000000000004
"2026-06-02 19:28:01","KOSPI기온분석","22~28도",0,0.0
"2026-06-02 19:28:01","KOSPI기온분석","28도↑",0,0.0
"2026-06-02 19:28:01","KOSPI기온분석","5도↓",1,0.31
"2026-06-02 19:28:01","KOSPI기온분석","5~15도",16,0.365
"2026-06-02 19:28:01","KOSPI기온분석","15~22도",6,-0.17500000000000004
"2026-06-02 19:28:01","KOSPI기온분석","22~28도",0,0.0
"2026-06-02 19:28:01","KOSPI기온분석","28도↑",0,0.0
"2026-06-02 19:28:01","KOSPI기온분석","5도↓",1,0.31
"2026-06-02 19:28:01","KOSPI기온분석","5~15도",17,0.3417647058823529
"2026-06-02 19:28:01","KOSPI기온분석","15~22도",6,-0.17500000000000004
"2026-06-02 19:28:01","KOSPI기온분석","22~28도",0,0.0
"2026-06-02 19:28:01","KOSPI기온분석","28도↑",0,0.0
"2026-06-02 19:28:01","KOSPI기온분석","5도↓",1,0.31
"2026-06-02 19:28:01","KOSPI기온분석","5~15도",17,0.3417647058823529
"2026-06-02 19:28:01","KOSPI기온분석","15~22도",7,-0.04857142857142861
"2026-06-02 19:28:01","KOSPI기온분석","22~28도",0,0.0
"2026-06-02 19:28:01","KOSPI기온분석","28도↑",0,0.0
"2026-06-02 19:28:02","KOSPI기온분석","5도↓",1,0.31
"2026-06-02 19:28:02","KOSPI기온분석","5~15도",17,0.3417647058823529
"2026-06-02 19:28:02","KOSPI기온분석","15~22도",8,0.0037499999999999617
"2026-06-02 19:28:02","KOSPI기온분석","22~28도",0,0.0
"2026-06-02 19:28:02","KOSPI기온분석","28도↑",0,0.0
"2026-06-02 19:28:02","KOSPI기온분석","5도↓",1,0.31
"2026-06-02 19:28:02","KOSPI기온분석","5~15도",17,0.3417647058823529
"2026-06-02 19:28:02","KOSPI기온분석","15~22도",9,0.1544444444444444
"2026-06-02 19:28:02","KOSPI기온분석","22~28도",0,0.0
"2026-06-02 19:28:02","KOSPI기온분석","28도↑",0,0.0
"2026-06-02 19:28:02","KOSPI기온분석","5도↓",1,0.31
"2026-06-02 19:28:02","KOSPI기온분석","5~15도",17,0.3417647058823529
"2026-06-02 19:28:02","KOSPI기온분석","15~22도",10,0.16999999999999998
"2026-06-02 19:28:02","KOSPI기온분석","22~28도",0,0.0
"2026-06-02 19:28:02","KOSPI기온분석","28도↑",0,0.0
"2026-06-02 19:28:02","KOSPI기온분석","5도↓",1,0.31
"2026-06-02 19:28:02","KOSPI기온분석","5~15도",17,0.3417647058823529
"2026-06-02 19:28:02","KOSPI기온분석","15~22도",11,0.2227272727272727
"2026-06-02 19:28:02","KOSPI기온분석","22~28도",0,0.0
"2026-06-02 19:28:02","KOSPI기온분석","28도↑",0,0.0
"2026-06-02 19:28:02","KOSPI기온분석","5도↓",1,0.31
"2026-06-02 19:28:02","KOSPI기온분석","5~15도",17,0.3417647058823529
"2026-06-02 19:28:02","KOSPI기온분석","15~22도",12,0.25666666666666665
"2026-06-02 19:28:02","KOSPI기온분석","22~28도",0,0.0
"2026-06-02 19:28:02","KOSPI기온분석","28도↑",0,0.0
"2026-06-02 19:28:02","KOSPI기온분석","5도↓",1,0.31
"2026-06-02 19:28:02","KOSPI기온분석","5~15도",17,0.3417647058823529
"2026-06-02 19:28:02","KOSPI기온분석","15~22도",12,0.25666666666666665
"2026-06-02 19:28:02","KOSPI기온분석","22~28도",1,1.7
"2026-06-02 19:28:02","KOSPI기온분석","28도↑",0,0.0
"2026-06-02 19:28:02","KOSPI기온분석","5도↓",1,0.31
"2026-06-02 19:28:02","KOSPI기온분석","5~15도",17,0.3417647058823529
"2026-06-02 19:28:02","KOSPI기온분석","15~22도",12,0.25666666666666665
"2026-06-02 19:28:02","KOSPI기온분석","22~28도",2,0.5249999999999999
"2026-06-02 19:28:02","KOSPI기온분석","28도↑",0,0.0
"2026-06-02 19:28:02","KOSPI기온분석","5도↓",1,0.31
"2026-06-02 19:28:02","KOSPI기온분석","5~15도",17,0.3417647058823529
"2026-06-02 19:28:02","KOSPI기온분석","15~22도",12,0.25666666666666665
"2026-06-02 19:28:02","KOSPI기온분석","22~28도",3,0.35666666666666663
"2026-06-02 19:28:02","KOSPI기온분석","28도↑",0,0.0
"2026-06-02 19:28:02","KOSPI기온분석","5도↓",1,0.31
"2026-06-02 19:28:02","KOSPI기온분석","5~15도",17,0.3417647058823529
"2026-06-02 19:28:02","KOSPI기온분석","15~22도",13,0.20999999999999996
"2026-06-02 19:28:02","KOSPI기온분석","22~28도",3,0.35666666666666663
"2026-06-02 19:28:02","KOSPI기온분석","28도↑",0,0.0
"2026-06-02 19:28:02","KOSPI기온분석","5도↓",1,0.31
"2026-06-02 19:28:02","KOSPI기온분석","5~15도",17,0.3417647058823529
"2026-06-02 19:28:02","KOSPI기온분석","15~22도",14,0.15428571428571428
"2026-06-02 19:28:02","KOSPI기온분석","22~28도",3,0.35666666666666663
"2026-06-02 19:28:02","KOSPI기온분석","28도↑",0,0.0
"2026-06-02 19:28:03","KOSPI기온분석","5도↓",1,0.31
"2026-06-02 19:28:03","KOSPI기온분석","5~15도",17,0.3417647058823529
"2026-06-02 19:28:03","KOSPI기온분석","15~22도",15,0.1713333333333333
"2026-06-02 19:28:03","KOSPI기온분석","22~28도",3,0.35666666666666663
"2026-06-02 19:28:03","KOSPI기온분석","28도↑",0,0.0
"2026-06-02 19:28:03","KOSPI기온분석","5도↓",1,0.31
"2026-06-02 19:28:03","KOSPI기온분석","5~15도",17,0.3417647058823529
"2026-06-02 19:28:03","KOSPI기온분석","15~22도",16,0.11499999999999999
"2026-06-02 19:28:03","KOSPI기온분석","22~28도",3,0.35666666666666663
"2026-06-02 19:28:03","KOSPI기온분석","28도↑",0,0.0
"2026-06-02 19:28:03","KOSPI기온분석","5도↓",1,0.31
"2026-06-02 19:28:03","KOSPI기온분석","5~15도",17,0.3417647058823529
"2026-06-02 19:28:03","KOSPI기온분석","15~22도",17,-0.0911764705882353
"2026-06-02 19:28:03","KOSPI기온분석","22~28도",3,0.35666666666666663
"2026-06-02 19:28:03","KOSPI기온분석","28도↑",0,0.0
"2026-06-02 19:28:03","KOSPI기온분석","5도↓",1,0.31
"2026-06-02 19:28:03","KOSPI기온분석","5~15도",17,0.3417647058823529
"2026-06-02 19:28:03","KOSPI기온분석","15~22도",18,-0.09444444444444446
"2026-06-02 19:28:03","KOSPI기온분석","22~28도",3,0.35666666666666663
"2026-06-02 19:28:03","KOSPI기온분석","28도↑",0,0.0
"2026-06-02 19:28:03","KOSPI기온분석","5도↓",1,0.31
"2026-06-02 19:28:03","KOSPI기온분석","5~15도",17,0.3417647058823529
"2026-06-02 19:28:03","KOSPI기온분석","15~22도",19,-0.02842105263157896
"2026-06-02 19:28:03","KOSPI기온분석","22~28도",3,0.35666666666666663
"2026-06-02 19:28:03","KOSPI기온분석","28도↑",0,0.0
"2026-06-02 19:28:03","KOSPI기온분석","5도↓",1,0.31
"2026-06-02 19:28:03","KOSPI기온분석","5~15도",17,0.3417647058823529
"2026-06-02 19:28:03","KOSPI기온분석","15~22도",20,0.007999999999999985
"2026-06-02 19:28:03","KOSPI기온분석","22~28도",3,0.35666666666666663
"2026-06-02 19:28:03","KOSPI기온분석","28도↑",0,0.0
"2026-06-02 19:28:03","KOSPI기온분석","5도↓",1,0.31
"2026-06-02 19:28:03","KOSPI기온분석","5~15도",17,0.3417647058823529
"2026-06-02 19:28:03","KOSPI기온분석","15~22도",21,-0.01571428571428573
"2026-06-02 19:28:03","KOSPI기온분석","22~28도",3,0.35666666666666663
"2026-06-02 19:28:03","KOSPI기온분석","28도↑",0,0.0
"2026-06-02 19:28:03","KOSPI기온분석","5도↓",1,0.31
"2026-06-02 19:28:03","KOSPI기온분석","5~15도",17,0.3417647058823529
"2026-06-02 19:28:03","KOSPI기온분석","15~22도",21,-0.01571428571428573
"2026-06-02 19:28:03","KOSPI기온분석","22~28도",4,0.33499999999999996
"2026-06-02 19:28:03","KOSPI기온분석","28도↑",0,0.0
"2026-06-02 19:28:03","KOSPI기온분석","5도↓",1,0.31
"2026-06-02 19:28:03","KOSPI기온분석","5~15도",17,0.3417647058823529
"2026-06-02 19:28:03","KOSPI기온분석","15~22도",21,-0.01571428571428573
"2026-06-02 19:28:03","KOSPI기온분석","22~28도",5,0.011999999999999966
"2026-06-02 19:28:03","KOSPI기온분석","28도↑",0,0.0
"2026-06-02 19:28:03","KOSPI기온분석","5도↓",1,0.31
"2026-06-02 19:28:03","KOSPI기온분석","5~15도",17,0.3417647058823529
"2026-06-02 19:28:03","KOSPI기온분석","15~22도",22,0.051818181818181805
"2026-06-02 19:28:03","KOSPI기온분석","22~28도",5,0.011999999999999966
"2026-06-02 19:28:03","KOSPI기온분석","28도↑",0,0.0
"2026-06-02 19:28:04","KOSPI기온분석","5도↓",1,0.31
"2026-06-02 19:28:04","KOSPI기온분석","5~15도",17,0.3417647058823529
"2026-06-02 19:28:04","KOSPI기온분석","15~22도",22,0.051818181818181805
"2026-06-02 19:28:04","KOSPI기온분석","22~28도",6,0.0016666666666666382
"2026-06-02 19:28:04","KOSPI기온분석","28도↑",0,0.0
"2026-06-02 19:28:04","KOSPI기온분석","5도↓",1,0.31
"2026-06-02 19:28:04","KOSPI기온분석","5~15도",17,0.3417647058823529
"2026-06-02 19:28:04","KOSPI기온분석","15~22도",22,0.051818181818181805
"2026-06-02 19:28:04","KOSPI기온분석","22~28도",7,-0.0385714285714286
"2026-06-02 19:28:04","KOSPI기온분석","28도↑",0,0.0
"2026-06-02 19:28:04","KOSPI기온분석","5도↓",1,0.31
"2026-06-02 19:28:04","KOSPI기온분석","5~15도",17,0.3417647058823529
"2026-06-02 19:28:04","KOSPI기온분석","15~22도",22,0.051818181818181805
"2026-06-02 19:28:04","KOSPI기온분석","22~28도",8,0.18249999999999997
"2026-06-02 19:28:04","KOSPI기온분석","28도↑",0,0.0
"2026-06-02 19:28:04","KOSPI기온분석","5도↓",1,0.31
"2026-06-02 19:28:04","KOSPI기온분석","5~15도",17,0.3417647058823529
"2026-06-02 19:28:04","KOSPI기온분석","15~22도",22,0.051818181818181805
"2026-06-02 19:28:04","KOSPI기온분석","22~28도",9,0.16888888888888887
"2026-06-02 19:28:04","KOSPI기온분석","28도↑",0,0.0
"2026-06-02 19:28:04","KOSPI기온분석","5도↓",1,0.31
"2026-06-02 19:28:04","KOSPI기온분석","5~15도",17,0.3417647058823529
"2026-06-02 19:28:04","KOSPI기온분석","15~22도",22,0.051818181818181805
"2026-06-02 19:28:04","KOSPI기온분석","22~28도",10,0.21399999999999997
"2026-06-02 19:28:04","KOSPI기온분석","28도↑",0,0.0
"2026-06-02 19:28:04","KOSPI기온분석","5도↓",1,0.31
"2026-06-02 19:28:04","KOSPI기온분석","5~15도",17,0.3417647058823529
"2026-06-02 19:28:04","KOSPI기온분석","15~22도",22,0.051818181818181805
"2026-06-02 19:28:04","KOSPI기온분석","22~28도",11,0.2236363636363636
"2026-06-02 19:28:04","KOSPI기온분석","28도↑",0,0.0
"2026-06-02 19:28:04","KOSPI기온분석","5도↓",1,0.31
"2026-06-02 19:28:04","KOSPI기온분석","5~15도",17,0.3417647058823529
"2026-06-02 19:28:04","KOSPI기온분석","15~22도",22,0.051818181818181805
"2026-06-02 19:28:04","KOSPI기온분석","22~28도",11,0.2236363636363636
"2026-06-02 19:28:04","KOSPI기온분석","28도↑",1,0.23
"2026-06-02 19:28:04","KOSPI기온분석","5도↓",1,0.31
"2026-06-02 19:28:04","KOSPI기온분석","5~15도",17,0.3417647058823529
"2026-06-02 19:28:04","KOSPI기온분석","15~22도",22,0.051818181818181805
"2026-06-02 19:28:04","KOSPI기온분석","22~28도",12,0.16999999999999996
"2026-06-02 19:28:04","KOSPI기온분석","28도↑",1,0.23
"2026-06-02 19:28:04","KOSPI기온분석","5도↓",1,0.31
"2026-06-02 19:28:04","KOSPI기온분석","5~15도",17,0.3417647058823529
"2026-06-02 19:28:04","KOSPI기온분석","15~22도",22,0.051818181818181805
"2026-06-02 19:28:04","KOSPI기온분석","22~28도",13,0.10923076923076919
"2026-06-02 19:28:04","KOSPI기온분석","28도↑",1,0.23
"2026-06-02 19:28:05","KOSPI기온분석","5도↓",1,0.31
"2026-06-02 19:28:05","KOSPI기온분석","5~15도",17,0.3417647058823529
"2026-06-02 19:28:05","KOSPI기온분석","15~22도",22,0.051818181818181805
"2026-06-02 19:28:05","KOSPI기온분석","22~28도",14,0.17857142857142855
"2026-06-02 19:28:05","KOSPI기온분석","28도↑",1,0.23
"2026-06-02 19:28:05","KOSPI기온분석","5도↓",1,0.31
"2026-06-02 19:28:05","KOSPI기온분석","5~15도",17,0.3417647058823529
"2026-06-02 19:28:05","KOSPI기온분석","15~22도",23,-0.010869565217391314
"2026-06-02 19:28:05","KOSPI기온분석","22~28도",14,0.17857142857142855
"2026-06-02 19:28:05","KOSPI기온분석","28도↑",1,0.23
"2026-06-02 19:28:05","KOSPI기온분석","5도↓",1,0.31
"2026-06-02 19:28:05","KOSPI기온분석","5~15도",17,0.3417647058823529
"2026-06-02 19:28:05","KOSPI기온분석","15~22도",23,-0.010869565217391314
"2026-06-02 19:28:05","KOSPI기온분석","22~28도",15,0.04066666666666664
"2026-06-02 19:28:05","KOSPI기온분석","28도↑",1,0.23
"2026-06-02 19:28:05","KOSPI기온분석","5도↓",1,0.31
"2026-06-02 19:28:05","KOSPI기온분석","5~15도",17,0.3417647058823529
"2026-06-02 19:28:05","KOSPI기온분석","15~22도",23,-0.010869565217391314
"2026-06-02 19:28:05","KOSPI기온분석","22~28도",16,-0.14937500000000004
"2026-06-02 19:28:05","KOSPI기온분석","28도↑",1,0.23
"2026-06-02 19:28:05","KOSPI기온분석","5도↓",1,0.31
"2026-06-02 19:28:05","KOSPI기온분석","5~15도",17,0.3417647058823529
"2026-06-02 19:28:05","KOSPI기온분석","15~22도",23,-0.010869565217391314
"2026-06-02 19:28:05","KOSPI기온분석","22~28도",16,-0.14937500000000004
"2026-06-02 19:28:05","KOSPI기온분석","28도↑",2,0.925
"2026-06-02 19:28:05","KOSPI기온분석","5도↓",1,0.31
"2026-06-02 19:28:05","KOSPI기온분석","5~15도",17,0.3417647058823529
"2026-06-02 19:28:05","KOSPI기온분석","15~22도",23,-0.010869565217391314
"2026-06-02 19:28:05","KOSPI기온분석","22~28도",16,-0.14937500000000004
"2026-06-02 19:28:05","KOSPI기온분석","28도↑",3,0.41
"2026-06-02 19:28:05","KOSPI기온분석","5도↓",1,0.31
"2026-06-02 19:28:05","KOSPI기온분석","5~15도",17,0.3417647058823529
"2026-06-02 19:28:05","KOSPI기온분석","15~22도",23,-0.010869565217391314
"2026-06-02 19:28:05","KOSPI기온분석","22~28도",16,-0.14937500000000004
"2026-06-02 19:28:05","KOSPI기온분석","28도↑",4,0.1175
"2026-06-02 19:28:05","KOSPI기온분석","5도↓",1,0.31
"2026-06-02 19:28:05","KOSPI기온분석","5~15도",17,0.3417647058823529
"2026-06-02 19:28:05","KOSPI기온분석","15~22도",23,-0.010869565217391314
"2026-06-02 19:28:05","KOSPI기온분석","22~28도",16,-0.14937500000000004
"2026-06-02 19:28:05","KOSPI기온분석","28도↑",5,-0.078
"2026-06-02 19:28:05","KOSPI기온분석","5도↓",1,0.31
"2026-06-02 19:28:05","KOSPI기온분석","5~15도",17,0.3417647058823529
"2026-06-02 19:28:05","KOSPI기온분석","15~22도",23,-0.010869565217391314
"2026-06-02 19:28:05","KOSPI기온분석","22~28도",16,-0.14937500000000004
"2026-06-02 19:28:05","KOSPI기온분석","28도↑",6,-0.9933333333333333
"2026-06-02 19:28:05","KOSPI기온분석","5도↓",1,0.31
"2026-06-02 19:28:05","KOSPI기온분석","5~15도",17,0.3417647058823529
"2026-06-02 19:28:05","KOSPI기온분석","15~22도",23,-0.010869565217391314
"2026-06-02 19:28:05","KOSPI기온분석","22~28도",16,-0.14937500000000004
"2026-06-02 19:28:05","KOSPI기온분석","28도↑",7,-0.8142857142857143
"2026-06-02 19:28:06","KOSPI기온분석","5도↓",1,0.31
"2026-06-02 19:28:06","KOSPI기온분석","5~15도",17,0.3417647058823529
"2026-06-02 19:28:06","KOSPI기온분석","15~22도",23,-0.010869565217391314
"2026-06-02 19:28:06","KOSPI기온분석","22~28도",16,-0.14937500000000004
"2026-06-02 19:28:06","KOSPI기온분석","28도↑",8,-0.93
"2026-06-02 19:28:06","KOSPI기온분석","5도↓",1,0.31
"2026-06-02 19:28:06","KOSPI기온분석","5~15도",17,0.3417647058823529
"2026-06-02 19:28:06","KOSPI기온분석","15~22도",23,-0.010869565217391314
"2026-06-02 19:28:06","KOSPI기온분석","22~28도",16,-0.14937500000000004
"2026-06-02 19:28:06","KOSPI기온분석","28도↑",9,-0.09333333333333342
"2026-06-02 19:28:06","KOSPI기온분석","5도↓",1,0.31
"2026-06-02 19:28:06","KOSPI기온분석","5~15도",17,0.3417647058823529
"2026-06-02 19:28:06","KOSPI기온분석","15~22도",23,-0.010869565217391314
"2026-06-02 19:28:06","KOSPI기온분석","22~28도",16,-0.14937500000000004
"2026-06-02 19:28:06","KOSPI기온분석","28도↑",10,-0.13400000000000006
"2026-06-02 19:28:06","KOSPI기온분석","5도↓",1,0.31
"2026-06-02 19:28:06","KOSPI기온분석","5~15도",17,0.3417647058823529
"2026-06-02 19:28:06","KOSPI기온분석","15~22도",23,-0.010869565217391314
"2026-06-02 19:28:06","KOSPI기온분석","22~28도",17,-0.08470588235294121
"2026-06-02 19:28:06","KOSPI기온분석","28도↑",10,-0.13400000000000006
"2026-06-02 19:28:06","KOSPI기온분석","5도↓",1,0.31
"2026-06-02 19:28:06","KOSPI기온분석","5~15도",17,0.3417647058823529
"2026-06-02 19:28:06","KOSPI기온분석","15~22도",23,-0.010869565217391314
"2026-06-02 19:28:06","KOSPI기온분석","22~28도",18,-0.031111111111111145
"2026-06-02 19:28:06","KOSPI기온분석","28도↑",10,-0.13400000000000006
"2026-06-02 19:28:06","KOSPI기온분석","5도↓",1,0.31
"2026-06-02 19:28:06","KOSPI기온분석","5~15도",17,0.3417647058823529
"2026-06-02 19:28:06","KOSPI기온분석","15~22도",23,-0.010869565217391314
"2026-06-02 19:28:06","KOSPI기온분석","22~28도",19,-0.09315789473684213
"2026-06-02 19:28:06","KOSPI기온분석","28도↑",10,-0.13400000000000006
"2026-06-02 19:28:06","KOSPI기온분석","5도↓",1,0.31
"2026-06-02 19:28:06","KOSPI기온분석","5~15도",17,0.3417647058823529
"2026-06-02 19:28:06","KOSPI기온분석","15~22도",23,-0.010869565217391314
"2026-06-02 19:28:06","KOSPI기온분석","22~28도",20,-0.04150000000000002
"2026-06-02 19:28:06","KOSPI기온분석","28도↑",10,-0.13400000000000006
"2026-06-02 19:28:06","KOSPI기온분석","5도↓",1,0.31
"2026-06-02 19:28:06","KOSPI기온분석","5~15도",17,0.3417647058823529
"2026-06-02 19:28:06","KOSPI기온분석","15~22도",23,-0.010869565217391314
"2026-06-02 19:28:06","KOSPI기온분석","22~28도",21,-0.01428571428571431
"2026-06-02 19:28:06","KOSPI기온분석","28도↑",10,-0.13400000000000006
"2026-06-02 19:28:06","KOSPI기온분석","5도↓",1,0.31
"2026-06-02 19:28:06","KOSPI기온분석","5~15도",17,0.3417647058823529
"2026-06-02 19:28:06","KOSPI기온분석","15~22도",23,-0.010869565217391314
"2026-06-02 19:28:06","KOSPI기온분석","22~28도",22,-0.004545454545454567
"2026-06-02 19:28:06","KOSPI기온분석","28도↑",10,-0.13400000000000006
"2026-06-02 19:28:06","KOSPI기온분석","5도↓",1,0.31
"2026-06-02 19:28:06","KOSPI기온분석","5~15도",17,0.3417647058823529
"2026-06-02 19:28:06","KOSPI기온분석","15~22도",23,-0.010869565217391314
"2026-06-02 19:28:06","KOSPI기온분석","22~28도",22,-0.004545454545454567
"2026-06-02 19:28:06","KOSPI기온분석","28도↑",11,-0.12818181818181826
"2026-06-02 19:28:07","KOSPI기온분석","5도↓",1,0.31
"2026-06-02 19:28:07","KOSPI기온분석","5~15도",17,0.3417647058823529
"2026-06-02 19:28:07","KOSPI기온분석","15~22도",23,-0.010869565217391314
"2026-06-02 19:28:07","KOSPI기온분석","22~28도",22,-0.004545454545454567
"2026-06-02 19:28:07","KOSPI기온분석","28도↑",12,0.013333333333333272
"2026-06-02 19:28:07","KOSPI기온분석","5도↓",1,0.31
"2026-06-02 19:28:07","KOSPI기온분석","5~15도",17,0.3417647058823529
"2026-06-02 19:28:07","KOSPI기온분석","15~22도",23,-0.010869565217391314
"2026-06-02 19:28:07","KOSPI기온분석","22~28도",22,-0.004545454545454567
"2026-06-02 19:28:07","KOSPI기온분석","28도↑",13,0.00230769230769225
"2026-06-02 19:28:07","KOSPI기온분석","5도↓",1,0.31
"2026-06-02 19:28:07","KOSPI기온분석","5~15도",17,0.3417647058823529
"2026-06-02 19:28:07","KOSPI기온분석","15~22도",23,-0.010869565217391314
"2026-06-02 19:28:07","KOSPI기온분석","22~28도",22,-0.004545454545454567
"2026-06-02 19:28:07","KOSPI기온분석","28도↑",14,0.06999999999999994
"2026-06-02 19:28:07","KOSPI기온분석","5도↓",1,0.31
"2026-06-02 19:28:07","KOSPI기온분석","5~15도",17,0.3417647058823529
"2026-06-02 19:28:07","KOSPI기온분석","15~22도",23,-0.010869565217391314
"2026-06-02 19:28:07","KOSPI기온분석","22~28도",22,-0.004545454545454567
"2026-06-02 19:28:07","KOSPI기온분석","28도↑",15,0.07199999999999994
"2026-06-02 19:28:07","KOSPI기온분석","5도↓",1,0.31
"2026-06-02 19:28:07","KOSPI기온분석","5~15도",17,0.3417647058823529
"2026-06-02 19:28:07","KOSPI기온분석","15~22도",23,-0.010869565217391314
"2026-06-02 19:28:07","KOSPI기온분석","22~28도",22,-0.004545454545454567
"2026-06-02 19:28:07","KOSPI기온분석","28도↑",16,0.10812499999999994
"2026-06-02 19:28:07","KOSPI기온분석","5도↓",1,0.31
"2026-06-02 19:28:07","KOSPI기온분석","5~15도",17,0.3417647058823529
"2026-06-02 19:28:07","KOSPI기온분석","15~22도",23,-0.010869565217391314
"2026-06-02 19:28:07","KOSPI기온분석","22~28도",22,-0.004545454545454567
"2026-06-02 19:28:07","KOSPI기온분석","28도↑",17,0.08176470588235288
"2026-06-02 19:28:07","KOSPI기온분석","5도↓",1,0.31
"2026-06-02 19:28:07","KOSPI기온분석","5~15도",17,0.3417647058823529
"2026-06-02 19:28:07","KOSPI기온분석","15~22도",23,-0.010869565217391314
"2026-06-02 19:28:07","KOSPI기온분석","22~28도",22,-0.004545454545454567
"2026-06-02 19:28:07","KOSPI기온분석","28도↑",18,0.08388888888888883
"2026-06-02 19:28:07","KOSPI기온분석","5도↓",1,0.31
"2026-06-02 19:28:07","KOSPI기온분석","5~15도",17,0.3417647058823529
"2026-06-02 19:28:07","KOSPI기온분석","15~22도",23,-0.010869565217391314
"2026-06-02 19:28:07","KOSPI기온분석","22~28도",22,-0.004545454545454567
"2026-06-02 19:28:07","KOSPI기온분석","28도↑",19,0.10842105263157888
"2026-06-02 19:28:07","KOSPI기온분석","5도↓",1,0.31
"2026-06-02 19:28:07","KOSPI기온분석","5~15도",17,0.3417647058823529
"2026-06-02 19:28:07","KOSPI기온분석","15~22도",23,-0.010869565217391314
"2026-06-02 19:28:07","KOSPI기온분석","22~28도",23,0.005217391304347806
"2026-06-02 19:28:07","KOSPI기온분석","28도↑",19,0.10842105263157888
"2026-06-02 19:28:07","KOSPI기온분석","5도↓",1,0.31
"2026-06-02 19:28:07","KOSPI기온분석","5~15도",17,0.3417647058823529
"2026-06-02 19:28:07","KOSPI기온분석","15~22도",23,-0.010869565217391314
"2026-06-02 19:28:07","KOSPI기온분석","22~28도",23,0.005217391304347806
"2026-06-02 19:28:07","KOSPI기온분석","28도↑",20,0.09849999999999993
"2026-06-02 19:28:08","KOSPI기온분석","5도↓",1,0.31
"2026-06-02 19:28:08","KOSPI기온분석","5~15도",17,0.3417647058823529
"2026-06-02 19:28:08","KOSPI기온분석","15~22도",23,-0.010869565217391314
"2026-06-02 19:28:08","KOSPI기온분석","22~28도",24,0.05374999999999997
"2026-06-02 19:28:08","KOSPI기온분석","28도↑",20,0.09849999999999993
"2026-06-02 19:28:08","KOSPI기온분석","5도↓",1,0.31
"2026-06-02 19:28:08","KOSPI기온분석","5~15도",17,0.3417647058823529
"2026-06-02 19:28:08","KOSPI기온분석","15~22도",23,-0.010869565217391314
"2026-06-02 19:28:08","KOSPI기온분석","22~28도",25,0.053199999999999976
"2026-06-02 19:28:08","KOSPI기온분석","28도↑",20,0.09849999999999993
"2026-06-02 19:28:08","KOSPI기온분석","5도↓",1,0.31
"2026-06-02 19:28:08","KOSPI기온분석","5~15도",17,0.3417647058823529
"2026-06-02 19:28:08","KOSPI기온분석","15~22도",23,-0.010869565217391314
"2026-06-02 19:28:08","KOSPI기온분석","22~28도",25,0.053199999999999976
"2026-06-02 19:28:08","KOSPI기온분석","28도↑",21,0.1523809523809523
"2026-06-02 19:28:08","KOSPI기온분석","5도↓",1,0.31
"2026-06-02 19:28:08","KOSPI기온분석","5~15도",17,0.3417647058823529
"2026-06-02 19:28:08","KOSPI기온분석","15~22도",23,-0.010869565217391314
"2026-06-02 19:28:08","KOSPI기온분석","22~28도",26,0.023076923076923054
"2026-06-02 19:28:08","KOSPI기온분석","28도↑",21,0.1523809523809523
"2026-06-02 19:28:08","KOSPI기온분석","5도↓",1,0.31
"2026-06-02 19:28:08","KOSPI기온분석","5~15도",17,0.3417647058823529
"2026-06-02 19:28:08","KOSPI기온분석","15~22도",23,-0.010869565217391314
"2026-06-02 19:28:08","KOSPI기온분석","22~28도",27,0.029999999999999978
"2026-06-02 19:28:08","KOSPI기온분석","28도↑",21,0.1523809523809523
"2026-06-02 19:28:08","KOSPI기온분석","5도↓",1,0.31
"2026-06-02 19:28:08","KOSPI기온분석","5~15도",17,0.3417647058823529
"2026-06-02 19:28:08","KOSPI기온분석","15~22도",23,-0.010869565217391314
"2026-06-02 19:28:08","KOSPI기온분석","22~28도",27,0.029999999999999978
"2026-06-02 19:28:08","KOSPI기온분석","28도↑",22,0.10499999999999993
"2026-06-02 19:28:08","KOSPI기온분석","5도↓",1,0.31
"2026-06-02 19:28:08","KOSPI기온분석","5~15도",17,0.3417647058823529
"2026-06-02 19:28:08","KOSPI기온분석","15~22도",23,-0.010869565217391314
"2026-06-02 19:28:08","KOSPI기온분석","22~28도",27,0.029999999999999978
"2026-06-02 19:28:08","KOSPI기온분석","28도↑",23,0.09782608695652166
"2026-06-02 19:28:08","KOSPI기온분석","5도↓",1,0.31
"2026-06-02 19:28:08","KOSPI기온분석","5~15도",17,0.3417647058823529
"2026-06-02 19:28:08","KOSPI기온분석","15~22도",23,-0.010869565217391314
"2026-06-02 19:28:08","KOSPI기온분석","22~28도",27,0.029999999999999978
"2026-06-02 19:28:08","KOSPI기온분석","28도↑",24,0.1316666666666666
"2026-06-02 19:28:08","KOSPI기온분석","5도↓",1,0.31
"2026-06-02 19:28:08","KOSPI기온분석","5~15도",17,0.3417647058823529
"2026-06-02 19:28:08","KOSPI기온분석","15~22도",23,-0.010869565217391314
"2026-06-02 19:28:08","KOSPI기온분석","22~28도",27,0.029999999999999978
"2026-06-02 19:28:08","KOSPI기온분석","28도↑",25,0.07759999999999993
"2026-06-02 19:28:08","KOSPI기온분석","5도↓",1,0.31
"2026-06-02 19:28:08","KOSPI기온분석","5~15도",17,0.3417647058823529
"2026-06-02 19:28:08","KOSPI기온분석","15~22도",23,-0.010869565217391314
"2026-06-02 19:28:08","KOSPI기온분석","22~28도",27,0.029999999999999978
"2026-06-02 19:28:08","KOSPI기온분석","28도↑",26,0.07230769230769224
"2026-06-02 19:28:09","KOSPI기온분석","5도↓",1,0.31
"2026-06-02 19:28:09","KOSPI기온분석","5~15도",17,0.3417647058823529
"2026-06-02 19:28:09","KOSPI기온분석","15~22도",23,-0.010869565217391314
"2026-06-02 19:28:09","KOSPI기온분석","22~28도",27,0.029999999999999978
"2026-06-02 19:28:09","KOSPI기온분석","28도↑",27,0.1444444444444444
"2026-06-02 19:28:09","KOSPI기온분석","5도↓",1,0.31
"2026-06-02 19:28:09","KOSPI기온분석","5~15도",17,0.3417647058823529
"2026-06-02 19:28:09","KOSPI기온분석","15~22도",23,-0.010869565217391314
"2026-06-02 19:28:09","KOSPI기온분석","22~28도",27,0.029999999999999978
"2026-06-02 19:28:09","KOSPI기온분석","28도↑",28,0.1296428571428571
"2026-06-02 19:28:09","KOSPI기온분석","5도↓",1,0.31
"2026-06-02 19:28:09","KOSPI기온분석","5~15도",17,0.3417647058823529
"2026-06-02 19:28:09","KOSPI기온분석","15~22도",23,-0.010869565217391314
"2026-06-02 19:28:09","KOSPI기온분석","22~28도",28,0.07357142857142855
"2026-06-02 19:28:09","KOSPI기온분석","28도↑",28,0.1296428571428571
"2026-06-02 19:28:09","KOSPI기온분석","5도↓",1,0.31
"2026-06-02 19:28:09","KOSPI기온분석","5~15도",17,0.3417647058823529
"2026-06-02 19:28:09","KOSPI기온분석","15~22도",23,-0.010869565217391314
"2026-06-02 19:28:09","KOSPI기온분석","22~28도",29,0.1362068965517241
"2026-06-02 19:28:09","KOSPI기온분석","28도↑",28,0.1296428571428571
"2026-06-02 19:28:09","KOSPI기온분석","5도↓",1,0.31
"2026-06-02 19:28:09","KOSPI기온분석","5~15도",17,0.3417647058823529
"2026-06-02 19:28:09","KOSPI기온분석","15~22도",23,-0.010869565217391314
"2026-06-02 19:28:09","KOSPI기온분석","22~28도",29,0.1362068965517241
"2026-06-02 19:28:09","KOSPI기온분석","28도↑",29,0.0962068965517241
"2026-06-02 19:28:09","KOSPI기온분석","5도↓",1,0.31
"2026-06-02 19:28:09","KOSPI기온분석","5~15도",17,0.3417647058823529
"2026-06-02 19:28:09","KOSPI기온분석","15~22도",23,-0.010869565217391314
"2026-06-02 19:28:09","KOSPI기온분석","22~28도",29,0.1362068965517241
"2026-06-02 19:28:09","KOSPI기온분석","28도↑",30,0.09466666666666662
"2026-06-02 19:28:09","KOSPI기온분석","5도↓",1,0.31
"2026-06-02 19:28:09","KOSPI기온분석","5~15도",17,0.3417647058823529
"2026-06-02 19:28:09","KOSPI기온분석","15~22도",23,-0.010869565217391314
"2026-06-02 19:28:09","KOSPI기온분석","22~28도",30,0.22033333333333333
"2026-06-02 19:28:09","KOSPI기온분석","28도↑",30,0.09466666666666662
"2026-06-02 19:28:09","KOSPI기온분석","5도↓",1,0.31
"2026-06-02 19:28:09","KOSPI기온분석","5~15도",17,0.3417647058823529
"2026-06-02 19:28:09","KOSPI기온분석","15~22도",23,-0.010869565217391314
"2026-06-02 19:28:09","KOSPI기온분석","22~28도",31,0.26129032258064516
"2026-06-02 19:28:09","KOSPI기온분석","28도↑",30,0.09466666666666662
"2026-06-02 19:28:09","KOSPI기온분석","5도↓",1,0.31
"2026-06-02 19:28:09","KOSPI기온분석","5~15도",17,0.3417647058823529
"2026-06-02 19:28:09","KOSPI기온분석","15~22도",23,-0.010869565217391314
"2026-06-02 19:28:09","KOSPI기온분석","22~28도",32,0.3015625
"2026-06-02 19:28:09","KOSPI기온분석","28도↑",30,0.09466666666666662
"2026-06-02 19:28:09","KOSPI기온분석","5도↓",1,0.31
"2026-06-02 19:28:09","KOSPI기온분석","5~15도",17,0.3417647058823529
"2026-06-02 19:28:09","KOSPI기온분석","15~22도",23,-0.010869565217391314
"2026-06-02 19:28:09","KOSPI기온분석","22~28도",33,0.30939393939393944
"2026-06-02 19:28:09","KOSPI기온분석","28도↑",30,0.09466666666666662
"2026-06-02 19:28:10","KOSPI기온분석","5도↓",1,0.31
"2026-06-02 19:28:10","KOSPI기온분석","5~15도",17,0.3417647058823529
"2026-06-02 19:28:10","KOSPI기온분석","15~22도",23,-0.010869565217391314
"2026-06-02 19:28:10","KOSPI기온분석","22~28도",34,0.33647058823529413
"2026-06-02 19:28:10","KOSPI기온분석","28도↑",30,0.09466666666666662
"2026-06-02 19:28:10","KOSPI기온분석","5도↓",1,0.31
"2026-06-02 19:28:10","KOSPI기온분석","5~15도",17,0.3417647058823529
"2026-06-02 19:28:10","KOSPI기온분석","15~22도",23,-0.010869565217391314
"2026-06-02 19:28:10","KOSPI기온분석","22~28도",35,0.33971428571428575
"2026-06-02 19:28:10","KOSPI기온분석","28도↑",30,0.09466666666666662
"2026-06-02 19:28:10","KOSPI기온분석","5도↓",1,0.31
"2026-06-02 19:28:10","KOSPI기온분석","5~15도",17,0.3417647058823529
"2026-06-02 19:28:10","KOSPI기온분석","15~22도",23,-0.010869565217391314
"2026-06-02 19:28:10","KOSPI기온분석","22~28도",36,0.30611111111111117
"2026-06-02 19:28:10","KOSPI기온분석","28도↑",30,0.09466666666666662
"2026-06-02 19:28:10","KOSPI기온분석","5도↓",1,0.31
"2026-06-02 19:28:10","KOSPI기온분석","5~15도",17,0.3417647058823529
"2026-06-02 19:28:10","KOSPI기온분석","15~22도",23,-0.010869565217391314
"2026-06-02 19:28:10","KOSPI기온분석","22~28도",37,0.34648648648648656
"2026-06-02 19:28:10","KOSPI기온분석","28도↑",30,0.09466666666666662
"2026-06-02 19:28:10","KOSPI기온분석","5도↓",1,0.31
"2026-06-02 19:28:10","KOSPI기온분석","5~15도",17,0.3417647058823529
"2026-06-02 19:28:10","KOSPI기온분석","15~22도",23,-0.010869565217391314
"2026-06-02 19:28:10","KOSPI기온분석","22~28도",38,0.34052631578947373
"2026-06-02 19:28:10","KOSPI기온분석","28도↑",30,0.09466666666666662
"2026-06-02 19:28:10","KOSPI기온분석","5도↓",1,0.31
"2026-06-02 19:28:10","KOSPI기온분석","5~15도",17,0.3417647058823529
"2026-06-02 19:28:10","KOSPI기온분석","15~22도",23,-0.010869565217391314
"2026-06-02 19:28:10","KOSPI기온분석","22~28도",39,0.35076923076923083
"2026-06-02 19:28:10","KOSPI기온분석","28도↑",30,0.09466666666666662
"2026-06-02 19:28:10","KOSPI기온분석","5도↓",1,0.31
"2026-06-02 19:28:10","KOSPI기온분석","5~15도",17,0.3417647058823529
"2026-06-02 19:28:10","KOSPI기온분석","15~22도",23,-0.010869565217391314
"2026-06-02 19:28:10","KOSPI기온분석","22~28도",40,0.34675
"2026-06-02 19:28:10","KOSPI기온분석","28도↑",30,0.09466666666666662
"2026-06-02 19:28:10","KOSPI기온분석","5도↓",1,0.31
"2026-06-02 19:28:10","KOSPI기온분석","5~15도",17,0.3417647058823529
"2026-06-02 19:28:10","KOSPI기온분석","15~22도",23,-0.010869565217391314
"2026-06-02 19:28:10","KOSPI기온분석","22~28도",41,0.3743902439024391
"2026-06-02 19:28:10","KOSPI기온분석","28도↑",30,0.09466666666666662
"2026-06-02 19:28:10","KOSPI기온분석","5도↓",1,0.31
"2026-06-02 19:28:10","KOSPI기온분석","5~15도",17,0.3417647058823529
"2026-06-02 19:28:10","KOSPI기온분석","15~22도",24,-0.020416666666666677
"2026-06-02 19:28:10","KOSPI기온분석","22~28도",41,0.3743902439024391
"2026-06-02 19:28:10","KOSPI기온분석","28도↑",30,0.09466666666666662
"2026-06-02 19:28:10","KOSPI기온분석","5도↓",1,0.31
"2026-06-02 19:28:10","KOSPI기온분석","5~15도",17,0.3417647058823529
"2026-06-02 19:28:10","KOSPI기온분석","15~22도",25,0.09879999999999999
"2026-06-02 19:28:10","KOSPI기온분석","22~28도",41,0.3743902439024391
"2026-06-02 19:28:10","KOSPI기온분석","28도↑",30,0.09466666666666662
"2026-06-02 19:28:11","KOSPI기온분석","5도↓",1,0.31
"2026-06-02 19:28:11","KOSPI기온분석","5~15도",17,0.3417647058823529
"2026-06-02 19:28:11","KOSPI기온분석","15~22도",25,0.09879999999999999
"2026-06-02 19:28:11","KOSPI기온분석","22~28도",42,0.36904761904761907
"2026-06-02 19:28:11","KOSPI기온분석","28도↑",30,0.09466666666666662
"2026-06-02 19:28:11","KOSPI기온분석","5도↓",1,0.31
"2026-06-02 19:28:11","KOSPI기온분석","5~15도",17,0.3417647058823529
"2026-06-02 19:28:11","KOSPI기온분석","15~22도",26,0.05961538461538461
"2026-06-02 19:28:11","KOSPI기온분석","22~28도",42,0.36904761904761907
"2026-06-02 19:28:11","KOSPI기온분석","28도↑",30,0.09466666666666662
"2026-06-02 19:28:11","KOSPI기온분석","5도↓",1,0.31
"2026-06-02 19:28:11","KOSPI기온분석","5~15도",17,0.3417647058823529
"2026-06-02 19:28:11","KOSPI기온분석","15~22도",26,0.05961538461538461
"2026-06-02 19:28:11","KOSPI기온분석","22~28도",43,0.3425581395348838
"2026-06-02 19:28:11","KOSPI기온분석","28도↑",30,0.09466666666666662
"2026-06-02 19:28:11","KOSPI기온분석","5도↓",1,0.31
"2026-06-02 19:28:11","KOSPI기온분석","5~15도",17,0.3417647058823529
"2026-06-02 19:28:11","KOSPI기온분석","15~22도",27,0.07666666666666666
"2026-06-02 19:28:11","KOSPI기온분석","22~28도",43,0.3425581395348838
"2026-06-02 19:28:11","KOSPI기온분석","28도↑",30,0.09466666666666662
"2026-06-02 19:28:11","KOSPI기온분석","5도↓",1,0.31
"2026-06-02 19:28:11","KOSPI기온분석","5~15도",17,0.3417647058823529
"2026-06-02 19:28:11","KOSPI기온분석","15~22도",28,0.09464285714285714
"2026-06-02 19:28:11","KOSPI기온분석","22~28도",43,0.3425581395348838
"2026-06-02 19:28:11","KOSPI기온분석","28도↑",30,0.09466666666666662
"2026-06-02 19:28:11","KOSPI기온분석","5도↓",1,0.31
"2026-06-02 19:28:11","KOSPI기온분석","5~15도",17,0.3417647058823529
"2026-06-02 19:28:11","KOSPI기온분석","15~22도",29,0.07517241379310344
"2026-06-02 19:28:11","KOSPI기온분석","22~28도",43,0.3425581395348838
"2026-06-02 19:28:11","KOSPI기온분석","28도↑",30,0.09466666666666662
"2026-06-02 19:28:11","KOSPI기온분석","5도↓",1,0.31
"2026-06-02 19:28:11","KOSPI기온분석","5~15도",17,0.3417647058823529
"2026-06-02 19:28:11","KOSPI기온분석","15~22도",30,0.11733333333333332
"2026-06-02 19:28:11","KOSPI기온분석","22~28도",43,0.3425581395348838
"2026-06-02 19:28:11","KOSPI기온분석","28도↑",30,0.09466666666666662
"2026-06-02 19:28:11","KOSPI기온분석","5도↓",1,0.31
"2026-06-02 19:28:11","KOSPI기온분석","5~15도",17,0.3417647058823529
"2026-06-02 19:28:11","KOSPI기온분석","15~22도",31,0.049354838709677405
"2026-06-02 19:28:11","KOSPI기온분석","22~28도",43,0.3425581395348838
"2026-06-02 19:28:11","KOSPI기온분석","28도↑",30,0.09466666666666662
"2026-06-02 19:28:11","KOSPI기온분석","5도↓",1,0.31
"2026-06-02 19:28:11","KOSPI기온분석","5~15도",17,0.3417647058823529
"2026-06-02 19:28:11","KOSPI기온분석","15~22도",32,0.053124999999999985
"2026-06-02 19:28:11","KOSPI기온분석","22~28도",43,0.3425581395348838
"2026-06-02 19:28:11","KOSPI기온분석","28도↑",30,0.09466666666666662
"2026-06-02 19:28:11","KOSPI기온분석","5도↓",1,0.31
"2026-06-02 19:28:11","KOSPI기온분석","5~15도",17,0.3417647058823529
"2026-06-02 19:28:11","KOSPI기온분석","15~22도",33,0.10636363636363635
"2026-06-02 19:28:11","KOSPI기온분석","22~28도",43,0.3425581395348838
"2026-06-02 19:28:11","KOSPI기온분석","28도↑",30,0.09466666666666662
"2026-06-02 19:28:12","KOSPI기온분석","5도↓",1,0.31
"2026-06-02 19:28:12","KOSPI기온분석","5~15도",17,0.3417647058823529
"2026-06-02 19:28:12","KOSPI기온분석","15~22도",34,0.12088235294117645
"2026-06-02 19:28:12","KOSPI기온분석","22~28도",43,0.3425581395348838
"2026-06-02 19:28:12","KOSPI기온분석","28도↑",30,0.09466666666666662
"2026-06-02 19:28:12","KOSPI기온분석","5도↓",1,0.31
"2026-06-02 19:28:12","KOSPI기온분석","5~15도",17,0.3417647058823529
"2026-06-02 19:28:12","KOSPI기온분석","15~22도",35,0.16257142857142856
"2026-06-02 19:28:12","KOSPI기온분석","22~28도",43,0.3425581395348838
"2026-06-02 19:28:12","KOSPI기온분석","28도↑",30,0.09466666666666662
"2026-06-02 19:28:12","KOSPI기온분석","5도↓",1,0.31
"2026-06-02 19:28:12","KOSPI기온분석","5~15도",17,0.3417647058823529
"2026-06-02 19:28:12","KOSPI기온분석","15~22도",36,0.15166666666666664
"2026-06-02 19:28:12","KOSPI기온분석","22~28도",43,0.3425581395348838
"2026-06-02 19:28:12","KOSPI기온분석","28도↑",30,0.09466666666666662
"2026-06-02 19:28:12","KOSPI기온분석","5도↓",1,0.31
"2026-06-02 19:28:12","KOSPI기온분석","5~15도",17,0.3417647058823529
"2026-06-02 19:28:12","KOSPI기온분석","15~22도",37,0.16999999999999998
"2026-06-02 19:28:12","KOSPI기온분석","22~28도",43,0.3425581395348838
"2026-06-02 19:28:12","KOSPI기온분석","28도↑",30,0.09466666666666662
"2026-06-02 19:28:12","KOSPI기온분석","5도↓",1,0.31
"2026-06-02 19:28:12","KOSPI기온분석","5~15도",17,0.3417647058823529
"2026-06-02 19:28:12","KOSPI기온분석","15~22도",38,0.1763157894736842
"2026-06-02 19:28:12","KOSPI기온분석","22~28도",43,0.3425581395348838
"2026-06-02 19:28:12","KOSPI기온분석","28도↑",30,0.09466666666666662
"2026-06-02 19:28:12","KOSPI기온분석","5도↓",1,0.31
"2026-06-02 19:28:12","KOSPI기온분석","5~15도",17,0.3417647058823529
"2026-06-02 19:28:12","KOSPI기온분석","15~22도",39,0.1487179487179487
"2026-06-02 19:28:12","KOSPI기온분석","22~28도",43,0.3425581395348838
"2026-06-02 19:28:12","KOSPI기온분석","28도↑",30,0.09466666666666662
"2026-06-02 19:28:12","KOSPI기온분석","5도↓",1,0.31
"2026-06-02 19:28:12","KOSPI기온분석","5~15도",17,0.3417647058823529
"2026-06-02 19:28:12","KOSPI기온분석","15~22도",40,0.14975
"2026-06-02 19:28:12","KOSPI기온분석","22~28도",43,0.3425581395348838
"2026-06-02 19:28:12","KOSPI기온분석","28도↑",30,0.09466666666666662
"2026-06-02 19:28:12","KOSPI기온분석","5도↓",1,0.31
"2026-06-02 19:28:12","KOSPI기온분석","5~15도",17,0.3417647058823529
"2026-06-02 19:28:12","KOSPI기온분석","15~22도",41,0.14292682926829267
"2026-06-02 19:28:12","KOSPI기온분석","22~28도",43,0.3425581395348838
"2026-06-02 19:28:12","KOSPI기온분석","28도↑",30,0.09466666666666662
"2026-06-02 19:28:12","KOSPI기온분석","5도↓",1,0.31
"2026-06-02 19:28:12","KOSPI기온분석","5~15도",18,0.3622222222222222
"2026-06-02 19:28:12","KOSPI기온분석","15~22도",41,0.14292682926829267
"2026-06-02 19:28:12","KOSPI기온분석","22~28도",43,0.3425581395348838
"2026-06-02 19:28:12","KOSPI기온분석","28도↑",30,0.09466666666666662
"2026-06-02 19:28:12","KOSPI기온분석","5도↓",1,0.31
"2026-06-02 19:28:12","KOSPI기온분석","5~15도",19,0.27631578947368424
"2026-06-02 19:28:12","KOSPI기온분석","15~22도",41,0.14292682926829267
"2026-06-02 19:28:12","KOSPI기온분석","22~28도",43,0.3425581395348838
"2026-06-02 19:28:12","KOSPI기온분석","28도↑",30,0.09466666666666662
"2026-06-02 19:28:13","KOSPI기온분석","5도↓",1,0.31
"2026-06-02 19:28:13","KOSPI기온분석","5~15도",20,0.28450000000000003
"2026-06-02 19:28:13","KOSPI기온분석","15~22도",41,0.14292682926829267
"2026-06-02 19:28:13","KOSPI기온분석","22~28도",43,0.3425581395348838
"2026-06-02 19:28:13","KOSPI기온분석","28도↑",30,0.09466666666666662
"2026-06-02 19:28:13","KOSPI기온분석","5도↓",1,0.31
"2026-06-02 19:28:13","KOSPI기온분석","5~15도",21,0.28095238095238095
"2026-06-02 19:28:13","KOSPI기온분석","15~22도",41,0.14292682926829267
"2026-06-02 19:28:13","KOSPI기온분석","22~28도",43,0.3425581395348838
"2026-06-02 19:28:13","KOSPI기온분석","28도↑",30,0.09466666666666662
"2026-06-02 19:28:13","KOSPI기온분석","5도↓",1,0.31
"2026-06-02 19:28:13","KOSPI기온분석","5~15도",22,0.27636363636363637
"2026-06-02 19:28:13","KOSPI기온분석","15~22도",41,0.14292682926829267
"2026-06-02 19:28:13","KOSPI기온분석","22~28도",43,0.3425581395348838
"2026-06-02 19:28:13","KOSPI기온분석","28도↑",30,0.09466666666666662
"2026-06-02 19:28:13","KOSPI기온분석","5도↓",1,0.31
"2026-06-02 19:28:13","KOSPI기온분석","5~15도",23,0.2826086956521739
"2026-06-02 19:28:13","KOSPI기온분석","15~22도",41,0.14292682926829267
"2026-06-02 19:28:13","KOSPI기온분석","22~28도",43,0.3425581395348838
"2026-06-02 19:28:13","KOSPI기온분석","28도↑",30,0.09466666666666662
"2026-06-02 19:28:13","KOSPI기온분석","5도↓",1,0.31
"2026-06-02 19:28:13","KOSPI기온분석","5~15도",24,0.29833333333333334
"2026-06-02 19:28:13","KOSPI기온분석","15~22도",41,0.14292682926829267
"2026-06-02 19:28:13","KOSPI기온분석","22~28도",43,0.3425581395348838
"2026-06-02 19:28:13","KOSPI기온분석","28도↑",30,0.09466666666666662
"2026-06-02 19:28:13","KOSPI기온분석","5도↓",1,0.31
"2026-06-02 19:28:13","KOSPI기온분석","5~15도",25,0.316
"2026-06-02 19:28:13","KOSPI기온분석","15~22도",41,0.14292682926829267
"2026-06-02 19:28:13","KOSPI기온분석","22~28도",43,0.3425581395348838
"2026-06-02 19:28:13","KOSPI기온분석","28도↑",30,0.09466666666666662
"2026-06-02 19:28:13","KOSPI기온분석","5도↓",1,0.31
"2026-06-02 19:28:13","KOSPI기온분석","5~15도",26,0.29307692307692307
"2026-06-02 19:28:13","KOSPI기온분석","15~22도",41,0.14292682926829267
"2026-06-02 19:28:13","KOSPI기온분석","22~28도",43,0.3425581395348838
"2026-06-02 19:28:13","KOSPI기온분석","28도↑",30,0.09466666666666662
"2026-06-02 19:28:13","KOSPI기온분석","5도↓",1,0.31
"2026-06-02 19:28:13","KOSPI기온분석","5~15도",27,0.1385185185185185
"2026-06-02 19:28:13","KOSPI기온분석","15~22도",41,0.14292682926829267
"2026-06-02 19:28:13","KOSPI기온분석","22~28도",43,0.3425581395348838
"2026-06-02 19:28:13","KOSPI기온분석","28도↑",30,0.09466666666666662
"2026-06-02 19:28:13","KOSPI기온분석","5도↓",1,0.31
"2026-06-02 19:28:13","KOSPI기온분석","5~15도",28,0.1660714285714286
"2026-06-02 19:28:13","KOSPI기온분석","15~22도",41,0.14292682926829267
"2026-06-02 19:28:13","KOSPI기온분석","22~28도",43,0.3425581395348838
"2026-06-02 19:28:13","KOSPI기온분석","28도↑",30,0.09466666666666662
"2026-06-02 19:28:13","KOSPI기온분석","5도↓",1,0.31
"2026-06-02 19:28:13","KOSPI기온분석","5~15도",29,0.21551724137931033
"2026-06-02 19:28:13","KOSPI기온분석","15~22도",41,0.14292682926829267
"2026-06-02 19:28:13","KOSPI기온분석","22~28도",43,0.3425581395348838
"2026-06-02 19:28:13","KOSPI기온분석","28도↑",30,0.09466666666666662
"2026-06-02 19:28:14","KOSPI기온분석","5도↓",1,0.31
"2026-06-02 19:28:14","KOSPI기온분석","5~15도",30,0.20833333333333334
"2026-06-02 19:28:14","KOSPI기온분석","15~22도",41,0.14292682926829267
"2026-06-02 19:28:14","KOSPI기온분석","22~28도",43,0.3425581395348838
"2026-06-02 19:28:14","KOSPI기온분석","28도↑",30,0.09466666666666662
"2026-06-02 19:28:14","KOSPI기온분석","5도↓",1,0.31
"2026-06-02 19:28:14","KOSPI기온분석","5~15도",31,0.23129032258064516
"2026-06-02 19:28:14","KOSPI기온분석","15~22도",41,0.14292682926829267
"2026-06-02 19:28:14","KOSPI기온분석","22~28도",43,0.3425581395348838
"2026-06-02 19:28:14","KOSPI기온분석","28도↑",30,0.09466666666666662
"2026-06-02 19:28:14","KOSPI기온분석","5도↓",1,0.31
"2026-06-02 19:28:14","KOSPI기온분석","5~15도",32,0.206875
"2026-06-02 19:28:14","KOSPI기온분석","15~22도",41,0.14292682926829267
"2026-06-02 19:28:14","KOSPI기온분석","22~28도",43,0.3425581395348838
"2026-06-02 19:28:14","KOSPI기온분석","28도↑",30,0.09466666666666662
"2026-06-02 19:28:14","KOSPI기온분석","5도↓",1,0.31
"2026-06-02 19:28:14","KOSPI기온분석","5~15도",33,0.1975757575757576
"2026-06-02 19:28:14","KOSPI기온분석","15~22도",41,0.14292682926829267
"2026-06-02 19:28:14","KOSPI기온분석","22~28도",43,0.3425581395348838
"2026-06-02 19:28:14","KOSPI기온분석","28도↑",30,0.09466666666666662
"2026-06-02 19:28:14","KOSPI기온분석","5도↓",1,0.31
"2026-06-02 19:28:14","KOSPI기온분석","5~15도",34,0.1761764705882353
"2026-06-02 19:28:14","KOSPI기온분석","15~22도",41,0.14292682926829267
"2026-06-02 19:28:14","KOSPI기온분석","22~28도",43,0.3425581395348838
"2026-06-02 19:28:14","KOSPI기온분석","28도↑",30,0.09466666666666662
"2026-06-02 19:28:14","KOSPI기온분석","5도↓",1,0.31
"2026-06-02 19:28:14","KOSPI기온분석","5~15도",35,0.202
"2026-06-02 19:28:14","KOSPI기온분석","15~22도",41,0.14292682926829267
"2026-06-02 19:28:14","KOSPI기온분석","22~28도",43,0.3425581395348838
"2026-06-02 19:28:14","KOSPI기온분석","28도↑",30,0.09466666666666662
"2026-06-02 19:28:14","KOSPI기온분석","5도↓",1,0.31
"2026-06-02 19:28:14","KOSPI기온분석","5~15도",36,0.1975
"2026-06-02 19:28:14","KOSPI기온분석","15~22도",41,0.14292682926829267
"2026-06-02 19:28:14","KOSPI기온분석","22~28도",43,0.3425581395348838
"2026-06-02 19:28:14","KOSPI기온분석","28도↑",30,0.09466666666666662
"2026-06-02 19:28:14","KOSPI기온분석","5도↓",1,0.31
"2026-06-02 19:28:14","KOSPI기온분석","5~15도",37,0.15162162162162163
"2026-06-02 19:28:14","KOSPI기온분석","15~22도",41,0.14292682926829267
"2026-06-02 19:28:14","KOSPI기온분석","22~28도",43,0.3425581395348838
"2026-06-02 19:28:14","KOSPI기온분석","28도↑",30,0.09466666666666662
"2026-06-02 19:28:14","KOSPI기온분석","5도↓",2,-0.25
"2026-06-02 19:28:14","KOSPI기온분석","5~15도",37,0.15162162162162163
"2026-06-02 19:28:14","KOSPI기온분석","15~22도",41,0.14292682926829267
"2026-06-02 19:28:14","KOSPI기온분석","22~28도",43,0.3425581395348838
"2026-06-02 19:28:14","KOSPI기온분석","28도↑",30,0.09466666666666662
"2026-06-02 19:28:14","KOSPI기온분석","5도↓",3,-0.39333333333333337
"2026-06-02 19:28:14","KOSPI기온분석","5~15도",37,0.15162162162162163
"2026-06-02 19:28:14","KOSPI기온분석","15~22도",41,0.14292682926829267
"2026-06-02 19:28:14","KOSPI기온분석","22~28도",43,0.3425581395348838
"2026-06-02 19:28:14","KOSPI기온분석","28도↑",30,0.09466666666666662
"2026-06-02 19:28:15","KOSPI기온분석","5도↓",4,-0.20250000000000004
"2026-06-02 19:28:15","KOSPI기온분석","5~15도",37,0.15162162162162163
"2026-06-02 19:28:15","KOSPI기온분석","15~22도",41,0.14292682926829267
"2026-06-02 19:28:15","KOSPI기온분석","22~28도",43,0.3425581395348838
"2026-06-02 19:28:15","KOSPI기온분석","28도↑",30,0.09466666666666662
"2026-06-02 19:28:15","KOSPI기온분석","5도↓",4,-0.20250000000000004
"2026-06-02 19:28:15","KOSPI기온분석","5~15도",38,0.17026315789473687
"2026-06-02 19:28:15","KOSPI기온분석","15~22도",41,0.14292682926829267
"2026-06-02 19:28:15","KOSPI기온분석","22~28도",43,0.3425581395348838
"2026-06-02 19:28:15","KOSPI기온분석","28도↑",30,0.09466666666666662
"2026-06-02 19:28:15","KOSPI기온분석","5도↓",4,-0.20250000000000004
"2026-06-02 19:28:15","KOSPI기온분석","5~15도",39,0.19923076923076924
"2026-06-02 19:28:15","KOSPI기온분석","15~22도",41,0.14292682926829267
"2026-06-02 19:28:15","KOSPI기온분석","22~28도",43,0.3425581395348838
"2026-06-02 19:28:15","KOSPI기온분석","28도↑",30,0.09466666666666662
"2026-06-02 19:28:15","KOSPI기온분석","5도↓",4,-0.20250000000000004
"2026-06-02 19:28:15","KOSPI기온분석","5~15도",40,0.1705
"2026-06-02 19:28:15","KOSPI기온분석","15~22도",41,0.14292682926829267
"2026-06-02 19:28:15","KOSPI기온분석","22~28도",43,0.3425581395348838
"2026-06-02 19:28:15","KOSPI기온분석","28도↑",30,0.09466666666666662
"2026-06-02 19:28:15","KOSPI기온분석","5도↓",4,-0.20250000000000004
"2026-06-02 19:28:15","KOSPI기온분석","5~15도",41,0.17243902439024392
"2026-06-02 19:28:15","KOSPI기온분석","15~22도",41,0.14292682926829267
"2026-06-02 19:28:15","KOSPI기온분석","22~28도",43,0.3425581395348838
"2026-06-02 19:28:15","KOSPI기온분석","28도↑",30,0.09466666666666662
"2026-06-02 19:28:15","KOSPI기온분석","5도↓",4,-0.20250000000000004
"2026-06-02 19:28:15","KOSPI기온분석","5~15도",42,0.17523809523809525
"2026-06-02 19:28:15","KOSPI기온분석","15~22도",41,0.14292682926829267
"2026-06-02 19:28:15","KOSPI기온분석","22~28도",43,0.3425581395348838
"2026-06-02 19:28:15","KOSPI기온분석","28도↑",30,0.09466666666666662
"2026-06-02 19:28:15","KOSPI기온분석","5도↓",4,-0.20250000000000004
"2026-06-02 19:28:15","KOSPI기온분석","5~15도",43,0.16372093023255815
"2026-06-02 19:28:15","KOSPI기온분석","15~22도",41,0.14292682926829267
"2026-06-02 19:28:15","KOSPI기온분석","22~28도",43,0.3425581395348838
"2026-06-02 19:28:15","KOSPI기온분석","28도↑",30,0.09466666666666662
"2026-06-02 19:28:15","KOSPI기온분석","5도↓",4,-0.20250000000000004
"2026-06-02 19:28:15","KOSPI기온분석","5~15도",44,0.1293181818181818
"2026-06-02 19:28:15","KOSPI기온분석","15~22도",41,0.14292682926829267
"2026-06-02 19:28:15","KOSPI기온분석","22~28도",43,0.3425581395348838
"2026-06-02 19:28:15","KOSPI기온분석","28도↑",30,0.09466666666666662
"2026-06-02 19:28:15","KOSPI기온분석","5도↓",4,-0.20250000000000004
"2026-06-02 19:28:15","KOSPI기온분석","5~15도",45,0.14733333333333332
"2026-06-02 19:28:15","KOSPI기온분석","15~22도",41,0.14292682926829267
"2026-06-02 19:28:15","KOSPI기온분석","22~28도",43,0.3425581395348838
"2026-06-02 19:28:15","KOSPI기온분석","28도↑",30,0.09466666666666662
"2026-06-02 19:28:15","KOSPI기온분석","5도↓",5,-0.08600000000000003
"2026-06-02 19:28:15","KOSPI기온분석","5~15도",45,0.14733333333333332
"2026-06-02 19:28:15","KOSPI기온분석","15~22도",41,0.14292682926829267
"2026-06-02 19:28:15","KOSPI기온분석","22~28도",43,0.3425581395348838
"2026-06-02 19:28:15","KOSPI기온분석","28도↑",30,0.09466666666666662
"2026-06-02 19:28:16","KOSPI기온분석","5도↓",6,0.014999999999999977
"2026-06-02 19:28:16","KOSPI기온분석","5~15도",45,0.14733333333333332
"2026-06-02 19:28:16","KOSPI기온분석","15~22도",41,0.14292682926829267
"2026-06-02 19:28:16","KOSPI기온분석","22~28도",43,0.3425581395348838
"2026-06-02 19:28:16","KOSPI기온분석","28도↑",30,0.09466666666666662
"2026-06-02 19:28:16","KOSPI기온분석","5도↓",7,0.03142857142857141
"2026-06-02 19:28:16","KOSPI기온분석","5~15도",45,0.14733333333333332
"2026-06-02 19:28:16","KOSPI기온분석","15~22도",41,0.14292682926829267
"2026-06-02 19:28:16","KOSPI기온분석","22~28도",43,0.3425581395348838
"2026-06-02 19:28:16","KOSPI기온분석","28도↑",30,0.09466666666666662
"2026-06-02 19:28:16","KOSPI기온분석","5도↓",7,0.03142857142857141
"2026-06-02 19:28:16","KOSPI기온분석","5~15도",46,0.15391304347826085
"2026-06-02 19:28:16","KOSPI기온분석","15~22도",41,0.14292682926829267
"2026-06-02 19:28:16","KOSPI기온분석","22~28도",43,0.3425581395348838
"2026-06-02 19:28:16","KOSPI기온분석","28도↑",30,0.09466666666666662
"2026-06-02 19:28:16","KOSPI기온분석","5도↓",8,0.185
"2026-06-02 19:28:16","KOSPI기온분석","5~15도",46,0.15391304347826085
"2026-06-02 19:28:16","KOSPI기온분석","15~22도",41,0.14292682926829267
"2026-06-02 19:28:16","KOSPI기온분석","22~28도",43,0.3425581395348838
"2026-06-02 19:28:16","KOSPI기온분석","28도↑",30,0.09466666666666662
"2026-06-02 19:28:16","KOSPI기온분석","5도↓",9,0.35
"2026-06-02 19:28:16","KOSPI기온분석","5~15도",46,0.15391304347826085
"2026-06-02 19:28:16","KOSPI기온분석","15~22도",41,0.14292682926829267
"2026-06-02 19:28:16","KOSPI기온분석","22~28도",43,0.3425581395348838
"2026-06-02 19:28:16","KOSPI기온분석","28도↑",30,0.09466666666666662
"2026-06-02 19:28:16","KOSPI기온분석","5도↓",10,0.40499999999999997
"2026-06-02 19:28:16","KOSPI기온분석","5~15도",46,0.15391304347826085
"2026-06-02 19:28:16","KOSPI기온분석","15~22도",41,0.14292682926829267
"2026-06-02 19:28:16","KOSPI기온분석","22~28도",43,0.3425581395348838
"2026-06-02 19:28:16","KOSPI기온분석","28도↑",30,0.09466666666666662
"2026-06-02 19:28:16","KOSPI기온분석","5도↓",11,0.5081818181818182
"2026-06-02 19:28:16","KOSPI기온분석","5~15도",46,0.15391304347826085
"2026-06-02 19:28:16","KOSPI기온분석","15~22도",41,0.14292682926829267
"2026-06-02 19:28:16","KOSPI기온분석","22~28도",43,0.3425581395348838
"2026-06-02 19:28:16","KOSPI기온분석","28도↑",30,0.09466666666666662
"2026-06-02 19:28:16","KOSPI기온분석","5도↓",12,0.49499999999999994
"2026-06-02 19:28:16","KOSPI기온분석","5~15도",46,0.15391304347826085
"2026-06-02 19:28:16","KOSPI기온분석","15~22도",41,0.14292682926829267
"2026-06-02 19:28:16","KOSPI기온분석","22~28도",43,0.3425581395348838
"2026-06-02 19:28:16","KOSPI기온분석","28도↑",30,0.09466666666666662
"2026-06-02 19:28:16","KOSPI기온분석","5도↓",13,0.5523076923076923
"2026-06-02 19:28:16","KOSPI기온분석","5~15도",46,0.15391304347826085
"2026-06-02 19:28:16","KOSPI기온분석","15~22도",41,0.14292682926829267
"2026-06-02 19:28:16","KOSPI기온분석","22~28도",43,0.3425581395348838
"2026-06-02 19:28:16","KOSPI기온분석","28도↑",30,0.09466666666666662
"2026-06-02 19:28:16","KOSPI기온분석","5도↓",14,0.43785714285714283
"2026-06-02 19:28:16","KOSPI기온분석","5~15도",46,0.15391304347826085
"2026-06-02 19:28:16","KOSPI기온분석","15~22도",41,0.14292682926829267
"2026-06-02 19:28:16","KOSPI기온분석","22~28도",43,0.3425581395348838
"2026-06-02 19:28:16","KOSPI기온분석","28도↑",30,0.09466666666666662
"2026-06-02 19:28:17","KOSPI기온분석","5도↓",15,0.502
"2026-06-02 19:28:17","KOSPI기온분석","5~15도",46,0.15391304347826085
"2026-06-02 19:28:17","KOSPI기온분석","15~22도",41,0.14292682926829267
"2026-06-02 19:28:17","KOSPI기온분석","22~28도",43,0.3425581395348838
"2026-06-02 19:28:17","KOSPI기온분석","28도↑",30,0.09466666666666662
"2026-06-02 19:28:17","KOSPI기온분석","5도↓",16,0.44187499999999996
"2026-06-02 19:28:17","KOSPI기온분석","5~15도",46,0.15391304347826085
"2026-06-02 19:28:17","KOSPI기온분석","15~22도",41,0.14292682926829267
"2026-06-02 19:28:17","KOSPI기온분석","22~28도",43,0.3425581395348838
"2026-06-02 19:28:17","KOSPI기온분석","28도↑",30,0.09466666666666662
"2026-06-02 19:28:17","KOSPI기온분석","5도↓",17,0.4558823529411764
"2026-06-02 19:28:17","KOSPI기온분석","5~15도",46,0.15391304347826085
"2026-06-02 19:28:17","KOSPI기온분석","15~22도",41,0.14292682926829267
"2026-06-02 19:28:17","KOSPI기온분석","22~28도",43,0.3425581395348838
"2026-06-02 19:28:17","KOSPI기온분석","28도↑",30,0.09466666666666662
"2026-06-02 19:28:17","KOSPI기온분석","5도↓",18,0.4588888888888889
"2026-06-02 19:28:17","KOSPI기온분석","5~15도",46,0.15391304347826085
"2026-06-02 19:28:17","KOSPI기온분석","15~22도",41,0.14292682926829267
"2026-06-02 19:28:17","KOSPI기온분석","22~28도",43,0.3425581395348838
"2026-06-02 19:28:17","KOSPI기온분석","28도↑",30,0.09466666666666662
"2026-06-02 19:28:17","KOSPI기온분석","5도↓",19,0.41368421052631577
"2026-06-02 19:28:17","KOSPI기온분석","5~15도",46,0.15391304347826085
"2026-06-02 19:28:17","KOSPI기온분석","15~22도",41,0.14292682926829267
"2026-06-02 19:28:17","KOSPI기온분석","22~28도",43,0.3425581395348838
"2026-06-02 19:28:17","KOSPI기온분석","28도↑",30,0.09466666666666662
"2026-06-02 19:28:17","KOSPI기온분석","5도↓",20,0.39149999999999996
"2026-06-02 19:28:17","KOSPI기온분석","5~15도",46,0.15391304347826085
"2026-06-02 19:28:17","KOSPI기온분석","15~22도",41,0.14292682926829267
"2026-06-02 19:28:17","KOSPI기온분석","22~28도",43,0.3425581395348838
"2026-06-02 19:28:17","KOSPI기온분석","28도↑",30,0.09466666666666662
"2026-06-02 19:28:17","KOSPI기온분석","5도↓",21,0.25619047619047614
"2026-06-02 19:28:17","KOSPI기온분석","5~15도",46,0.15391304347826085
"2026-06-02 19:28:17","KOSPI기온분석","15~22도",41,0.14292682926829267
"2026-06-02 19:28:17","KOSPI기온분석","22~28도",43,0.3425581395348838
"2026-06-02 19:28:17","KOSPI기온분석","28도↑",30,0.09466666666666662
"2026-06-02 19:28:17","KOSPI기온분석","5도↓",22,0.30499999999999994
"2026-06-02 19:28:17","KOSPI기온분석","5~15도",46,0.15391304347826085
"2026-06-02 19:28:17","KOSPI기온분석","15~22도",41,0.14292682926829267
"2026-06-02 19:28:17","KOSPI기온분석","22~28도",43,0.3425581395348838
"2026-06-02 19:28:17","KOSPI기온분석","28도↑",30,0.09466666666666662
"2026-06-02 19:28:17","KOSPI기온분석","5도↓",23,0.2834782608695652
"2026-06-02 19:28:17","KOSPI기온분석","5~15도",46,0.15391304347826085
"2026-06-02 19:28:17","KOSPI기온분석","15~22도",41,0.14292682926829267
"2026-06-02 19:28:17","KOSPI기온분석","22~28도",43,0.3425581395348838
"2026-06-02 19:28:17","KOSPI기온분석","28도↑",30,0.09466666666666662
"2026-06-02 19:28:18","KOSPI기온분석","5도↓",24,0.30958333333333327
"2026-06-02 19:28:18","KOSPI기온분석","5~15도",46,0.15391304347826085
"2026-06-02 19:28:18","KOSPI기온분석","15~22도",41,0.14292682926829267
"2026-06-02 19:28:18","KOSPI기온분석","22~28도",43,0.3425581395348838
"2026-06-02 19:28:18","KOSPI기온분석","28도↑",30,0.09466666666666662
"2026-06-02 19:28:18","KOSPI기온분석","5도↓",25,0.40519999999999995
"2026-06-02 19:28:18","KOSPI기온분석","5~15도",46,0.15391304347826085
"2026-06-02 19:28:18","KOSPI기온분석","15~22도",41,0.14292682926829267
"2026-06-02 19:28:18","KOSPI기온분석","22~28도",43,0.3425581395348838
"2026-06-02 19:28:18","KOSPI기온분석","28도↑",30,0.09466666666666662
"2026-06-02 19:28:18","KOSPI기온분석","5도↓",26,0.3896153846153846
"2026-06-02 19:28:18","KOSPI기온분석","5~15도",46,0.15391304347826085
"2026-06-02 19:28:18","KOSPI기온분석","15~22도",41,0.14292682926829267
"2026-06-02 19:28:18","KOSPI기온분석","22~28도",43,0.3425581395348838
"2026-06-02 19:28:18","KOSPI기온분석","28도↑",30,0.09466666666666662
"2026-06-02 19:28:18","KOSPI기온분석","5도↓",27,0.43925925925925924
"2026-06-02 19:28:18","KOSPI기온분석","5~15도",46,0.15391304347826085
"2026-06-02 19:28:18","KOSPI기온분석","15~22도",41,0.14292682926829267
"2026-06-02 19:28:18","KOSPI기온분석","22~28도",43,0.3425581395348838
"2026-06-02 19:28:18","KOSPI기온분석","28도↑",30,0.09466666666666662
"2026-06-02 19:28:18","KOSPI기온분석","5도↓",28,0.3978571428571428
"2026-06-02 19:28:18","KOSPI기온분석","5~15도",46,0.15391304347826085
"2026-06-02 19:28:18","KOSPI기온분석","15~22도",41,0.14292682926829267
"2026-06-02 19:28:18","KOSPI기온분석","22~28도",43,0.3425581395348838
"2026-06-02 19:28:18","KOSPI기온분석","28도↑",30,0.09466666666666662
"2026-06-02 19:28:18","KOSPI기온분석","5도↓",29,0.36241379310344823
"2026-06-02 19:28:18","KOSPI기온분석","5~15도",46,0.15391304347826085
"2026-06-02 19:28:18","KOSPI기온분석","15~22도",41,0.14292682926829267
"2026-06-02 19:28:18","KOSPI기온분석","22~28도",43,0.3425581395348838
"2026-06-02 19:28:18","KOSPI기온분석","28도↑",30,0.09466666666666662
"2026-06-02 19:28:18","KOSPI기온분석","5도↓",30,0.4396666666666666
"2026-06-02 19:28:18","KOSPI기온분석","5~15도",46,0.15391304347826085
"2026-06-02 19:28:18","KOSPI기온분석","15~22도",41,0.14292682926829267
"2026-06-02 19:28:18","KOSPI기온분석","22~28도",43,0.3425581395348838
"2026-06-02 19:28:18","KOSPI기온분석","28도↑",30,0.09466666666666662
"2026-06-02 19:28:18","KOSPI기온분석","5도↓",31,0.5058064516129032
"2026-06-02 19:28:18","KOSPI기온분석","5~15도",46,0.15391304347826085
"2026-06-02 19:28:18","KOSPI기온분석","15~22도",41,0.14292682926829267
"2026-06-02 19:28:18","KOSPI기온분석","22~28도",43,0.3425581395348838
"2026-06-02 19:28:18","KOSPI기온분석","28도↑",30,0.09466666666666662
"2026-06-02 19:28:18","KOSPI기온분석","5도↓",32,0.49031249999999993
"2026-06-02 19:28:18","KOSPI기온분석","5~15도",46,0.15391304347826085
"2026-06-02 19:28:18","KOSPI기온분석","15~22도",41,0.14292682926829267
"2026-06-02 19:28:18","KOSPI기온분석","22~28도",43,0.3425581395348838
"2026-06-02 19:28:18","KOSPI기온분석","28도↑",30,0.09466666666666662
"2026-06-02 19:28:18","KOSPI기온분석","5도↓",33,0.5287878787878788
"2026-06-02 19:28:18","KOSPI기온분석","5~15도",46,0.15391304347826085
"2026-06-02 19:28:18","KOSPI기온분석","15~22도",41,0.14292682926829267
"2026-06-02 19:28:18","KOSPI기온분석","22~28도",43,0.3425581395348838
"2026-06-02 19:28:18","KOSPI기온분석","28도↑",30,0.09466666666666662
"2026-06-02 19:28:19","KOSPI기온분석","5도↓",34,0.5202941176470588
"2026-06-02 19:28:19","KOSPI기온분석","5~15도",46,0.15391304347826085
"2026-06-02 19:28:19","KOSPI기온분석","15~22도",41,0.14292682926829267
"2026-06-02 19:28:19","KOSPI기온분석","22~28도",43,0.3425581395348838
"2026-06-02 19:28:19","KOSPI기온분석","28도↑",30,0.09466666666666662
"2026-06-02 19:28:19","KOSPI기온분석","5도↓",35,0.5499999999999999
"2026-06-02 19:28:19","KOSPI기온분석","5~15도",46,0.15391304347826085
"2026-06-02 19:28:19","KOSPI기온분석","15~22도",41,0.14292682926829267
"2026-06-02 19:28:19","KOSPI기온분석","22~28도",43,0.3425581395348838
"2026-06-02 19:28:19","KOSPI기온분석","28도↑",30,0.09466666666666662
"2026-06-02 19:28:19","KOSPI기온분석","5도↓",36,0.5074999999999998
"2026-06-02 19:28:19","KOSPI기온분석","5~15도",46,0.15391304347826085
"2026-06-02 19:28:19","KOSPI기온분석","15~22도",41,0.14292682926829267
"2026-06-02 19:28:19","KOSPI기온분석","22~28도",43,0.3425581395348838
"2026-06-02 19:28:19","KOSPI기온분석","28도↑",30,0.09466666666666662
"2026-06-02 19:28:19","KOSPI기온분석","5도↓",37,0.5613513513513513
"2026-06-02 19:28:19","KOSPI기온분석","5~15도",46,0.15391304347826085
"2026-06-02 19:28:19","KOSPI기온분석","15~22도",41,0.14292682926829267
"2026-06-02 19:28:19","KOSPI기온분석","22~28도",43,0.3425581395348838
"2026-06-02 19:28:19","KOSPI기온분석","28도↑",30,0.09466666666666662
"2026-06-02 19:28:19","KOSPI기온분석","5도↓",38,0.6142105263157894
"2026-06-02 19:28:19","KOSPI기온분석","5~15도",46,0.15391304347826085
"2026-06-02 19:28:19","KOSPI기온분석","15~22도",41,0.14292682926829267
"2026-06-02 19:28:19","KOSPI기온분석","22~28도",43,0.3425581395348838
"2026-06-02 19:28:19","KOSPI기온분석","28도↑",30,0.09466666666666662
"2026-06-02 19:28:19","KOSPI기온분석","5도↓",39,0.5779487179487178
"2026-06-02 19:28:19","KOSPI기온분석","5~15도",46,0.15391304347826085
"2026-06-02 19:28:19","KOSPI기온분석","15~22도",41,0.14292682926829267
"2026-06-02 19:28:19","KOSPI기온분석","22~28도",43,0.3425581395348838
"2026-06-02 19:28:19","KOSPI기온분석","28도↑",30,0.09466666666666662
"2026-06-02 19:28:19","KOSPI기온분석","5도↓",40,0.6074999999999999
"2026-06-02 19:28:19","KOSPI기온분석","5~15도",46,0.15391304347826085
"2026-06-02 19:28:19","KOSPI기온분석","15~22도",41,0.14292682926829267
"2026-06-02 19:28:19","KOSPI기온분석","22~28도",43,0.3425581395348838
"2026-06-02 19:28:19","KOSPI기온분석","28도↑",30,0.09466666666666662
"2026-06-02 19:28:19","KOSPI기온분석","5도↓",41,0.5960975609756097
"2026-06-02 19:28:19","KOSPI기온분석","5~15도",46,0.15391304347826085
"2026-06-02 19:28:19","KOSPI기온분석","15~22도",41,0.14292682926829267
"2026-06-02 19:28:19","KOSPI기온분석","22~28도",43,0.3425581395348838
"2026-06-02 19:28:19","KOSPI기온분석","28도↑",30,0.09466666666666662
"2026-06-02 19:28:19","KOSPI기온분석","5도↓",42,0.5938095238095238
"2026-06-02 19:28:19","KOSPI기온분석","5~15도",46,0.15391304347826085
"2026-06-02 19:28:19","KOSPI기온분석","15~22도",41,0.14292682926829267
"2026-06-02 19:28:19","KOSPI기온분석","22~28도",43,0.3425581395348838
"2026-06-02 19:28:19","KOSPI기온분석","28도↑",30,0.09466666666666662
"2026-06-02 19:28:19","KOSPI기온분석","5도↓",43,0.6446511627906977
"2026-06-02 19:28:19","KOSPI기온분석","5~15도",46,0.15391304347826085
"2026-06-02 19:28:19","KOSPI기온분석","15~22도",41,0.14292682926829267
"2026-06-02 19:28:19","KOSPI기온분석","22~28도",43,0.3425581395348838
"2026-06-02 19:28:19","KOSPI기온분석","28도↑",30,0.09466666666666662
"2026-06-02 19:28:20","KOSPI기온분석","5도↓",44,0.5761363636363636
"2026-06-02 19:28:20","KOSPI기온분석","5~15도",46,0.15391304347826085
"2026-06-02 19:28:20","KOSPI기온분석","15~22도",41,0.14292682926829267
"2026-06-02 19:28:20","KOSPI기온분석","22~28도",43,0.3425581395348838
"2026-06-02 19:28:20","KOSPI기온분석","28도↑",30,0.09466666666666662
"2026-06-02 19:28:20","KOSPI기온분석","5도↓",45,0.49999999999999994
"2026-06-02 19:28:20","KOSPI기온분석","5~15도",46,0.15391304347826085
"2026-06-02 19:28:20","KOSPI기온분석","15~22도",41,0.14292682926829267
"2026-06-02 19:28:20","KOSPI기온분석","22~28도",43,0.3425581395348838
"2026-06-02 19:28:20","KOSPI기온분석","28도↑",30,0.09466666666666662
"2026-06-02 19:28:20","KOSPI기온분석","5도↓",46,0.5010869565217391
"2026-06-02 19:28:20","KOSPI기온분석","5~15도",46,0.15391304347826085
"2026-06-02 19:28:20","KOSPI기온분석","15~22도",41,0.14292682926829267
"2026-06-02 19:28:20","KOSPI기온분석","22~28도",43,0.3425581395348838
"2026-06-02 19:28:20","KOSPI기온분석","28도↑",30,0.09466666666666662
"2026-06-02 19:28:20","KOSPI기온분석","5도↓",47,0.45191489361702125
"2026-06-02 19:28:20","KOSPI기온분석","5~15도",46,0.15391304347826085
"2026-06-02 19:28:20","KOSPI기온분석","15~22도",41,0.14292682926829267
"2026-06-02 19:28:20","KOSPI기온분석","22~28도",43,0.3425581395348838
"2026-06-02 19:28:20","KOSPI기온분석","28도↑",30,0.09466666666666662
"2026-06-02 19:28:20","KOSPI기온분석","5도↓",48,0.5054166666666666
"2026-06-02 19:28:20","KOSPI기온분석","5~15도",46,0.15391304347826085
"2026-06-02 19:28:20","KOSPI기온분석","15~22도",41,0.14292682926829267
"2026-06-02 19:28:20","KOSPI기온분석","22~28도",43,0.3425581395348838
"2026-06-02 19:28:20","KOSPI기온분석","28도↑",30,0.09466666666666662
"2026-06-02 19:28:20","KOSPI기온분석","5도↓",49,0.5116326530612244
"2026-06-02 19:28:20","KOSPI기온분석","5~15도",46,0.15391304347826085
"2026-06-02 19:28:20","KOSPI기온분석","15~22도",41,0.14292682926829267
"2026-06-02 19:28:20","KOSPI기온분석","22~28도",43,0.3425581395348838
"2026-06-02 19:28:20","KOSPI기온분석","28도↑",30,0.09466666666666662
"2026-06-02 19:28:20","KOSPI기온분석","5도↓",50,0.5227999999999999
"2026-06-02 19:28:20","KOSPI기온분석","5~15도",46,0.15391304347826085
"2026-06-02 19:28:20","KOSPI기온분석","15~22도",41,0.14292682926829267
"2026-06-02 19:28:20","KOSPI기온분석","22~28도",43,0.3425581395348838
"2026-06-02 19:28:20","KOSPI기온분석","28도↑",30,0.09466666666666662
"2026-06-02 19:28:20","KOSPI기온분석","5도↓",51,0.522156862745098
"2026-06-02 19:28:20","KOSPI기온분석","5~15도",46,0.15391304347826085
"2026-06-02 19:28:20","KOSPI기온분석","15~22도",41,0.14292682926829267
"2026-06-02 19:28:20","KOSPI기온분석","22~28도",43,0.3425581395348838
"2026-06-02 19:28:20","KOSPI기온분석","28도↑",30,0.09466666666666662
"2026-06-02 19:28:20","KOSPI기온분석","5도↓",52,0.4388461538461538
"2026-06-02 19:28:20","KOSPI기온분석","5~15도",46,0.15391304347826085
"2026-06-02 19:28:20","KOSPI기온분석","15~22도",41,0.14292682926829267
"2026-06-02 19:28:20","KOSPI기온분석","22~28도",43,0.3425581395348838
"2026-06-02 19:28:20","KOSPI기온분석","28도↑",30,0.09466666666666662
"2026-06-02 19:28:20","KOSPI기온분석","5도↓",52,0.4388461538461538
"2026-06-02 19:28:20","KOSPI기온분석","5~15도",47,0.19191489361702127
"2026-06-02 19:28:20","KOSPI기온분석","15~22도",41,0.14292682926829267
"2026-06-02 19:28:20","KOSPI기온분석","22~28도",43,0.3425581395348838
"2026-06-02 19:28:20","KOSPI기온분석","28도↑",30,0.09466666666666662
"2026-06-02 19:28:21","KOSPI기온분석","5도↓",53,0.3679245283018867
"2026-06-02 19:28:21","KOSPI기온분석","5~15도",47,0.19191489361702127
"2026-06-02 19:28:21","KOSPI기온분석","15~22도",41,0.14292682926829267
"2026-06-02 19:28:21","KOSPI기온분석","22~28도",43,0.3425581395348838
"2026-06-02 19:28:21","KOSPI기온분석","28도↑",30,0.09466666666666662
"2026-06-02 19:28:21","KOSPI기온분석","5도↓",54,0.34981481481481475
"2026-06-02 19:28:21","KOSPI기온분석","5~15도",47,0.19191489361702127
"2026-06-02 19:28:21","KOSPI기온분석","15~22도",41,0.14292682926829267
"2026-06-02 19:28:21","KOSPI기온분석","22~28도",43,0.3425581395348838
"2026-06-02 19:28:21","KOSPI기온분석","28도↑",30,0.09466666666666662
"2026-06-02 19:28:21","KOSPI기온분석","5도↓",55,0.3783636363636363
"2026-06-02 19:28:21","KOSPI기온분석","5~15도",47,0.19191489361702127
"2026-06-02 19:28:21","KOSPI기온분석","15~22도",41,0.14292682926829267
"2026-06-02 19:28:21","KOSPI기온분석","22~28도",43,0.3425581395348838
"2026-06-02 19:28:21","KOSPI기온분석","28도↑",30,0.09466666666666662
"2026-06-02 19:28:21","KOSPI기온분석","5도↓",56,0.3039285714285714
"2026-06-02 19:28:21","KOSPI기온분석","5~15도",47,0.19191489361702127
"2026-06-02 19:28:21","KOSPI기온분석","15~22도",41,0.14292682926829267
"2026-06-02 19:28:21","KOSPI기온분석","22~28도",43,0.3425581395348838
"2026-06-02 19:28:21","KOSPI기온분석","28도↑",30,0.09466666666666662
"2026-06-02 19:28:21","KOSPI기온분석","5도↓",56,0.3039285714285714
"2026-06-02 19:28:21","KOSPI기온분석","5~15도",48,0.18395833333333333
"2026-06-02 19:28:21","KOSPI기온분석","15~22도",41,0.14292682926829267
"2026-06-02 19:28:21","KOSPI기온분석","22~28도",43,0.3425581395348838
"2026-06-02 19:28:21","KOSPI기온분석","28도↑",30,0.09466666666666662
"2026-06-02 19:28:21","KOSPI기온분석","5도↓",57,0.30385964912280694
"2026-06-02 19:28:21","KOSPI기온분석","5~15도",48,0.18395833333333333
"2026-06-02 19:28:21","KOSPI기온분석","15~22도",41,0.14292682926829267
"2026-06-02 19:28:21","KOSPI기온분석","22~28도",43,0.3425581395348838
"2026-06-02 19:28:21","KOSPI기온분석","28도↑",30,0.09466666666666662
"2026-06-02 19:28:21","KOSPI기온분석","5도↓",58,0.344655172413793
"2026-06-02 19:28:21","KOSPI기온분석","5~15도",48,0.18395833333333333
"2026-06-02 19:28:21","KOSPI기온분석","15~22도",41,0.14292682926829267
"2026-06-02 19:28:21","KOSPI기온분석","22~28도",43,0.3425581395348838
"2026-06-02 19:28:21","KOSPI기온분석","28도↑",30,0.09466666666666662
"2026-06-02 19:28:21","KOSPI기온분석","5도↓",58,0.344655172413793
"2026-06-02 19:28:21","KOSPI기온분석","5~15도",49,0.1936734693877551
"2026-06-02 19:28:21","KOSPI기온분석","15~22도",41,0.14292682926829267
"2026-06-02 19:28:21","KOSPI기온분석","22~28도",43,0.3425581395348838
"2026-06-02 19:28:21","KOSPI기온분석","28도↑",30,0.09466666666666662
"2026-06-02 19:28:21","KOSPI기온분석","5도↓",58,0.344655172413793
"2026-06-02 19:28:21","KOSPI기온분석","5~15도",50,0.15960000000000002
"2026-06-02 19:28:21","KOSPI기온분석","15~22도",41,0.14292682926829267
"2026-06-02 19:28:21","KOSPI기온분석","22~28도",43,0.3425581395348838
"2026-06-02 19:28:21","KOSPI기온분석","28도↑",30,0.09466666666666662
"2026-06-02 19:28:21","KOSPI기온분석","5도↓",58,0.344655172413793
"2026-06-02 19:28:21","KOSPI기온분석","5~15도",51,0.15333333333333335
"2026-06-02 19:28:21","KOSPI기온분석","15~22도",41,0.14292682926829267
"2026-06-02 19:28:21","KOSPI기온분석","22~28도",43,0.3425581395348838
"2026-06-02 19:28:21","KOSPI기온분석","28도↑",30,0.09466666666666662
"2026-06-02 19:28:22","KOSPI기온분석","5도↓",59,0.37101694915254224
"2026-06-02 19:28:22","KOSPI기온분석","5~15도",51,0.15333333333333335
"2026-06-02 19:28:22","KOSPI기온분석","15~22도",41,0.14292682926829267
"2026-06-02 19:28:22","KOSPI기온분석","22~28도",43,0.3425581395348838
"2026-06-02 19:28:22","KOSPI기온분석","28도↑",30,0.09466666666666662
"2026-06-02 19:28:22","KOSPI기온분석","5도↓",59,0.37101694915254224
"2026-06-02 19:28:22","KOSPI기온분석","5~15도",52,0.17038461538461538
"2026-06-02 19:28:22","KOSPI기온분석","15~22도",41,0.14292682926829267
"2026-06-02 19:28:22","KOSPI기온분석","22~28도",43,0.3425581395348838
"2026-06-02 19:28:22","KOSPI기온분석","28도↑",30,0.09466666666666662
"2026-06-02 19:28:22","KOSPI기온분석","5도↓",59,0.37101694915254224
"2026-06-02 19:28:22","KOSPI기온분석","5~15도",53,0.16358490566037737
"2026-06-02 19:28:22","KOSPI기온분석","15~22도",41,0.14292682926829267
"2026-06-02 19:28:22","KOSPI기온분석","22~28도",43,0.3425581395348838
"2026-06-02 19:28:22","KOSPI기온분석","28도↑",30,0.09466666666666662
"2026-06-02 19:28:22","KOSPI기온분석","5도↓",59,0.37101694915254224
"2026-06-02 19:28:22","KOSPI기온분석","5~15도",54,0.1935185185185185
"2026-06-02 19:28:22","KOSPI기온분석","15~22도",41,0.14292682926829267
"2026-06-02 19:28:22","KOSPI기온분석","22~28도",43,0.3425581395348838
"2026-06-02 19:28:22","KOSPI기온분석","28도↑",30,0.09466666666666662
"2026-06-02 19:28:22","KOSPI기온분석","5도↓",60,0.38716666666666655
"2026-06-02 19:28:22","KOSPI기온분석","5~15도",54,0.1935185185185185
"2026-06-02 19:28:22","KOSPI기온분석","15~22도",41,0.14292682926829267
"2026-06-02 19:28:22","KOSPI기온분석","22~28도",43,0.3425581395348838
"2026-06-02 19:28:22","KOSPI기온분석","28도↑",30,0.09466666666666662
"2026-06-02 19:28:22","KOSPI기온분석","5도↓",61,0.3763934426229507
"2026-06-02 19:28:22","KOSPI기온분석","5~15도",54,0.1935185185185185
"2026-06-02 19:28:22","KOSPI기온분석","15~22도",41,0.14292682926829267
"2026-06-02 19:28:22","KOSPI기온분석","22~28도",43,0.3425581395348838
"2026-06-02 19:28:22","KOSPI기온분석","28도↑",30,0.09466666666666662
"2026-06-02 19:28:22","KOSPI기온분석","5도↓",62,0.36693548387096764
"2026-06-02 19:28:22","KOSPI기온분석","5~15도",54,0.1935185185185185
"2026-06-02 19:28:22","KOSPI기온분석","15~22도",41,0.14292682926829267
"2026-06-02 19:28:22","KOSPI기온분석","22~28도",43,0.3425581395348838
"2026-06-02 19:28:22","KOSPI기온분석","28도↑",30,0.09466666666666662
"2026-06-02 19:28:22","KOSPI기온분석","5도↓",63,0.35174603174603164
"2026-06-02 19:28:22","KOSPI기온분석","5~15도",54,0.1935185185185185
"2026-06-02 19:28:22","KOSPI기온분석","15~22도",41,0.14292682926829267
"2026-06-02 19:28:22","KOSPI기온분석","22~28도",43,0.3425581395348838
"2026-06-02 19:28:22","KOSPI기온분석","28도↑",30,0.09466666666666662
"2026-06-02 19:28:22","KOSPI기온분석","5도↓",63,0.35174603174603164
"2026-06-02 19:28:22","KOSPI기온분석","5~15도",55,0.21509090909090905
"2026-06-02 19:28:22","KOSPI기온분석","15~22도",41,0.14292682926829267
"2026-06-02 19:28:22","KOSPI기온분석","22~28도",43,0.3425581395348838
"2026-06-02 19:28:22","KOSPI기온분석","28도↑",30,0.09466666666666662
"2026-06-02 19:28:22","KOSPI기온분석","5도↓",63,0.35174603174603164
"2026-06-02 19:28:22","KOSPI기온분석","5~15도",56,0.1783928571428571
"2026-06-02 19:28:22","KOSPI기온분석","15~22도",41,0.14292682926829267
"2026-06-02 19:28:22","KOSPI기온분석","22~28도",43,0.3425581395348838
"2026-06-02 19:28:22","KOSPI기온분석","28도↑",30,0.09466666666666662
"2026-06-02 19:28:23","KOSPI기온분석","5도↓",63,0.35174603174603164
"2026-06-02 19:28:23","KOSPI기온분석","5~15도",57,0.13596491228070173
"2026-06-02 19:28:23","KOSPI기온분석","15~22도",41,0.14292682926829267
"2026-06-02 19:28:23","KOSPI기온분석","22~28도",43,0.3425581395348838
"2026-06-02 19:28:23","KOSPI기온분석","28도↑",30,0.09466666666666662
"2026-06-02 19:28:23","KOSPI기온분석","5도↓",63,0.35174603174603164
"2026-06-02 19:28:23","KOSPI기온분석","5~15도",58,0.1582758620689655
"2026-06-02 19:28:23","KOSPI기온분석","15~22도",41,0.14292682926829267
"2026-06-02 19:28:23","KOSPI기온분석","22~28도",43,0.3425581395348838
"2026-06-02 19:28:23","KOSPI기온분석","28도↑",30,0.09466666666666662
"2026-06-02 19:28:23","KOSPI기온분석","5도↓",63,0.35174603174603164
"2026-06-02 19:28:23","KOSPI기온분석","5~15도",59,0.1296610169491525
"2026-06-02 19:28:23","KOSPI기온분석","15~22도",41,0.14292682926829267
"2026-06-02 19:28:23","KOSPI기온분석","22~28도",43,0.3425581395348838
"2026-06-02 19:28:23","KOSPI기온분석","28도↑",30,0.09466666666666662
"2026-06-02 19:28:23","KOSPI기온분석","5도↓",63,0.35174603174603164
"2026-06-02 19:28:23","KOSPI기온분석","5~15도",60,0.13833333333333328
"2026-06-02 19:28:23","KOSPI기온분석","15~22도",41,0.14292682926829267
"2026-06-02 19:28:23","KOSPI기온분석","22~28도",43,0.3425581395348838
"2026-06-02 19:28:23","KOSPI기온분석","28도↑",30,0.09466666666666662
"2026-06-02 19:28:23","KOSPI기온분석","5도↓",63,0.35174603174603164
"2026-06-02 19:28:23","KOSPI기온분석","5~15도",61,0.17081967213114752
"2026-06-02 19:28:23","KOSPI기온분석","15~22도",41,0.14292682926829267
"2026-06-02 19:28:23","KOSPI기온분석","22~28도",43,0.3425581395348838
"2026-06-02 19:28:23","KOSPI기온분석","28도↑",30,0.09466666666666662
"2026-06-02 19:28:23","KOSPI기온분석","5도↓",63,0.35174603174603164
"2026-06-02 19:28:23","KOSPI기온분석","5~15도",62,0.1725806451612903
"2026-06-02 19:28:23","KOSPI기온분석","15~22도",41,0.14292682926829267
"2026-06-02 19:28:23","KOSPI기온분석","22~28도",43,0.3425581395348838
"2026-06-02 19:28:23","KOSPI기온분석","28도↑",30,0.09466666666666662
"2026-06-02 19:28:23","KOSPI기온분석","5도↓",63,0.35174603174603164
"2026-06-02 19:28:23","KOSPI기온분석","5~15도",63,0.16650793650793647
"2026-06-02 19:28:23","KOSPI기온분석","15~22도",41,0.14292682926829267
"2026-06-02 19:28:23","KOSPI기온분석","22~28도",43,0.3425581395348838
"2026-06-02 19:28:23","KOSPI기온분석","28도↑",30,0.09466666666666662
"2026-06-02 19:28:23","KOSPI기온분석","5도↓",63,0.35174603174603164
"2026-06-02 19:28:23","KOSPI기온분석","5~15도",64,0.17187499999999994
"2026-06-02 19:28:23","KOSPI기온분석","15~22도",41,0.14292682926829267
"2026-06-02 19:28:23","KOSPI기온분석","22~28도",43,0.3425581395348838
"2026-06-02 19:28:23","KOSPI기온분석","28도↑",30,0.09466666666666662
"2026-06-02 19:28:23","KOSPI기온분석","5도↓",63,0.35174603174603164
"2026-06-02 19:28:23","KOSPI기온분석","5~15도",65,0.20307692307692302
"2026-06-02 19:28:23","KOSPI기온분석","15~22도",41,0.14292682926829267
"2026-06-02 19:28:23","KOSPI기온분석","22~28도",43,0.3425581395348838
"2026-06-02 19:28:23","KOSPI기온분석","28도↑",30,0.09466666666666662
"2026-06-02 19:28:23","KOSPI기온분석","5도↓",63,0.35174603174603164
"2026-06-02 19:28:23","KOSPI기온분석","5~15도",65,0.20307692307692302
"2026-06-02 19:28:23","KOSPI기온분석","15~22도",42,0.13595238095238094
"2026-06-02 19:28:23","KOSPI기온분석","22~28도",43,0.3425581395348838
"2026-06-02 19:28:23","KOSPI기온분석","28도↑",30,0.09466666666666662
"2026-06-02 19:30:34","KOSPI기온분석_최종","5도↓",63,0.35174603174603164
"2026-06-02 19:30:34","KOSPI기온분석_최종","5~15도",65,0.20307692307692302
"2026-06-02 19:30:34","KOSPI기온분석_최종","15~22도",42,0.13595238095238094
"2026-06-02 19:30:34","KOSPI기온분석_최종","22~28도",43,0.3425581395348838
"2026-06-02 19:30:34","KOSPI기온분석_최종","28도↑",30,0.09466666666666662
"2026-06-02 19:53:29","KOSPI기온분석","5도↓",63,0.35174603174603164
"2026-06-02 19:53:29","KOSPI기온분석","5~15도",65,0.20307692307692302
"2026-06-02 19:53:29","KOSPI기온분석","15~22도",42,0.13595238095238094
"2026-06-02 19:53:29","KOSPI기온분석","22~28도",43,0.3425581395348838
"2026-06-02 19:53:29","KOSPI기온분석","28도↑",30,0.09466666666666662
"2026-06-02 19:58:18","KOSPI날씨분석","편의점·간편식",32,0.3265625
"2026-06-02 19:58:18","KOSPI날씨분석","여행·소비",106,0.17424528301886794
"2026-06-02 19:58:18","KOSPI날씨분석","공기청정·위생",18,-0.13944444444444454
"2026-06-02 19:58:18","KOSPI날씨분석","냉방·여름소비",36,0.26194444444444437
"2026-06-02 19:58:18","KOSPI날씨분석","난방·겨울소비",51,0.4470588235294116
"2026-06-02 20:03:42","KOSPI기온분석","5도↓",63,0.35174603174603164
"2026-06-02 20:03:42","KOSPI기온분석","5~15도",65,0.20307692307692302
"2026-06-02 20:03:42","KOSPI기온분석","15~22도",42,0.13595238095238094
"2026-06-02 20:03:42","KOSPI기온분석","22~28도",43,0.3425581395348838
"2026-06-02 20:03:42","KOSPI기온분석","28도↑",30,0.09466666666666662
"2026-06-02 20:05:40","KOSPI날씨분석","편의점·간편식",32,0.3265625
"2026-06-02 20:05:40","KOSPI날씨분석","여행·소비",106,0.17424528301886794
"2026-06-02 20:05:40","KOSPI날씨분석","공기청정·위생",18,-0.13944444444444454
"2026-06-02 20:05:40","KOSPI날씨분석","냉방·여름소비",36,0.26194444444444437
"2026-06-02 20:05:40","KOSPI날씨분석","난방·겨울소비",51,0.4470588235294116
"2026-06-02 20:28:24","KOSPI날씨분석","편의점·간편식",34,0.30617647058823527
"2026-06-02 20:28:24","KOSPI날씨분석","여행·소비",111,0.07243243243243244
"2026-06-02 20:28:24","KOSPI날씨분석","공기청정·위생",11,-0.16272727272727272
"2026-06-02 20:28:24","KOSPI날씨분석","냉방·여름소비",40,0.6185
"2026-06-02 20:28:24","KOSPI날씨분석","난방·겨울소비",47,0.36680851063829784
"2026-06-02 20:29:51","KOSPI기온분석","5도↓",54,0.27851851851851844
"2026-06-02 20:29:51","KOSPI기온분석","5~15도",60,0.3518333333333334
"2026-06-02 20:29:51","KOSPI기온분석","15~22도",55,-0.08672727272727272
"2026-06-02 20:29:51","KOSPI기온분석","22~28도",47,0.22297872340425526
"2026-06-02 20:29:51","KOSPI기온분석","28도↑",27,0.6214814814814814
"2026-06-02 20:30:30","KOSPI날씨분석","편의점·간편식",34,0.30617647058823527
"2026-06-02 20:30:30","KOSPI날씨분석","여행·소비",111,0.07243243243243244
"2026-06-02 20:30:30","KOSPI날씨분석","공기청정·위생",11,-0.16272727272727272
"2026-06-02 20:30:30","KOSPI날씨분석","냉방·여름소비",40,0.6185
"2026-06-02 20:30:30","KOSPI날씨분석","난방·겨울소비",47,0.36680851063829784
"2026-06-02 20:31:19","KOSPI날씨분석","편의점·간편식",32,0.3265625
"2026-06-02 20:31:19","KOSPI날씨분석","여행·소비",106,0.17424528301886794
"2026-06-02 20:31:19","KOSPI날씨분석","공기청정·위생",18,-0.13944444444444454
"2026-06-02 20:31:19","KOSPI날씨분석","냉방·여름소비",36,0.26194444444444437
"2026-06-02 20:31:19","KOSPI날씨분석","난방·겨울소비",51,0.4470588235294116
"2026-06-02 20:50:12","KOSPI날씨분석","편의점·간편식",34,0.30617647058823527
"2026-06-02 20:50:12","KOSPI날씨분석","여행·소비",111,0.07243243243243244
"2026-06-02 20:50:12","KOSPI날씨분석","공기청정·위생",11,-0.16272727272727272
"2026-06-02 20:50:12","KOSPI날씨분석","냉방·여름소비",40,0.6185
"2026-06-02 20:50:12","KOSPI날씨분석","난방·겨울소비",47,0.36680851063829784
"2026-06-02 20:51:08","KOSPI날씨분석","편의점·간편식",32,0.3265625
"2026-06-02 20:51:08","KOSPI날씨분석","여행·소비",106,0.17424528301886794
"2026-06-02 20:51:08","KOSPI날씨분석","공기청정·위생",18,-0.13944444444444454
"2026-06-02 20:51:08","KOSPI날씨분석","냉방·여름소비",36,0.26194444444444437
"2026-06-02 20:51:08","KOSPI날씨분석","난방·겨울소비",51,0.4470588235294116
"2026-06-02 20:55:17","KOSPI기온분석","5도↓",63,0.35174603174603164
"2026-06-02 20:55:17","KOSPI기온분석","5~15도",65,0.20307692307692302
"2026-06-02 20:55:17","KOSPI기온분석","15~22도",42,0.13595238095238094
"2026-06-02 20:55:17","KOSPI기온분석","22~28도",43,0.3425581395348838
"2026-06-02 20:55:17","KOSPI기온분석","28도↑",30,0.09466666666666662
"2026-06-02 20:55:56","KOSPI기온분석","5도↓",54,0.27851851851851844
"2026-06-02 20:55:56","KOSPI기온분석","5~15도",60,0.3518333333333334
"2026-06-02 20:55:56","KOSPI기온분석","15~22도",55,-0.08672727272727272
"2026-06-02 20:55:56","KOSPI기온분석","22~28도",47,0.22297872340425526
"2026-06-02 20:55:56","KOSPI기온분석","28도↑",27,0.6214814814814814
"2026-06-02 22:54:07","KOSPI날씨분석","편의점·간편식",34,0.30617647058823527
"2026-06-02 22:54:07","KOSPI날씨분석","여행·소비",111,0.07243243243243244
"2026-06-02 22:54:07","KOSPI날씨분석","공기청정·위생",11,-0.16272727272727272
"2026-06-02 22:54:07","KOSPI날씨분석","냉방·여름소비",40,0.6185
"2026-06-02 22:54:07","KOSPI날씨분석","난방·겨울소비",47,0.36680851063829784
"2026-06-02 23:36:08","KOSPI날씨분석","편의점·간편식",34,0.30617647058823527
"2026-06-02 23:36:08","KOSPI날씨분석","여행·소비",111,0.07243243243243244
"2026-06-02 23:36:08","KOSPI날씨분석","공기청정·위생",11,-0.16272727272727272
"2026-06-02 23:36:08","KOSPI날씨분석","냉방·여름소비",40,0.6185
"2026-06-02 23:36:08","KOSPI날씨분석","난방·겨울소비",47,0.36680851063829784
"2026-06-03 01:46:59","KOSPI날씨분석","편의점·간편식",34,0.30617647058823527
"2026-06-03 01:46:59","KOSPI날씨분석","여행·소비",111,0.07243243243243244
"2026-06-03 01:46:59","KOSPI날씨분석","공기청정·위생",11,-0.16272727272727272
"2026-06-03 01:46:59","KOSPI날씨분석","냉방·여름소비",40,0.6185
"2026-06-03 01:46:59","KOSPI날씨분석","난방·겨울소비",47,0.36680851063829784
"2026-06-03 01:49:41","KOSPI날씨분석","편의점·간편식",32,0.3265625
"2026-06-03 01:49:41","KOSPI날씨분석","여행·소비",106,0.17424528301886794
"2026-06-03 01:49:41","KOSPI날씨분석","공기청정·위생",18,-0.13944444444444454
"2026-06-03 01:49:41","KOSPI날씨분석","냉방·여름소비",36,0.26194444444444437
"2026-06-03 01:49:41","KOSPI날씨분석","난방·겨울소비",51,0.4470588235294116
"2026-06-03 01:57:47","KOSPI날씨분석","편의점·간편식",34,0.30617647058823527
"2026-06-03 01:57:47","KOSPI날씨분석","여행·소비",111,0.07243243243243244
"2026-06-03 01:57:47","KOSPI날씨분석","공기청정·위생",11,-0.16272727272727272
"2026-06-03 01:57:47","KOSPI날씨분석","냉방·여름소비",40,0.6185
"2026-06-03 01:57:47","KOSPI날씨분석","난방·겨울소비",47,0.36680851063829784
"2026-06-03 01:58:14","KOSPI날씨분석","편의점·간편식",32,0.3265625
"2026-06-03 01:58:14","KOSPI날씨분석","여행·소비",106,0.17424528301886794
"2026-06-03 01:58:14","KOSPI날씨분석","공기청정·위생",18,-0.13944444444444454
"2026-06-03 01:58:14","KOSPI날씨분석","냉방·여름소비",36,0.26194444444444437
"2026-06-03 01:58:14","KOSPI날씨분석","난방·겨울소비",51,0.4470588235294116
"2026-06-03 15:06:01","KOSPI기온분석","5도↓",54,0.27851851851851844
"2026-06-03 15:06:01","KOSPI기온분석","5~15도",60,0.3518333333333334
"2026-06-03 15:06:01","KOSPI기온분석","15~22도",55,-0.08672727272727272
"2026-06-03 15:06:01","KOSPI기온분석","22~28도",47,0.22297872340425526
"2026-06-03 15:06:01","KOSPI기온분석","28도↑",27,0.6214814814814814
"2026-06-03 15:06:31","KOSPI기온분석","5도↓",63,0.35174603174603164
"2026-06-03 15:06:31","KOSPI기온분석","5~15도",65,0.20307692307692302
"2026-06-03 15:06:31","KOSPI기온분석","15~22도",42,0.13595238095238094
"2026-06-03 15:06:31","KOSPI기온분석","22~28도",43,0.3425581395348838
"2026-06-03 15:06:31","KOSPI기온분석","28도↑",30,0.09466666666666662
"2026-06-03 15:07:16","KOSPI날씨분석","편의점·간편식",32,0.3265625
"2026-06-03 15:07:16","KOSPI날씨분석","여행·소비",106,0.17424528301886794
"2026-06-03 15:07:16","KOSPI날씨분석","공기청정·위생",18,-0.13944444444444454
"2026-06-03 15:07:16","KOSPI날씨분석","냉방·여름소비",36,0.26194444444444437
"2026-06-03 15:07:16","KOSPI날씨분석","난방·겨울소비",51,0.4470588235294116
"2026-06-03 16:51:15","KOSPI날씨분석","편의점·간편식",32,0.3265625
"2026-06-03 16:51:15","KOSPI날씨분석","여행·소비",106,0.17424528301886794
"2026-06-03 16:51:15","KOSPI날씨분석","공기청정·위생",18,-0.13944444444444454
"2026-06-03 16:51:15","KOSPI날씨분석","냉방·여름소비",36,0.26194444444444437
"2026-06-03 16:51:15","KOSPI날씨분석","난방·겨울소비",51,0.4470588235294116
"2026-06-03 16:53:43","KOSPI날씨분석","편의점·간편식",32,0.3265625
"2026-06-03 16:53:43","KOSPI날씨분석","여행·소비",106,0.17424528301886794
"2026-06-03 16:53:43","KOSPI날씨분석","공기청정·위생",18,-0.13944444444444454
"2026-06-03 16:53:43","KOSPI날씨분석","냉방·여름소비",36,0.26194444444444437
"2026-06-03 16:53:43","KOSPI날씨분석","난방·겨울소비",51,0.4470588235294116
"2026-06-03 16:55:08","KOSPI날씨분석","편의점·간편식",32,0.3265625
"2026-06-03 16:55:08","KOSPI날씨분석","여행·소비",106,0.17424528301886794
"2026-06-03 16:55:08","KOSPI날씨분석","공기청정·위생",18,-0.13944444444444454
"2026-06-03 16:55:08","KOSPI날씨분석","냉방·여름소비",36,0.26194444444444437
"2026-06-03 16:55:08","KOSPI날씨분석","난방·겨울소비",51,0.4470588235294116
